ACTIVE,BKCLASS,ROA,REPDTE,ROE,ASSET,NETINC,DEP,NAME,CITY,CERT,STALP,STNUM,SPECGRP,ID
1,NM,0.33056116693338927,06/30/2026,3.45,276713,441,226157,Ergo Bank,Markesan,10004,WI,55,2,10004
1,NM,1.4738793024623666,06/30/2026,22.94,523354,3788,406072,Woodford State Bank,Monroe,10011,WI,55,4,10011
1,NM,1.364777095806976,06/30/2026,10.91,210076,1452,173531,The Portage County Bank,Almond,10012,WI,55,4,10012
1,NM,1.7367390927334438,06/30/2026,14.79,253823,2103,216355,Security Bank,New Auburn,10015,WI,55,4,10015
1,N,1.6928176537776514,06/30/2026,8.8,2890553,24669,2257154,National Exchange Bank and Trust,Fond Du Lac,10044,WI,55,4,10044
1,SM,1.097101115280546,06/30/2026,12.97,2170035,11949,1845402,Isabella Bank,Mount Pleasant,1005,MI,26,4,1005
1,NM,0.9430701379940793,06/30/2026,10,347211,1587,312900,First Southern Bank,Waycross,10055,GA,13,4,10055
1,NM,0.45955271765252975,06/30/2026,2.89,85210,196,71354,Bank of Hancock County,Sparta,10057,GA,13,7,10057
1,NM,0.6598649578690873,06/30/2026,8.04,139170,473,117271,Planters and Citizens Bank,Camilla,10072,GA,13,2,10072
1,NM,0.5475633878798777,06/30/2026,6.98,72628,203,66499,Apex Banking Company of Georgia,Cleveland,10074,GA,13,4,10074
1,NM,1.3090483260492252,06/30/2026,11.61,49505,313,43729,Peoples State Bank of Colfax,Colfax,10075,IL,17,2,10075
1,NM,1.1762420303420993,06/30/2026,3.98,37772,222,26350,Farmers State Bank of Emden,Emden,10077,IL,17,2,10077
1,SM,0.670804863641845,06/30/2026,5.73,175994,547,144907,Bank Michigan,Brooklyn,1008,MI,26,4,1008
1,NM,1.465778364966326,06/30/2026,13.5,499218,3639,440430,The Napoleon State Bank,Napoleon,10101,IN,18,2,10101
1,NM,1.3886782392120351,06/30/2026,11.47,499085,3403,417632,Ohnward Bank & Trust,Cascade,10111,IA,19,2,10111
1,NM,1.7996784103180654,06/30/2026,15.86,298210,2647,254413,Leighton State Bank,Pella,10118,IA,19,2,10118
1,NM,-1.015042750674409,06/30/2026,-8.24,27845,-148,23190,American Trust and Savings Bank,Lowden,10120,IA,19,2,10120
1,NM,1.5931345822519791,06/30/2026,8.36,186216,1461,149506,Liberty Trust & Savings Bank,Durant,10121,IA,19,2,10121
1,NM,1.3308502147390826,06/30/2026,19.48,212740,1459,192205,Farmers Savings Bank & Trust,Traer,10122,IA,19,2,10122
1,NM,1.0151026987509963,06/30/2026,13.41,165860,847,151311,Citizens Savings Bank,Anamosa,10125,IA,19,2,10125
1,NM,1.6733749096967283,06/30/2026,13.89,277125,2270,236492,Success Bank,Bloomfield,10127,IA,19,2,10127
1,NM,1.9749574303670219,06/30/2026,19.16,145975,1444,117488,Exchange State Bank,Ames,10132,IA,19,2,10132
1,NM,0.9773310083085445,06/30/2026,9.51,242022,1191,215429,The Commercial Bank of Grayson,Grayson,10137,KY,21,4,10137
1,SM,1.2369799084900788,06/30/2026,10.68,4453559,27321,3608257,ChoiceOne Bank,Sparta,1014,MI,26,4,1014
1,NM,2.5082489793635707,06/30/2026,7.81,24146,299,16114,Hart County Bank and Trust Company,Munfordville,10145,KY,21,4,10145
1,NM,0.8956871107235497,06/30/2026,11.05,396973,1753,339485,The Shelby State Bank,Shelby,10157,MI,26,4,10157
1,NM,1.7731147577332125,06/30/2026,21.72,499011,4265,455450,First State Bank and Trust,Bayport,10159,MN,27,4,10159
1,N,1.2321730806865385,06/30/2026,5.42,911924,5016,675827,VersaBank USA National Association,Holdingford,10160,MN,27,4,10160
1,NM,1.9414749218355083,06/30/2026,17.64,105928,1037,92489,First State Bank Minnesota,Le Roy,10162,MN,27,2,10162
1,NM,2.3689567248287635,06/30/2026,22.08,232507,2764,206078,Security State Bank of Marine,Marine On St. Croix,10163,MN,27,4,10163
1,NM,1.7353321348448156,06/30/2026,24.32,336232,2920,308463,Farmers and Merchants State Bank of Pierz,Pierz,10165,MN,27,2,10165
1,NM,1.542659396556117,06/30/2026,12.99,290907,2220,247968,Citizens State Bank of Roseau,Roseau,10167,MN,27,8,10167
1,NM,1.3598050132553754,06/30/2026,14.72,486424,3287,436807,First Farmers & Merchants Bank,Cannon Falls,10168,MN,27,2,10168
1,NM,2.0136374560988655,06/30/2026,23.58,351059,3463,289542,Sherburne Bank,Becker,10169,MN,27,4,10169
1,NM,1.6641122376797928,06/30/2026,21.32,113771,941,103864,Farmers State Bank of Underwood,Underwood,10174,MN,27,4,10174
1,NM,1.073414521803176,06/30/2026,11.6,151939,804,129915,Security State Bank of Hibbing,Hibbing,10175,MN,27,4,10175
1,NM,1.3145228215767635,06/30/2026,12.13,107198,726,94646,Produce State Bank,Hollandale,10178,MN,27,2,10178
1,NM,1.8961566728632573,06/30/2026,15.97,75976,731,66432,Elysian Bank,Elysian,10185,MN,27,4,10185
1,NM,1.5543845494427915,06/30/2026,10.26,50574,411,42292,The Northern State Bank of Gonvick,Gonvick,10187,MN,27,2,10187
1,NM,2.9921696823099824,06/30/2026,25.22,308261,4511,262854,PrinsBank,Prinsburg,10191,MN,27,4,10191
1,NM,0.9172764497525578,06/30/2026,11.27,185324,852,169789,Pine River State Bank,Pine River,10194,MN,27,8,10194
1,NM,1.837452677467464,06/30/2026,20.77,105716,961,90803,Hometown Community Bank,Cyrus,10197,MN,27,4,10197
1,NM,2.240642177820434,06/30/2026,16.27,37083,428,31248,State Bank of Jeffers,Jeffers,10200,MN,27,2,10200
1,NM,1.2824533890921763,06/30/2026,13.44,84059,552,69561,Lowry State Bank,Lowry,10202,MN,27,4,10202
1,NM,1.304640891164628,06/30/2026,10.18,219988,1471,156830,Commerce Bank,Geneva,10212,MN,27,4,10212
1,NM,2.556247008137865,06/30/2026,19.79,931375,11926,806603,Vermillion State Bank,Vermillion,10214,MN,27,8,10214
1,NM,1.2103469369920474,06/30/2026,23.81,329024,1939,297385,Citizens Bank & Trust Co.,Hutchinson,10218,MN,27,8,10218
1,N,1.034236386848917,06/30/2026,11.58,332461,1766,275959,"Clare Bank, National Association",Platteville,1022,WI,55,2,1022
1,NM,1.2010620868877464,06/30/2026,10.83,173430,1063,147296,The Goose River Bank,Mayville,10236,ND,38,2,10236
1,NM,2.2895376926972215,06/30/2026,36,123534,1379,110109,First State Bank of Golva,Golva,10243,ND,38,2,10243
1,NM,1.2187738959675438,06/30/2026,14.47,6175429,37344,5461696,First International Bank & Trust,Watford City,10248,ND,38,4,10248
1,NM,1.5825326471725614,06/30/2026,17.98,209958,1596,184382,Peoples State Bank of Velva,Velva,10250,ND,38,2,10250
1,NM,0.7757054868416859,06/30/2026,6.79,75179,284,66518,First Security Bank - West,Beulah,10253,ND,38,7,10253
1,NM,1.4442946115611996,06/30/2026,21.26,843865,6121,781790,The Old Fort Banking Company,Old Fort,10255,OH,39,4,10255
1,NM,1.457507449281594,06/30/2026,11.96,334640,2418,291041,The Citizens Bank Company,Beverly,10266,OH,39,4,10266
1,SM,2.369958521577108,06/30/2026,29.32,1363808,12853,1203834,Fm Bank And Trust,Blytheville,1027,AR,5,2,1027
1,SM,1.4067052424214148,06/30/2026,21.28,263592,1784,222146,FBT Bank & Mortgage,Fordyce,1028,AR,5,4,1028
1,NM,1.4699635472749364,06/30/2026,10.19,136381,992,116464,The Farmers and Merchants Bank,Caldwell,10280,OH,39,8,10280
1,NM,2.072669983940856,06/30/2026,18.04,2284013,23806,1993719,Builtwell Bank,Chattanooga,10307,TN,47,4,10307
1,SM,0.98297165437406,06/30/2026,10.77,1139937,5500,987708,The Bank of Fayette County,Piperton,10308,TN,47,4,10308
1,SM,1.023970894580876,06/30/2026,13.36,134554,698,123172,Bank of Halls,Halls,10315,TN,47,2,10315
1,NM,1.1108267212695164,06/30/2026,10.4,273206,1519,242384,Citizens Bank and Trust Company of Grainger County,Rutledge,10317,TN,47,8,10317
1,NM,0.22194568795082717,06/30/2026,2.35,188060,206,156454,Citizens Savings Bank and Trust Company,Nashville,10319,TN,47,4,10319
1,NM,0.46909080044220025,06/30/2026,2.35,73820,157,55417,Citizens State Bank of Luling,Luling,10327,TX,48,4,10327
1,NM,1.5707403444548846,06/30/2026,15.9,126580,964,114289,Commercial State Bank,Palmer,10330,TX,48,7,10330
1,NM,2.0150757130211105,06/30/2026,14.03,770133,7732,651422,Schertz Bank & Trust,Schertz,10344,TX,48,4,10344
1,NM,1.3609466381896145,06/30/2026,16.12,181200,1250,149748,Peoples State Bank,Shepherd,10345,TX,48,4,10345
1,SM,2.486649062770127,06/30/2026,23.8,57480,700,50972,Crowell State Bank,Crowell,10352,TX,48,2,10352
1,NM,1.267937151034326,06/30/2026,11.04,2787917,17588,2380827,Citizens and Farmers Bank,West Point,10363,VA,51,4,10363
1,NM,1.6358972441629673,06/30/2026,16.63,823152,6709,647440,The Bank of New Glarus,New Glarus,10378,WI,55,4,10378
1,NM,1.3853369068786658,06/30/2026,13.11,440178,3010,388370,Oostburg State Bank,Oostburg,10380,WI,55,4,10380
1,NM,1.1019578883731962,06/30/2026,11.77,175072,960,149404,Farmers & Merchants Bank & Trust,Marinette,10382,WI,55,4,10382
1,SM,1.2485739233519653,06/30/2026,13.82,512060,3265,439014,State Bank Financial,La Crosse,10383,WI,55,4,10383
1,NM,1.158494816581208,06/30/2026,10.56,345491,2021,301165,Waumandee State Bank,Waumandee,10384,WI,55,8,10384
1,SM,1.221406662866789,06/30/2026,13.18,6691838,40172,5721115,Midland States Bank,Effingham,1040,IL,17,4,1040
1,NM,0.7766661212277052,06/30/2026,3.98,116597,443,93109,The Farmers State Bank of Brush,Brush,10407,CO,8,2,10407
1,NM,1.0024393525234627,06/30/2026,8.73,312701,1602,270844,State Bank of Graymont,Graymont,10434,IL,17,2,10434
1,NM,1.2130038120529405,06/30/2026,9.92,78431,472,68409,First State Bank of Olmsted,Olmsted,10437,IL,17,8,10437
1,NM,1.0645014598010978,06/30/2026,9.52,253907,1346,223647,Raritan State Bank,Raritan,10438,IL,17,2,10438
1,NM,2.2031176064543376,06/30/2026,21.11,196113,2165,174900,"Frederick Community Bank, The",Paxton,10446,IL,17,2,10446
1,NM,1.408457829740518,06/30/2026,17.03,130200,928,117914,Farmers State Bank & Trust Co.,Mount Sterling,10458,IL,17,4,10458
1,NM,3.1851557148002625,06/30/2026,21.97,279253,4510,237030,Town & Country Bank Midwest,Quincy,10460,IL,17,4,10460
1,NM,1.2015356211353045,06/30/2026,8.37,140099,820,119211,Federated Bank,Onarga,10464,IL,17,2,10464
1,NM,1.9275333794688492,06/30/2026,10.62,51998,506,42135,Farmers & Merchants Bank of Hutsonville,Hutsonville,10469,IL,17,8,10469
1,NM,1.130863796100599,06/30/2026,10.7,641344,3617,540496,Bank & Trust Company,Litchfield,1047,IL,17,2,1047
1,SM,-0.6533005669237695,06/30/2026,-5.76,53079,-179,37639,Camp Grove State Bank,Camp Grove,10471,IL,17,5,10471
1,NM,1.4666231025964391,06/30/2026,16.54,221909,1601,194346,Ipava State Bank,Lewistown,10473,IL,17,2,10473
1,NM,1.7254073045241778,06/30/2026,17.57,453297,4027,407476,Citizens State Bank,Lena,10474,IL,17,2,10474
1,N,1.9197482675955873,06/30/2026,17.35,274522,2660,229005,First National Bank of Steeleville,Steeleville,1049,IL,17,8,1049
1,NM,1.0018022698858562,06/30/2026,7.24,122497,617,102707,Farmers and Merchants Savings Bank,Iowa City,10492,IA,19,4,10492
1,NM,1.2981456299747958,06/30/2026,11.28,195476,1249,165669,Mount Vernon Bank and Trust Company,Mount Vernon,10494,IA,19,8,10494
1,NM,1.4665911664779163,06/30/2026,12.7,213339,1554,187476,Iowa State Bank,Sac City,10497,IA,19,2,10497
1,SM,0.781328991454541,06/30/2026,12.97,194374,747,171866,Bank of Cave City,Cave City,105,AR,5,2,105
1,NM,0.6498509194965281,06/30/2026,6,130508,433,111012,Farmers Savings Bank,Wever,10500,IA,19,2,10500
1,SM,1.2644640771889264,06/30/2026,11.33,84258,536,74076,The First State Bank,Ness City,10503,KS,20,2,10503
1,NM,1.3974013238538858,06/30/2026,16.2,208382,1444,187938,The Kansas State Bank,Ottawa,10505,KS,20,7,10505
1,NM,2.145630376966864,06/30/2026,26.33,228592,2462,181886,The Citizens Bank,Morehead,10520,KY,21,8,10520
1,NM,0.32079805918915766,06/30/2026,3.77,377875,614,331998,Bank of Commerce & Trust Co.,Crowley,10523,LA,22,2,10523
1,NM,2.3493821941390824,06/30/2026,24.64,212526,2436,191275,"Exchange Bank and Trust Company, Natchitoches, Louisiana",Natchitoches,10528,LA,22,5,10528
1,NM,0.48339579533839705,06/30/2026,3.91,243271,603,209776,Citizens Progressive Bank,Winnsboro,10531,LA,22,2,10531
1,NM,1.603076718531872,06/30/2026,15.25,350865,2733,313125,CLB The Community Bank,Jonesville,10532,LA,22,4,10532
1,NM,1.4848900175916802,06/30/2026,13.91,425687,3057,374806,Winnsboro State Bank & Trust Company,Winnsboro,10533,LA,22,2,10533
1,NM,2.0709295450949696,06/30/2026,17.67,242149,2487,206077,Arcadian Bank,Hartland,10561,MN,27,2,10561
1,NM,1.601570889454791,06/30/2026,21.04,56917,435,52497,United Minnesota Bank,New London,10567,MN,27,6,10567
1,NM,0.623396184313288,06/30/2026,5.7,47394,149,41169,Farmers and Merchants State Bank of Alpha,Alpha,10571,MN,27,2,10571
1,NM,1.5966260623835926,06/30/2026,21,158286,1243,116043,First Southeast Bank,Harmony,10576,MN,27,2,10576
1,SM,1.340760499646134,06/30/2026,10.84,3069248,20299,2523075,Midwest BankCentre,Lemay,1058,MO,29,4,1058
1,NM,0.9630607469086511,06/30/2026,8.7,302334,1391,267796,Bank of Franklin,Meadville,10594,MS,28,4,10594
1,NM,2.350731002909737,06/30/2026,27.64,258868,3074,234647,Community First Bank,Butler,10595,MO,29,2,10595
1,NM,0.7383053923605655,06/30/2026,7.52,224834,838,195761,TBO Bank,Orrick,10597,MO,29,4,10597
1,NM,2.0846626784085833,06/30/2026,20.11,1233304,12992,1081859,Wood & Huston Bank,Marshall,1060,MO,29,4,1060
1,NM,1.3386670884755132,06/30/2026,15.52,502638,3357,456613,UNICO Bank,Mineral Point,10608,MO,29,4,10608
1,NM,0.8970392753754999,06/30/2026,8.88,1912499,7611,1447472,BTC Bank,Bethany,10618,MO,29,2,10618
1,NM,1.5946390254789242,06/30/2026,15.75,1759840,14576,1520928,Hawthorn Bank,Jefferson City,10619,MO,29,4,10619
1,NM,1.3202762962315293,06/30/2026,16.46,134274,906,122109,State Bank of Missouri,Concordia,10623,MO,29,8,10623
1,NM,1.2449984381740022,06/30/2026,27.21,134473,837,126220,Preferred Bank,Rothville,10628,MO,29,2,10628
1,NM,1.4871616545742359,06/30/2026,15.56,9177122,67301,8130562,Pinnacle Bank,Lincoln,10634,NE,31,4,10634
1,NM,1.0804321728691475,06/30/2026,12.23,19046,114,16492,The Bank of Steinauer,Steinauer,10635,NE,31,2,10635
1,NM,1.336118302439071,06/30/2026,11.8,137788,935,117715,First Central Bank,Cambridge,10637,NE,31,2,10637
1,NM,1.2742532296609945,06/30/2026,15.28,367668,2243,320816,Flatwater Bank,Gothenburg,10639,NE,31,2,10639
1,NM,1.9486858746526594,06/30/2026,20.29,593442,5629,506009,Riverstone Bank,Eagle,10641,NE,31,4,10641
1,NM,2.1354782835923727,06/30/2026,24.07,975648,9970,846893,Dundee Bank,Omaha,10643,NE,31,4,10643
1,SM,2.2753489849197415,06/30/2026,26,69664,812,61806,American Exchange Bank,Elmwood,10647,NE,31,2,10647
1,SM,0.788261715892856,06/30/2026,12.55,595104,2344,553145,The Andover Bank,Andover,10663,OH,39,5,10663
1,SM,1.2315788206432248,06/30/2026,17.55,2021750,12276,1645403,Mabrey Bank,Bixby,10667,OK,40,4,10667
1,NM,1.1332949286551008,06/30/2026,11.44,158375,882,142322,The Exchange Bank,Skiatook,10672,OK,40,7,10672
1,NM,2.6992411567314094,06/30/2026,23.38,180831,2385,156908,Bank of Hydro,Hydro,10674,OK,40,4,10674
1,NM,1.4125770324474427,06/30/2026,14.01,1005140,7058,834823,"Jonestown Bank and Trust Company, of Jonestown, Pennsylvania",Jonestown,10677,PA,42,4,10677
1,SM,2.2299333849365515,06/30/2026,15.29,1326197,15211,1115990,Cass Commercial Bank,Des Peres,1068,MO,29,4,1068
1,NM,1.6060483423780199,06/30/2026,16.61,1266788,10113,1121073,Central Penn Bank & Trust,Mifflinburg,10685,PA,42,4,10685
1,NM,0.4040226051276887,06/30/2026,5.59,51276,107,46930,The Merchants & Planters Bank,Clarendon,107,AR,5,2,107
1,SM,-0.4221105527638191,06/30/2026,-1.91,39554,-84,30590,Avana Bank,Abilene,10704,TX,48,4,10704
1,NM,2.555704791946485,06/30/2026,30.31,380663,4868,345437,Crossroads Bank,Yoakum,10709,TX,48,4,10709
1,NM,0.9750224495292061,06/30/2026,11.7,395637,1949,359078,Peoples State Bank of Hallettsville,Hallettsville,10719,TX,48,2,10719
1,SM,2.624818524517271,06/30/2026,15.16,915166,12249,707206,Lindell Bank & Trust Company,St. Louis,1073,MO,29,4,1073
1,NM,1.1955890887986071,06/30/2026,12.11,84207,515,72247,Independence State Bank,Independence,10741,WI,55,2,10741
1,SM,1.2647844223239688,06/30/2026,8.99,171877,1087,124486,Illini State Bank,Oglesby,10788,IL,17,2,10788
1,NM,1.4592835587604627,06/30/2026,9.98,310791,2222,210673,Community Bank,Winslow,10791,IL,17,2,10791
1,NM,1.6249347885277692,06/30/2026,12.51,160068,1303,136812,First State Bank of Campbell Hill,Campbell Hill,10799,IL,17,8,10799
1,NM,1.620221058500694,06/30/2026,12.71,30303,247,25262,Dewey Bank,Dewey,10803,IL,17,2,10803
1,SM,0.9168635915375025,06/30/2026,24.94,148246,657,136321,Du Quoin State Bank,Du Quoin,10804,IL,17,7,10804
1,NM,0.7077543848231428,06/30/2026,6.89,40045,145,35381,First State Bank of Van Orin,Van Orin,10809,IL,17,2,10809
1,NM,-3.372011026347843,06/30/2026,-38.67,15101,-263,13469,Grand Rivers Community Bank,Grand Chain,10816,IL,17,4,10816
1,NM,1.2290704574185394,06/30/2026,9.53,64345,397,55575,State Bank of Industry,Industry,10820,IL,17,2,10820
1,NM,1.498754196101218,06/30/2026,13.35,104300,791,91702,Clay County State Bank,Louisville,10821,IL,17,2,10821
1,NM,1.6907738968525154,06/30/2026,18.15,501622,4168,439757,"Petefish, Skiles & Co.",Virginia,10829,IL,17,2,10829
1,SM,1.7991730095816751,06/30/2026,11.87,337128,2974,285868,"The First Trust and Savings Bank of Watseka, Illinois",Watseka,10831,IL,17,2,10831
1,NM,1.429533329880354,06/30/2026,11.91,26224,184,22980,Campus State Bank,Campus,10840,IL,17,2,10840
1,NM,-0.4927427561458947,06/30/2026,-5.07,36211,-92,31800,Citizens Bank of Chatsworth,Chatsworth,10843,IL,17,4,10843
1,N,1.3548897547285295,06/30/2026,12.5,344036,2269,294206,Buena Vista National Bank,Chester,10844,IL,17,4,10844
1,NM,1.4031838647008763,06/30/2026,15.61,253333,1778,227793,The Clay City Banking Co.,Clay City,10845,IL,17,8,10845
1,NM,0.9825137509235695,06/30/2026,10.47,303479,1496,274253,Tompkins State Bank,Avon,10849,IL,17,2,10849
1,NM,1.2809278494365592,06/30/2026,13.54,232236,1530,207120,West Central Bank,Ashland,10853,IL,17,8,10853
1,NM,0.681647818888763,06/30/2026,6.9,185573,632,165916,State Bank of Bement,Bement,10855,IL,17,2,10855
1,NM,1.543307184931528,06/30/2026,9.11,108907,824,90314,Anderson State Bank,Oneida,10858,IL,17,2,10858
1,SM,1.713345123933284,06/30/2026,11.75,358995,3029,257040,The Bank of Versailles,Versailles,1086,MO,29,5,1086
1,NM,1.050629849230291,06/30/2026,10.6,206121,1093,183789,Murphy-Wall State Bank and Trust Company,Pinckneyville,10860,IL,17,4,10860
1,NM,2.7218458331359265,06/30/2026,17.53,112170,1532,93684,First State Bank of Beecher City,Beecher City,10871,IL,17,4,10871
1,NM,1.8858912531007812,06/30/2026,25.39,21654,204,19835,Chesterfield State Bank,Chesterfield,10872,IL,17,2,10872
1,NM,0.47498620473153336,06/30/2026,3.18,173623,406,144343,Waterman Bank,Waterman,10878,IL,17,4,10878
1,NM,1.6041338428909782,06/30/2026,15.36,229624,1814,202968,Eagle Valley Bank,Griggsville,10883,IL,17,2,10883
1,NM,1.96004441571376,06/30/2026,19.9,642942,6337,573594,Legence Bank,Eldorado,10886,IL,17,2,10886
1,NM,1.2008018195135113,06/30/2026,10.92,311503,1869,275520,Horatio State Bank,Horatio,109,AR,5,8,109
1,NM,1.4101319383563131,06/30/2026,10.87,371702,2595,303589,Upper Peninsula State Bank,Escanaba,1090,MI,26,4,1090
1,NM,0.8751851432909874,06/30/2026,9.16,557818,2463,465927,Central State Bank,State Center,10903,IA,19,4,10903
1,NM,0.9810148702161089,06/30/2026,9.69,115530,538,102630,The Baldwin State Bank,Baldwin City,10906,KS,20,8,10906
1,NM,1.047362686884139,06/30/2026,10.45,381435,2022,324643,Guaranty State Bank and Trust Company,Beloit,10907,KS,20,2,10907
1,NM,1.7871705978362602,06/30/2026,14.99,298344,2721,251658,Grant County Bank,Ulysses,10918,KS,20,8,10918
1,NM,1.5631915824068063,06/30/2026,9.48,128197,983,106655,The State Bank of Bern,Bern,10919,KS,20,2,10919
1,NM,1.2295153273777881,06/30/2026,12.41,173382,1060,145827,Baybank,Gladstone,1092,MI,26,4,1092
1,SM,2.174149546006109,06/30/2026,9.57,194786,2165,147155,The Fidelity State Bank and Trust Company,Dodge City,10920,KS,20,2,10920
1,NM,1.046683823846563,06/30/2026,9.44,134797,728,117572,The Miners State Bank,Iron River,10928,MI,26,4,10928
1,SM,2.040693232538502,06/30/2026,23.61,516761,5075,447412,Central Savings Bank,Sault Sainte Marie,1095,MI,26,4,1095
1,NM,1.565260086573246,06/30/2026,14.79,469656,3698,392512,Northview Bank,Sandstone,10956,MN,27,4,10956
1,NM,1.4453808585884471,06/30/2026,14.62,939274,6909,788398,United Prairie Bank,Mountain Lake,10958,MN,27,2,10958
1,NM,1.5400197011529335,06/30/2026,13.84,98822,740,84091,Janesville State Bank,Janesville,10960,MN,27,2,10960
1,SM,2.2249027237354086,06/30/2026,24.64,261065,2859,234060,Grand Rapids State Bank,Grand Rapids,10962,MN,27,4,10962
1,NM,1.8517360583837281,06/30/2026,21.81,152994,1382,139061,Lake Region Bank,New London,10965,MN,27,4,10965
1,N,1.060894258847483,06/30/2026,13.1,211091,1122,184449,"F & M Community Bank, National Association",Preston,10967,MN,27,2,10967
1,NM,1.5037323338447766,06/30/2026,8.89,76376,557,63249,Randall State Bank,Randall,10969,MN,27,4,10969
1,NM,0.996477774310045,06/30/2026,11.63,154468,745,131325,Prime Security Bank,Karlstad,10971,MN,27,4,10971
1,NM,1.0021551157256812,06/30/2026,9.73,755850,3810,657888,Alliance Bank,Lake City,10973,MN,27,4,10973
1,N,1.4085760414945145,06/30/2026,14,242596,1662,215511,Center National Bank,Litchfield,10976,MN,27,4,10976
1,NM,1.5420532854025588,06/30/2026,16.6,208865,1550,179119,ESB Bank,Caledonia,10980,MN,27,2,10980
1,NM,1.7044030411897404,06/30/2026,10.87,48774,408,40917,Security State Bank of Oklee,Oklee,10982,MN,27,2,10982
1,NM,1.2135742522914463,06/30/2026,12.32,145059,901,125049,Security Bank Minnesota,Albert Lea,10984,MN,27,4,10984
1,N,2.0930499256293316,06/30/2026,12.78,3274377,34586,2385542,Stearns Bank National Association,Saint Cloud,10988,MN,27,4,10988
1,NM,2.385031868960318,06/30/2026,22.75,291311,3422,257347,Lake Central Bank,Annandale,10989,MN,27,4,10989
1,NM,1.096147733683062,06/30/2026,9.81,117390,638,101281,First State Bank of Bigfork,Bigfork,10991,MN,27,8,10991
1,NM,1.1985429477889624,06/30/2026,13.24,74766,459,59494,Bonanza Valley State Bank,Brooten,10993,MN,27,2,10993
1,NM,1.4246641723239788,06/30/2026,18.05,738443,5096,636135,FM Bank,Waseca,10998,MN,27,2,10998
1,NM,1.5983591207458219,06/30/2026,10.69,41703134,330735,33996752,Bank OZK,Little Rock,110,AR,5,4,110
1,SM,1.6982871872489627,06/30/2026,25.23,429056,3527,393216,Peoples State Bank of Plainview,Plainview,1100,MN,27,4,1100
1,NM,1.849926664363033,06/30/2026,13.76,231753,2079,195689,St. Clair County State Bank,Osceola,11002,MO,29,2,11002
1,NM,1.0148182253836104,06/30/2026,6.86,151057,720,126955,Grand Missouri Bank,Bolivar,11003,MO,29,4,11003
1,NM,1.2765480945093501,06/30/2026,8.33,175638,1083,148476,The First State Bank of Shelby,Shelby,11013,MT,30,2,11013
1,SM,0.8385046688316968,06/30/2026,9.18,7963962,32383,7063985,Peapack Private Bank & Trust,Bedminster,11035,NJ,34,4,11035
1,SM,1.2069307191911287,06/30/2026,9.61,25794971,158359,21734129,First Interstate Bank,Billings,1105,MT,30,4,1105
1,NM,1.026855113595847,06/30/2026,10.29,236317000,1200000,173952000,First-Citizens Bank & Trust Company,Raleigh,11063,NC,37,4,11063
1,NM,1.1575291441789477,06/30/2026,14.77,2467590,14215,1996981,Somerset Trust Company,Somerset,11112,PA,42,4,11112
1,NM,3.0223209220145564,06/30/2026,15.09,503390,7458,389301,Hamlin Bank and Trust Company,Smethport,11113,PA,42,5,11113
1,NM,1.4721828438005216,06/30/2026,10.32,9935678,72971,8126539,S&T Bank,Indiana,11124,PA,42,4,11124
1,NM,0.6208143911619495,06/30/2026,7.75,81616,254,68388,Farmers State Bank of Canton,Canton,11133,SD,46,2,11133
1,NM,0.9044322574844915,06/30/2026,8.5,436608,2012,329204,Texas Champion Bank,Corpus Christi,11159,TX,48,4,11159
1,NM,1.3428069497354165,06/30/2026,12.5,2248298,14858,1951501,American Bank & Trust,Sioux Falls,1117,SD,46,2,1117
1,NM,1.7010296835312324,06/30/2026,13.04,121414,1057,96449,The First State Bank,Abernathy,11175,TX,48,2,11175
1,SI,-1.5684606140768282,06/30/2026,-22.59,972067,-7779,872020,"Transpecos Banks, SSB",Pecos,11178,TX,48,4,11178
1,SM,1.1087696971149759,06/30/2026,10.03,153202,848,134904,"Citizens State Bank, of Arlington",Arlington,1118,SD,46,2,1118
1,NM,1.3464074225024576,06/30/2026,22.83,139863,936,129599,First State Bank of Brownsboro,Brownsboro,11181,TX,48,8,11181
1,NM,1.7065605133340052,06/30/2026,19.81,717008,6039,648721,First Fidelity Bank,Burke,1122,SD,46,2,1122
1,NM,1.8106694821551792,06/30/2026,19.52,158939,1452,141766,First Community Bank,Milton,11225,WI,55,4,11225
1,NM,1.8464361266647442,06/30/2026,10.5,525244,4770,355297,First Citizens State Bank,Whitewater,11228,WI,55,4,11228
1,NM,1.5472921648198668,06/30/2026,19.36,221413,1745,193704,Bank of Milton,Milton,11232,WI,55,4,11232
1,NM,1.3711355243864054,06/30/2026,10.4,132061,893,113077,Bonduel State Bank,Bonduel,11235,WI,55,4,11235
1,NM,1.4177162447568565,06/30/2026,13.8,1653274,11614,1420026,Horicon Bank,Horicon,11236,WI,55,4,11236
1,SM,2.129856259305107,06/30/2026,12.23,24551658,249539,19562043,Centennial Bank,Conway,11241,AR,5,4,11241
1,SM,1.8580814160906658,06/30/2026,8.22,213225,1901,159626,Producers Bank & Trust,Mcgehee,11242,AR,5,2,11242
1,SM,2.027027027027027,06/30/2026,16.59,261514,2678,227645,Bank of Salem,Salem,11243,AR,5,8,11243
1,SM,1.9037527003988162,06/30/2026,12.28,219569,2090,180687,Merchants State Bank,Freeman,1125,SD,46,2,1125
1,N,2.8991540925921435,06/30/2026,9.72,234756,3389,160037,The First National Bank of Izard County,Calico Rock,11252,AR,5,8,11252
1,SM,2.0516063211366995,06/30/2026,15.96,255403,2574,209806,The Gunnison Bank and Trust Company,Gunnison,11259,CO,8,4,11259
1,NM,1.8115747748936855,06/30/2026,13.7,78911,732,65488,McClave State Bank,Mcclave,11261,CO,8,2,11261
1,NM,1.8345532279161285,06/30/2026,15.48,420467,3829,365063,The Citizens Bank of Swainsboro,Swainsboro,11295,GA,13,4,11295
1,NM,2.170291724849736,06/30/2026,23.09,342389,3813,307190,"Farmers State Bank of Alto Pass, Ill.",Alto Pass,11299,IL,17,4,11299
1,SM,1.7107915752425291,06/30/2026,9.7,30118,256,24576,First State Bank of St. Peter,Saint Peter,11302,IL,17,2,11302
1,NM,1.175397468138613,06/30/2026,12.63,581583,3447,525116,FNBC Bank & Trust,La Grange,11306,IL,17,4,11306
1,NM,1.399450573241666,06/30/2026,9.48,339829,2424,285773,Farmers State Bank,Pittsfield,11307,IL,17,2,11307
1,NM,1.2331579962411559,06/30/2026,20.48,349156,2174,326501,The Bank of Herrin,Herrin,11310,IL,17,4,11310
1,SM,0.07578775541931033,06/30/2026,0.81,133016,52,112583,The Iuka State Bank,Salem,11317,IL,17,4,11317
1,NM,0.8151494071112866,06/30/2026,6.82,316810,1287,264881,Longview Community Bank,Mount Pulaski,11319,IL,17,2,11319
1,NM,1.6961130742049473,06/30/2026,17.87,86456,752,77582,Farmers and Merchants State Bank of Bushnell,Bushnell,11324,IL,17,2,11324
1,NM,1.4094733694955792,06/30/2026,12.03,54529,385,44549,Ashton State Bank,Ashton,11343,IA,19,2,11343
1,NM,0.9836506194952974,06/30/2026,10.07,498585,2452,346562,Grinnell State Bank,Grinnell,11347,IA,19,4,11347
1,NM,1.1642764827134233,06/30/2026,12.27,92730,530,66623,Sanborn Savings Bank,Sanborn,11352,IA,19,2,11352
1,NM,0.8659308756913682,06/30/2026,6.63,121758,519,103497,Bedford Loan & Deposit Bank,Bedford,11355,KY,21,6,11355
1,NM,4.502341359911203,06/30/2026,33.21,420062,9485,359403,"Cumberland Security Bank, Inc.",Somerset,11358,KY,21,4,11358
1,NM,0.8008893524992243,06/30/2026,9.91,592373,2375,539995,Highpoint Community Bank,Hastings,11407,MI,26,4,11407
1,NM,1.4403689996133238,06/30/2026,16.34,141007,1043,127673,Valley Premier Bank,Hawley,11409,MN,27,2,11409
1,SM,1.2258050024605949,06/30/2026,11,330337,2001,280420,The Colorado Bank and Trust Company of La Junta,La Junta,1141,CO,8,4,1141
1,NM,0.40470089246266683,06/30/2026,5.73,114721,229,104776,Rushford State Bank (Incorporated),Rushford,11411,MN,27,2,11411
1,NM,1.0349193637078877,06/30/2026,12.78,355123,1835,323440,Harvest Bank,Kimball,11415,MN,27,2,11415
1,SM,2.937769822049068,06/30/2026,23.2,44282,651,38054,Welcome State Bank,Welcome,11417,MN,27,2,11417
1,NM,0.9858847344305808,06/30/2026,9.14,318228,1565,280741,Bank of Yazoo City,Yazoo City,11431,MS,28,8,11431
1,NM,2.219302279745089,06/30/2026,13.2,210778,2252,174816,The Jefferson Bank,Greenville,11445,MS,28,2,11445
1,NM,0.43223173785880664,06/30/2026,6.37,281778,617,248177,Unity Bank of Mississippi,Holly Springs,11446,MS,28,4,11446
1,NM,1.244876994296992,06/30/2026,13.81,566204,3486,509190,Century Bank,Lucedale,11448,MS,28,4,11448
1,NM,2.0744528880785653,06/30/2026,18.11,1181463,12053,1032837,Mid America Bank,Jefferson City,11459,MO,29,4,11459
1,NM,1.1293064797510555,06/30/2026,14.94,146505,848,131901,Independent Farmers Bank,Maysville,11462,MO,29,2,11462
1,SM,2.117182124406105,06/30/2026,14.69,206969,2159,175260,The Citizens-Farmers Bank of Cole Camp,Cole Camp,11463,MO,29,8,11463
1,NM,0.7803713160237309,06/30/2026,7.75,125269,488,111955,HomePride Bank,Mansfield,11466,MO,29,5,11466
1,SM,3.0026070540289473,06/30/2026,41.89,531095,8183,486557,The Peoples Bank,Pratt,1147,KS,20,2,1147
1,NM,1.035306306683782,06/30/2026,9.74,88491,453,66546,Thayer County Bank,Hebron,11475,NE,31,8,11475
1,SM,1.1880795751763493,06/30/2026,9.79,251332,1499,216927,Auburn State Bank,Auburn,11477,NE,31,2,11477
1,NM,1.6517152354842544,06/30/2026,9.03,537000,4375,413623,Homestead Bank,Cozad,11482,NE,31,2,11482
1,NM,1.3787575361663473,06/30/2026,20.13,493107,3486,439935,The Citizens Bank of Clovis,Clovis,11491,NM,35,4,11491
1,NM,1.0830789951910864,06/30/2026,8.88,1350435,7441,1112469,InBank,Raton,11492,NM,35,4,11492
1,N,0.7369994039598535,06/30/2026,7.78,719046,2609,631996,First National Bank of Scotia,Scotia,11501,NY,36,4,11501
1,NM,1.7308001736067693,06/30/2026,17.38,4662244,39101,4174874,The Fidelity Bank,Fuquay Varina,11507,NC,37,4,11507
1,NM,1.8636076177362932,06/30/2026,14.82,293157,2716,246842,Security First Bank of North Dakota,New Salem,11519,ND,38,2,11519
1,SM,0.6550142565149807,06/30/2026,5.85,557057,1793,489988,Chickasaw Community Bank,Oklahoma City,11521,OK,40,4,11521
1,N,2.1507611099452775,06/30/2026,21.18,1321040,14212,1178578,Liberty National Bank,Lawton,11522,OK,40,4,11522
1,SM,2.615589886091722,06/30/2026,20.57,350297,4744,297719,Cowboy Bank,Kremlin,11526,OK,40,2,11526
1,NM,1.9624212344041259,06/30/2026,14.2,55471,572,47872,"The First State Bank of Pond Creek, Oklahoma",Pond Creek,11527,OK,40,2,11527
1,NM,6.208435743871835,06/30/2026,80.7,535133,16023,472216,Enterprise Bank of South Carolina,Ehrhardt,11539,SC,45,8,11539
1,NM,1.612939454022343,06/30/2026,14.94,325795,2633,288977,First State Bank of Burnet,Burnet,11557,TX,48,4,11557
1,NM,0.9693649721258835,06/30/2026,10,547414,2652,490563,First State Bank and Trust Company,Carthage,11559,TX,48,5,11559
1,NM,1.1447167848242155,06/30/2026,12.33,1389330,7885,1203061,Alliance Bank,Sulphur Springs,11569,TX,48,4,11569
1,NM,1.1422957221429393,06/30/2026,6.8,333245,1837,274514,Global One Bank,Houston,11570,TX,48,4,11570
1,SM,1.0612353009070474,06/30/2026,8.92,10984290,47398,8997206,Burke & Herbert Bank & Trust Company,Alexandria,11578,VA,51,4,11578
1,NM,3.7423340208972324,06/30/2026,18.45,670315,12183,489155,The Bank of Southside Virginia,Carson,11580,VA,51,8,11580
1,NM,3.403624936295961,06/30/2026,26.38,257344,4419,218330,Lee Bank and Trust Company,Pennington Gap,11582,VA,51,4,11582
1,SM,1.5205122895494922,06/30/2026,15.44,634077,4834,522440,Community First Bank,Boscobel,11595,WI,55,2,11595
1,NM,0.33080044197293823,06/30/2026,4.44,296554,487,271544,Laona State Bank,Laona,11601,WI,55,8,11601
1,NM,1.703207179218762,06/30/2026,18.86,475453,4035,378430,BLC Community Bank,Little Chute,11608,WI,55,4,11608
1,SM,0.9682797065500346,06/30/2026,9.95,1057888,4603,935025,Bank Cmg,Madison,11623,WI,55,4,11623
1,SM,0.7822935662597422,06/30/2026,9.62,116521,449,91711,Wahoo State Bank,Wahoo,1163,NE,31,8,1163
1,NM,2.0602202002057606,06/30/2026,38.48,804307,8147,697476,The Citizens Bank,Farmington,1164,NM,35,7,1164
1,NM,2.3447481513027992,06/30/2026,14.96,137453,1615,114144,The First Bank of Okarche,Okarche,1165,OK,40,2,1165
1,NM,1.343051448037923,06/30/2026,14.79,3701851,24710,3165990,D. L. Evans Bank,Burley,11666,ID,16,4,11666
1,NM,1.9062364589559715,06/30/2026,12.19,198166,1855,160136,Vermilion Valley Bank,Piper City,11667,IL,17,2,11667
1,NM,0.8121490034052304,06/30/2026,9.15,328259,1336,280313,First State Bank of Forrest,Forrest,11669,IL,17,4,11669
1,SM,0.2868435067786633,06/30/2026,2.72,222271,307,178954,Tanager Bank,Jackson,1167,WY,56,4,1167
1,NM,0.975397631413088,06/30/2026,9.5,1462374,7088,1118252,Central Bank Illinois,Geneseo,11670,IL,17,2,11670
1,NM,1.5188922894883552,06/30/2026,13.58,234520,1780,201360,Warren-Boynton State Bank,New Berlin,11674,IL,17,4,11674
1,SM,1.1938635413972183,06/30/2026,10.32,167285,1000,143420,Farmers State Bank of Western Illinois,Alpha,11680,IL,17,2,11680
1,NM,0.96,06/30/2026,8.01,73463,344,64208,Anchor State Bank,Anchor,11681,IL,17,2,11681
1,NM,0.7505517448838878,06/30/2026,5.99,111644,420,97123,Anna State Bank,Anna,11682,IL,17,7,11682
1,NM,0.8908428298721583,06/30/2026,7.87,137617,616,105482,State Bank of Cherry,Cherry,11686,IL,17,2,11686
1,SM,1.682055891953994,06/30/2026,16.37,290903,2445,255155,Sundance State Bank,Sundance,1169,WY,56,2,1169
1,NM,2.7228403017323077,06/30/2026,26.82,285516,3831,250072,Goodfield State Bank,Goodfield,11699,IL,17,4,11699
1,SM,1.7020963251029753,06/30/2026,20.72,363238,3082,324700,Shelby County State Bank,Shelbyville,11702,IL,17,2,11702
1,NM,0.8282799887554716,06/30/2026,8.32,65288,275,58249,1st Community Bank,Sherrard,11706,IL,17,2,11706
1,SM,1.7720871061328112,06/30/2026,13.37,358538,3162,309024,Teutopolis State Bank,Teutopolis,11708,IL,17,8,11708
1,NM,1.520109936948629,06/30/2026,15.7,285794,2122,223340,Bank of Rantoul,Rantoul,11711,IL,17,2,11711
1,NM,0.8235730921119249,06/30/2026,9.12,89086,366,80357,Bank of Yates City,Yates City,11715,IL,17,2,11715
1,SM,0.21578852724330155,06/30/2026,2.61,18124,20,16517,Hartsburg State Bank,Hartsburg,11716,IL,17,2,11716
1,NM,1.6739411292293727,06/30/2026,13.2,193864,1598,167363,Liberty Bank,Liberty,11719,IL,17,2,11719
1,NM,1.4790554110287482,06/30/2026,14.29,736713,5386,577907,"The Peoples State Bank of Newton, Illinois",Newton,11722,IL,17,2,11722
1,NM,0.4767553421343266,06/30/2026,4.86,819740,1962,669025,CIBM Bank,Champaign,11729,IL,17,4,11729
1,NM,0.9969657563935848,06/30/2026,7.49,40939,207,34701,Fairview State Banking Company,Fairview,11731,IL,17,2,11731
1,NM,0.4436254243649694,06/30/2026,4.59,240080,524,211704,Bank of Farmington,Farmington,11732,IL,17,2,11732
1,NM,0.3459482805161151,06/30/2026,5.31,300267,534,276998,Flanagan State Bank,Flanagan,11734,IL,17,2,11734
1,NM,0.9059477182290592,06/30/2026,10.83,688077,3091,582898,BankOrion,Orion,11739,IL,17,4,11739
1,NM,0.9765131745096389,06/30/2026,16.95,491597,2378,385250,Solutions Bank,Forreston,11741,IL,17,2,11741
1,NM,1.6057343734989131,06/30/2026,18.5,174461,1365,158650,Iroquois Farmers State Bank,Iroquois,11746,IL,17,2,11746
1,NM,0.6484582943495774,06/30/2026,4.67,210101,685,180185,The Farmers State Bank and Trust Company,Jacksonville,11747,IL,17,8,11747
1,NM,0.9279690475470787,06/30/2026,5.39,134098,614,110747,Bank of Kampsville,Kampsville,11750,IL,17,7,11750
1,NM,1.4656305139467658,06/30/2026,8.86,137738,976,111977,Citizens State Bank,Wyoming,11759,IA,19,2,11759
1,SM,1.507500203189651,06/30/2026,14.61,896116,6770,758867,VISIONBANK OF IOWA,Ames,11763,IA,19,4,11763
1,NM,1.4111210677734283,06/30/2026,14.08,104415,748,91500,Sibley State Bank,Sibley,11764,IA,19,2,11764
1,NM,1.2159673307676098,06/30/2026,11.2,433877,2664,367943,FreedomBank,Elkader,11767,IA,19,2,11767
1,NM,0.9534858848748914,06/30/2026,10.67,1732398,8202,1420705,Availa Bank,Carroll,11771,IA,19,2,11771
1,NM,0.8241037215894179,06/30/2026,11,382189,1570,354199,Commercial Bank,Parsons,11777,KS,20,8,11777
1,SM,1.548989967070423,06/30/2026,20.47,275922,2145,211405,"Citizens State Bank and Trust Co., Ellsworth, Kansas",Ellsworth,11778,KS,20,2,11778
1,NM,1.1485739493189702,06/30/2026,10,245469,1406,214417,Bank of Abbeville & Trust Company,Abbeville,11782,LA,22,4,11782
1,NM,0.9829444983172666,06/30/2026,9.96,298566,1436,257585,Caldwell Bank & Trust Company,Columbia,11785,LA,22,2,11785
1,NM,1.7316527270585462,06/30/2026,16.92,192304,1666,169134,Bank of Sunset and Trust Company,Sunset,11788,LA,22,4,11788
1,NM,2.0458577425359548,06/30/2026,21.29,224676,2341,200221,Franklin State Bank & Trust Company,Winnsboro,11792,LA,22,2,11792
1,NM,1.285127292201711,06/30/2026,12.78,1062468,6923,892659,United Bank of Michigan,Grand Rapids,11807,MI,26,4,11807
1,SM,0.6058313613074453,06/30/2026,7.71,323308,969,268699,Huron Community Bank,East Tawas,11810,MI,26,4,11810
1,SM,0.7944591566510493,06/30/2026,5.16,51968,208,43078,Richton Bank & Trust Company,Richton,11817,MS,28,8,11817
1,NM,1.3108109777948027,06/30/2026,13.01,412555,2652,347473,Little Horn State Bank,Hardin,11821,MT,30,4,11821
1,NM,1.4092442428521506,06/30/2026,16.81,287061,1976,252738,Manhattan Bank,Manhattan,11823,MT,30,8,11823
1,SM,1.5550339724345796,06/30/2026,18.3,583769,4535,529300,"The Bank and Trust, S.S.B.",Del Rio,1184,TX,48,8,1184
1,SM,1.1305741212281273,06/30/2026,13.46,953780,5294,798381,The Killbuck Savings Bank Company,Killbuck,11860,OH,39,4,11860
1,NM,1.2342666254521395,06/30/2026,18.31,188597,1138,170445,The Bank of Beaver City,Beaver,11862,OK,40,2,11862
1,NM,1.1343782566426768,06/30/2026,13.23,2971307,16219,2559262,The Fidelity Deposit and Discount Bank,Dunmore,11868,PA,42,4,11868
1,NM,0.8697013208844004,06/30/2026,4.21,49651,213,39085,The Donley County State Bank,Clarendon,11891,TX,48,2,11891
1,NM,1.5085157276332979,06/30/2026,9.88,185121,1399,156120,"First State Bank of Ben Wheeler, Texas",Ben Wheeler,11904,TX,48,5,11904
1,NM,1.914430286970739,06/30/2026,17.56,190617,1811,165656,Citizens State Bank,Corrigan,11905,TX,48,8,11905
1,NM,2.858001697472652,06/30/2026,20.93,338049,4849,288302,Security State Bank,Farwell,11907,TX,48,2,11907
1,NM,2.8904669010200936,06/30/2026,16.56,138805,1983,114370,The Buckholts State Bank,Buckholts,11916,TX,48,4,11916
1,NM,0.5695638943907945,06/30/2026,5.7,353628,1017,316346,First State Bank of Texas,Orange,11922,TX,48,4,11922
1,NM,1.4439112879630174,06/30/2026,27.59,183062,1316,172878,First Security State Bank,Cranfills Gap,11932,TX,48,5,11932
1,NM,0.9538734914484562,06/30/2026,8.84,647363,3092,569931,Dominion Bank,Dallas,11934,TX,48,4,11934
1,NM,1.852760206065566,06/30/2026,16.84,1309968,12150,1159656,First Texas Bank,Georgetown,11935,TX,48,4,11935
1,NM,0.7207185122310712,06/30/2026,10.4,666227,2352,603330,"The Poca Valley Bank, Inc.",Walton,11952,WV,54,4,11952
1,NM,1.2727140990438404,06/30/2026,11.95,407139,2547,356805,Highlands Bank,Petersburg,11953,WV,54,4,11953
1,NM,1.4194000289806776,06/30/2026,11.4,4734427,33321,3860550,Bar Harbor Bank & Trust,Bar Harbor,11971,ME,23,4,11971
1,NM,1.8196488502975112,06/30/2026,16.03,295320,2710,259859,Arrowhead Bank,Llano,1198,TX,48,8,1198
1,SI,1.3464617159691363,06/30/2026,10.63,25650552,170068,19611018,Provident Bank,Jersey City,12010,NJ,34,4,12010
1,SI,-1.4499650680881553,06/30/2026,0,1478885,-10806,1349914,Union County Savings Bank,Elizabeth,12013,NJ,34,9,12013
1,NM,1.4479824531720566,06/30/2026,22.03,221938,1569,200025,Citizens Community Bank,Hahira,12079,GA,13,4,12079
1,NM,-0.7383258222264839,06/30/2026,-4.25,22956,-77,19189,Sainte Marie State Bank,Sainte Marie,12086,IL,17,2,12086
1,NM,0.8392832787238834,06/30/2026,6.79,206953,882,179117,Spring Valley City Bank,Spring Valley,12087,IL,17,4,12087
1,N,1.6191111066890862,06/30/2026,16.27,1685806,13561,1500318,"Commercial Bank of Texas, National Association",Nacogdoches,1209,TX,48,4,1209
1,SM,0.9289915475402174,06/30/2026,9.57,34697,159,31246,The First State Bank of Dongola,Dongola,12098,IL,17,8,12098
1,NM,0.5560704355885078,06/30/2026,16.4,66903,190,58521,Farmers State Bank,Elmwood,12107,IL,17,2,12107
1,NM,2.250613953110921,06/30/2026,25.22,523623,5824,433168,Germantown Trust & Savings Bank,Breese,12113,IL,17,2,12113
1,NM,0.6479219254079883,06/30/2026,5.08,49020,160,42692,Buckley State Bank,Buckley,12121,IL,17,2,12121
1,NM,0.6671312678877108,06/30/2026,6.41,151098,493,129223,Citizens Savings Bank,Spillville,12128,IA,19,2,12128
1,SI,0.11421321329906468,06/30/2026,1,3666532,1891,2370037,"Cornerstone Capital Bank, SSB",Houston,1213,TX,48,9,1213
1,NM,1.7731545488025018,06/30/2026,19.52,115144,979,85105,The Lyndon State Bank,Lyndon,12135,KS,20,2,12135
1,NM,1.21816048575028,06/30/2026,14.66,123145,751,108210,The Wilson State Bank,Wilson,12136,KS,20,2,12136
1,NM,0.8887741761725478,06/30/2026,10.04,58444,264,52803,Ford County State Bank,Spearville,12139,KS,20,2,12139
1,NM,1.7198429436651268,06/30/2026,16.92,401968,3391,354251,First State Bank,Irvington,12149,KY,21,4,12149
1,NM,1.0147565483349477,06/30/2026,8.5,199052,997,168510,Elkton Bank & Trust Company,Elkton,12162,KY,21,8,12162
1,NM,0.6574268827438333,06/30/2026,6.99,305121,1020,253378,The Farmers Bank of Milton,Milton,12163,KY,21,8,12163
1,NM,1.0788720300288424,06/30/2026,15.13,560614,3028,475651,West Point Bank,Radcliff,12166,KY,21,4,12166
1,NM,1.7365478812169532,06/30/2026,13.93,184007,1606,154013,First State Bank,Spearman,1218,TX,48,2,1218
1,SM,1.2797021872913072,06/30/2026,16.66,659733,4187,599444,Wellington State Bank,Wellington,1219,TX,48,2,1219
1,NM,1.0071579737247842,06/30/2026,14.17,340225,1718,312012,The Cleveland State Bank,Cleveland,12201,MS,28,4,12201
1,NM,2.221234733242572,06/30/2026,22.13,1348702,12030,1006742,TownBridge Bank,Pascagoula,12203,MS,28,4,12203
1,NM,0.7999218654663416,06/30/2026,15.19,1555742,6129,1318103,"The Citizens Bank of Philadelphia, Mississippi",Philadelphia,12204,MS,28,4,12204
1,SM,1.1906641747250184,06/30/2026,10.11,142721,842,119640,Bank of Winona,Winona,12207,MS,28,7,12207
1,SM,1.581195948347352,06/30/2026,18.15,548017,4271,495338,Belgrade State Bank,Belgrade,12208,MO,29,4,12208
1,NM,1.7719161709933848,06/30/2026,17.43,290149,2550,258396,United State Bank,Lewistown,12214,MO,29,2,12214
1,NM,1.6655987424511673,06/30/2026,10.91,535197,4588,400753,"First State Bank of St. Charles, Missouri",St. Charles,12219,MO,29,5,12219
1,NM,2.0600807113747304,06/30/2026,25.12,133652,1380,120626,County Bank,Brunswick,12220,MO,29,8,12220
1,SM,1.3702132605032251,06/30/2026,14.57,511521,3537,429637,The Callaway Bank,Fulton,12223,MO,29,4,12223
1,NM,0.22304372069969644,06/30/2026,3.09,51214,54,47572,FMB Bank,Wright City,12225,MO,29,7,12225
1,SM,0.7340266605378074,06/30/2026,8.88,147706,511,124012,Peoples Bank Co.,Altenburg,12226,MO,29,2,12226
1,SM,0.6601232702128187,06/30/2026,8.03,6654998,22003,5829782,First Bank,St. Louis,12229,MO,29,4,12229
1,NM,1.7523968253332318,06/30/2026,21.74,248703,2187,227085,Peoples Bank,Cuba,12230,MO,29,8,12230
1,NM,2.2073254552531116,06/30/2026,21.49,159026,1777,140445,Bank of Monticello,Monticello,12232,MO,29,2,12232
1,NM,1.795953118971917,06/30/2026,14.66,662263,5850,558833,Washington County Bank,Blair,12241,NE,31,2,12241
1,NM,1.629690000690129,06/30/2026,13.6,199510,1653,121326,First State Bank,Farnam,12244,NE,31,2,12244
1,NM,1.0470482882138183,06/30/2026,7.84,56468,304,46993,Commercial Bank,Nelson,12246,NE,31,2,12246
1,SM,1.4191640611173384,06/30/2026,15.15,371410,2566,329915,First Nebraska Bank,Valley,12248,NE,31,2,12248
1,SM,0.9725509015843891,06/30/2026,7.1,11770092,57419,8762647,Farmers and Merchants Bank of Long Beach,Long Beach,1225,CA,6,4,1225
1,NM,1.2282544622527916,06/30/2026,12.62,482915,2931,432279,Southwest Capital Bank,Albuquerque,12258,NM,35,4,12258
1,SM,1.5757953110435925,06/30/2026,20.47,738343,5686,662407,Lea County State Bank,Hobbs,12259,NM,35,7,12259
1,NM,0.6836858949286373,06/30/2026,4.85,475992,1646,402168,Mechanics & Farmers Bank,Durham,12266,NC,37,4,12266
1,SM,1.0485800188027663,06/30/2026,17.6,139602,751,130480,First State Bank,Anadarko,12283,OK,40,7,12283
1,NM,0.7103113531431277,06/30/2026,6.11,20539,70,18092,Farmers & Merchants Bank,Duke,12284,OK,40,2,12284
1,NM,1.296841990579255,06/30/2026,13.23,595206,3809,468940,Cattlemens Bank,Altus,12285,OK,40,2,12285
1,NM,2.738867837310156,06/30/2026,16.3,108631,1501,88063,The Cowboy Bank of Texas,Maypearl,12298,TX,48,4,12298
1,SI,1.5515714624413506,06/30/2026,12.33,1369693,10329,1125559,"SouthStar Bank, S.S.B.",Moulton,12299,TX,48,4,12299
1,SM,0.5510157718282516,06/30/2026,4.54,511354,1334,449153,Citizens State Bank,Woodville,12303,TX,48,4,12303
1,NM,0.9298716765057033,06/30/2026,7.06,326463,1546,280959,Columbus State Bank,Columbus,12305,TX,48,2,12305
1,NM,2.04509859317185,06/30/2026,23.38,735805,7456,559013,Chippewa Valley Bank,Hayward,12322,WI,55,8,12322
1,NM,1.2497043376819614,06/30/2026,12.13,146145,907,127019,Bank of Cashton,Cashton,12325,WI,55,2,12325
1,NM,2.567183024272577,06/30/2026,19.59,426704,5449,367735,Bank of Mauston,Mauston,12327,WI,55,4,12327
1,NM,2.3992962794031407,06/30/2026,19.15,516519,6137,435916,State Bank of Chilton,Chilton,12331,WI,55,4,12331
1,NM,1.8561053293266743,06/30/2026,21.22,226865,2062,198625,Community Bank of Cameron,Cameron,12349,WI,55,8,12349
1,NM,0.8445662039060137,06/30/2026,6.2,80319,335,58289,Hustisford State Bank,Hustisford,12354,WI,55,8,12354
1,N,1.1098042810509812,06/30/2026,12.55,421226,2381,369142,The First National Bank of Allendale,Allendale,12365,IL,17,2,12365
1,SM,1.4589964102058415,06/30/2026,12.86,159787000,1159000,131776000,Regions Bank,Birmingham,12368,AL,1,4,12368
1,NM,0.7851230935908263,06/30/2026,7.92,355369,1424,314109,Ireland Bank,Malad City,1237,ID,16,4,1237
1,NM,1.734445831417121,06/30/2026,13.36,154500,1320,123776,Fowler State Bank,Fowler,12372,CO,8,2,12372
1,NM,1.0627129558742268,06/30/2026,13.81,3881264,20389,3557261,Carrollton Bank,Carrollton,12383,IL,17,4,12383
1,NM,0.8287179346747087,06/30/2026,7.79,190061,807,167471,Jersey State Bank,Jerseyville,12384,IL,17,2,12384
1,NM,1.3940592794565883,06/30/2026,14.17,343382,2328,298614,State Bank of Toulon,Toulon,12386,IL,17,2,12386
1,NM,-0.03013647518046008,06/30/2026,-0.27,93810,-14,83018,Williamsville State Bank & Trust,Williamsville,12388,IL,17,7,12388
1,NM,1.535514382352061,06/30/2026,16.3,112740,855,98625,Exchange State Bank,Lanark,12402,IL,17,2,12402
1,NM,0.555910821730663,06/30/2026,9.16,183239,510,155857,La Salle State Bank,La Salle,12410,IL,17,4,12410
1,NM,0.17917628000589073,06/30/2026,3,82752,73,77406,Tri-Valley Bank,Randolph,12417,IA,19,2,12417
1,NM,1.1334876635760638,06/30/2026,8.89,55102,315,47680,The Security State Bank,Wellington,12422,KS,20,2,12422
1,NM,1.8058759720715627,06/30/2026,13.18,23370,197,19448,The Dickinson County Bank,Enterprise,12425,KS,20,8,12425
1,NM,1.2381813031925655,06/30/2026,6.24,25152,153,19235,The Baxter State Bank,Baxter Springs,12432,KS,20,8,12432
1,SM,1.3972051220808124,06/30/2026,9.17,26986725,188216,22166216,Renasant Bank,Tupelo,12437,MS,28,4,12437
1,NM,1.0065674018258126,06/30/2026,8.29,36329257,180043,29883644,Hancock Whitney Bank,Gulfport,12441,MS,28,4,12441
1,NM,1.5959240250252877,06/30/2026,16.72,81715,639,73779,State Bank of Cold Spring,Cold Spring,12444,MN,27,8,12444
1,NM,2.1123282466915723,06/30/2026,14.95,106705,1112,90888,The Citizens Bank of Edina,Edina,12457,MO,29,2,12457
1,NM,0.9097621187707883,06/30/2026,10.13,1336144,5857,1176189,First Oklahoma Bank,Jenks,12484,OK,40,4,12484
1,SM,2.354117074582111,06/30/2026,18.88,313182,3580,257073,The Payne County Bank,Perkins,12485,OK,40,8,12485
1,N,1.4291293593508165,06/30/2026,11.72,342410,2470,297100,Premier Bank National Association,Omaha,12493,NE,31,4,12493
1,NM,2.2588398606701716,06/30/2026,24.5,265973,2929,216432,Alliance Bank,Mondovi,12511,WI,55,2,12511
1,NM,0.6956521739130435,06/30/2026,8.2,97627,354,84675,Community First Bank,Rosholt,12512,WI,55,4,12512
1,NM,1.2788387556127196,06/30/2026,9.43,294177,1856,224236,Partners Bank of Wisconsin,Marshfield,12513,WI,55,4,12513
1,NM,1.2051597471153377,06/30/2026,13.18,1075557,5999,679809,Ixonia Bank,Ixonia,12514,WI,55,4,12514
1,NM,1.3203423900975986,06/30/2026,14.51,2532644,17185,2098738,Bank Five Nine,Oconomowoc,12517,WI,55,4,12517
1,NM,1.6936023439401962,06/30/2026,12.04,195878,1658,136770,The Peoples Bank,Magnolia,12531,AR,5,6,12531
1,NM,1.073930757035951,06/30/2026,11.32,99531,525,89726,Bank of Calhoun County,Hardin,12549,IL,17,8,12549
1,NM,-0.7880069190851432,06/30/2026,-4.12,30840,-123,24906,The Hopeton State Bank,Hopeton,12585,OK,40,8,12585
1,NM,1.2546246231760254,06/30/2026,13.37,1093243,6849,982555,The Converse County Bank,Douglas,12591,WY,56,9,12591
1,SM,0.5556193388160081,06/30/2026,6.43,449139,1226,380052,Security State Bank,Basin,12592,WY,56,4,12592
1,NM,2.3488790420379706,06/30/2026,21.34,815168,9084,717634,PB&T Bank,Pueblo,12594,CO,8,4,12594
1,NM,1.4145773033116567,06/30/2026,5.94,221919,1568,140955,Farmers and Drovers Bank,Council Grove,12602,KS,20,2,12602
1,NM,1.6441019353708735,06/30/2026,15.16,382039,3129,334021,City Bank & Trust Co.,Natchitoches,12608,LA,22,4,12608
1,NM,0.6138321975369909,06/30/2026,7.96,330711,1039,296278,Patterson State Bank,Patterson,12609,LA,22,8,12609
1,NM,1.7947393348380518,06/30/2026,12.93,1113786,10023,890561,The Evangeline Bank and Trust Company,Ville Platte,12611,LA,22,4,12611
1,SM,1.2299821625789646,06/30/2026,10.59,10177963,61277,8723491,Origin Bank,Choudrant,12614,LA,22,4,12614
1,NM,2.255012580084559,06/30/2026,12.3,635540,6955,515221,Legends Bank,Linn,12616,MO,29,4,12616
1,NM,0.8642041390317604,06/30/2026,7.12,1148041,5032,887758,Bank of Washington,Washington,12627,MO,29,4,12627
1,SM,1.9883228945079559,06/30/2026,22.1,20307848,204071,16405004,The Central Trust Bank,Jefferson City,12633,MO,29,4,12633
1,NM,1.1025456879939948,06/30/2026,9.67,2316834,12663,1962766,Cashmere Valley Bank,Cashmere,1265,WA,53,4,1265
1,NM,1.148197824916918,06/30/2026,14.65,158725,896,135547,GreenLeaf Bank,Greenleaf,12661,WI,55,4,12661
1,NM,1.1928345230308819,06/30/2026,10.4,142628,845,125923,Citizens Community Bank,Pilot Grove,12694,MO,29,2,12694
1,NM,0.40312322655133953,06/30/2026,5.55,295849,618,266981,State Bank,Waterloo,12706,IL,17,4,12706
1,NM,1.2601671538368366,06/30/2026,8.37,141073,919,116666,Bridge Community Bank,Mount Vernon,12717,IA,19,2,12717
1,NM,1.7934183706542015,06/30/2026,14.21,92415,830,72905,Sicily Island State Bank,Sicily Island,12722,LA,22,4,12722
1,NM,2.302285449724315,06/30/2026,20.1,48460,547,42982,Bank of Prague,Prague,12745,NE,31,2,12745
1,NM,1.7082781467890515,06/30/2026,16,100251,862,88858,First State Bank,Valliant,12757,OK,40,8,12757
1,NM,2.169968966340415,06/30/2026,16.08,57223,606,48626,"Farmers State Bank, Allen, Oklahoma",Allen,12758,OK,40,8,12758
1,NM,1.2416505378636622,06/30/2026,11.58,915290,5484,799000,F&M Bank,Edmond,12761,OK,40,4,12761
1,NM,2.025293183677004,06/30/2026,19.85,2409073,24676,2134620,First United Bank,Dimmitt,12769,TX,48,4,12769
1,SM,1.191865801660507,06/30/2026,10.63,569602,3441,490361,Baraboo State Bank,Baraboo,12788,WI,55,4,12788
1,NM,1.1867516306697494,06/30/2026,12.78,10536386,63134,8828663,Washington Trust Bank,Spokane,1281,WA,53,4,1281
1,NM,1.4741793547370672,06/30/2026,14.77,992960,7205,810756,Peoples State Bank,Prairie Du Chien,12814,WI,55,2,12814
1,N,1.5198632588173129,06/30/2026,14.27,775950,5882,686571,"Home State Bank, National Association",Crystal Lake,12815,IL,17,4,12815
1,SM,0.8459604966660933,06/30/2026,5.89,162294,672,138197,First State Bank of Porter,Porter,12836,IN,18,8,12836
1,SM,1.6474182074552306,06/30/2026,17.35,3495725,28757,3030225,First Farmers Bank & Trust Co.,Converse,12839,IN,18,2,12839
1,NM,1.5654742999594862,06/30/2026,15.71,10411663,78691,8786698,Centier Bank,Whiting,12854,IN,18,4,12854
1,NM,1.4146124191228773,06/30/2026,13.62,1598373,11333,1255249,Farmers State Bank,Waterloo,12855,IA,19,4,12855
1,NM,0.8330918192596496,06/30/2026,8.25,250581,1054,186883,Denver Savings Bank,Denver,12857,IA,19,4,12857
1,NM,1.2218896991708834,06/30/2026,13.74,617971,3842,557321,Farmers Trust and Savings Bank,Spencer,12858,IA,19,4,12858
1,NM,1.8331374853113984,06/30/2026,14.5,55470,507,43676,Swedish-American State Bank,Courtland,12865,KS,20,2,12865
1,NM,1.860118375859476,06/30/2026,21.02,793954,7211,699220,Farmers Bank and Trust Company,Marion,12869,KY,21,4,12869
1,NM,0.895880242593682,06/30/2026,9.27,1158202,5063,965877,Katahdin Trust Company,Patten,12874,ME,23,4,12874
1,SM,-1.3169771556951708,06/30/2026,-7.28,87760,-552,71572,First State Bank of Michigan,Decatur,12893,MI,26,4,12893
1,NM,0.9728415079043373,06/30/2026,10.08,94605,468,85007,Mayville State Bank,Mayville,12899,MI,26,8,12899
1,SM,1.4407819133257946,06/30/2026,15.94,3159678,22461,2712679,Farmers Bank & Trust Company,Magnolia,1291,AR,5,4,1291
1,SM,1.5995212381662949,06/30/2026,20.71,843316,6771,704134,FNBC Bank,Ash Flat,1294,AR,5,4,1294
1,SM,1.8847482211638387,06/30/2026,17.03,2792253,25572,2446064,Orange Bank & Trust Company,Middletown,12944,NY,36,4,12944
1,NM,0.7026364062203883,06/30/2026,7.06,185900,655,166436,Bank of Richmondville,Cobleskill,12956,NY,36,8,12956
1,NM,0.7054305154454512,06/30/2026,7.01,384681,1339,338153,Cattaraugus County Bank,Little Valley,12959,NY,36,4,12959
1,NM,1.1590299931746784,06/30/2026,8.48,288732,1667,247858,Farmers Bank,Greenwood,1296,AR,5,8,1296
1,NM,0.9170309083203109,06/30/2026,8.93,1443930,5878,1191644,The Union Bank Company,Columbus Grove,12969,OH,39,4,12969
1,SM,1.2604395763303433,06/30/2026,13.08,1296076,7990,1062849,The Richwood Banking Company,Richwood,12978,OH,39,4,12978
1,SM,1.4236575578062298,06/30/2026,21.84,104463,745,90703,The Corn City State Bank,Deshler,12980,OH,39,5,12980
1,SM,1.4459921064715695,06/30/2026,9.91,4286454,31096,3486108,Civista Bank,Sandusky,12982,OH,39,4,12982
1,NM,1.6640788844328342,06/30/2026,14.16,465167,3769,359644,Elderton State Bank,Elderton,12985,PA,42,4,12985
1,SM,-0.14089615383362417,06/30/2026,-1.07,1188644,-865,980920,Evolve Bank & Trust,West Memphis,1299,AR,5,4,1299
1,NM,1.6442828237426692,06/30/2026,21.88,456638,3707,355058,Trinity Capital Bank of Texas,Ennis,13000,TX,48,4,13000
1,NM,1.6067685848817392,06/30/2026,17.47,309414,2503,280663,The Pecos County State Bank,Fort Stockton,13006,TX,48,4,13006
1,SM,2.050418452356692,06/30/2026,14.59,3607625,35886,3039018,First Community Bank,Bluefield,13012,VA,51,4,13012
1,NM,0.9343516059656224,06/30/2026,11.74,391052,1795,356521,First Exchange Bank,White Hall,13020,WV,54,4,13020
1,NM,1.531038749893038,06/30/2026,14.06,156351,1163,123868,Oakwood Bank,Pigeon Falls,13030,WI,55,2,13030
1,NM,1.9280019047729664,06/30/2026,20.09,344470,3320,283115,Citizens First Bank,Viroqua,13032,WI,55,4,13032
1,SM,1.5043343092969825,06/30/2026,14.48,279490,2092,244103,The Farmers State Bank of Waupaca,Waupaca,13033,WI,55,8,13033
1,N,0.10619239817832554,06/30/2026,0.76,76465,41,63684,"Park Bank, National Association",Holmen,13054,WI,55,7,13054
1,NM,1.3915698213389964,06/30/2026,10.8,1167142,8156,995992,Citizens Bank,Mukwonago,13055,WI,55,4,13055
1,N,0.887709161657057,06/30/2026,8.07,781326,3419,602137,Hiawatha National Bank,Hager City,13058,WI,55,4,13058
1,SI,0.8773095585855458,06/30/2026,9.89,2172557,9198,1678779,Kennebunk Savings Bank,Kennebunk,13063,ME,23,4,13063
1,SM,1.1152010741330634,06/30/2026,13.45,445058,2453,394362,Community Bank and Trust,Neosho,13068,MO,29,2,13068
1,SM,2.5306409064677164,06/30/2026,23.76,747729,9406,642229,Town & Country Bank,Salem,13071,MO,29,8,13071
1,SM,1.1076859445381517,06/30/2026,12.56,792662,4285,673755,First Western Bank,Booneville,13083,AR,5,4,13083
1,N,0.8786607428313559,06/30/2026,6.11,21335888,92700,16801603,Seacoast National Bank,Stuart,131,FL,12,4,131
1,SM,1.6605230238131399,06/30/2026,15.52,7237115,58948,6344228,Lake City Bank,Warsaw,13102,IN,18,4,13102
1,NM,1.0564348459486446,06/30/2026,10.41,908766,4745,795181,"Citizens State Bank of New Castle, Indiana",New Castle,13107,IN,18,4,13107
1,NM,0.779264811835833,06/30/2026,9.37,1109838,4229,894808,Jackson County Bank,Seymour,13109,IN,18,4,13109
1,SM,0.6626815350184563,06/30/2026,7.88,247428,798,226262,Hendricks County Bank and Trust Company,Brownsburg,13111,IN,18,4,13111
1,NM,0.806724759060258,06/30/2026,11.87,388533,1572,323764,Owen County State Bank,Spencer,13112,IN,18,4,13112
1,NM,0.11369724631813144,06/30/2026,1,240625,139,192360,Peoples Trust and Savings Bank,Boonville,13113,IN,18,5,13113
1,SM,0.9190527966885152,06/30/2026,12.45,543777,2540,478709,The Friendship State Bank,Friendship,13130,IN,18,8,13130
1,NM,1.4587467544292771,06/30/2026,14.53,178191,1295,149715,Bank of Clarkson,Clarkson,13167,KY,21,4,13167
1,SM,1.9067564263264316,06/30/2026,19.33,413562,3912,358296,First Community Bank,Harbor Springs,13179,MI,26,4,13179
1,NM,1.0865645555693015,06/30/2026,14.36,257424,1376,226700,Union State Bank of Hazen,Hazen,13195,ND,38,2,13195
1,NM,1.3864000754503443,06/30/2026,10.91,69930,490,60742,Peoples State Bank,Westhope,13196,ND,38,2,13196
1,NM,1.246445024481687,06/30/2026,15.4,1853302,11195,1648644,Cornerstone Bank,Fargo,13198,ND,38,2,13198
1,NM,1.4196779964221826,06/30/2026,11.59,285842,1984,247227,The Fort Jennings State Bank,Fort Jennings,13209,OH,39,4,13209
1,NM,0.6270471481574139,06/30/2026,6.15,520058,1625,450229,The Savings Bank,Circleville,13216,OH,39,4,13216
1,NM,1.6632894959197568,06/30/2026,17.25,859237,7021,738757,The Peoples Bank Co.,Coldwater,13220,OH,39,8,13220
1,NM,0.9180302786057961,06/30/2026,8.57,245590,1120,183037,Farmers & Merchants State Bank,Waterloo,13242,WI,55,4,13242
1,SM,0.773077582409075,06/30/2026,9.93,178210,699,154061,The State Savings Bank of Manistique,Manistique,13249,MI,26,4,13249
1,NM,2.696557682688373,06/30/2026,11.16,89156,1186,66674,Chambers State Bank,Chambers,13251,NE,31,2,13251
1,SM,1.0985043050180288,06/30/2026,12.84,1237744,6840,1041239,Midwest Bank,Pierce,13255,NE,31,2,13255
1,NM,0.7952611416945244,06/30/2026,9.71,723372,2869,627173,Bank of Luxemburg,Luxemburg,13264,WI,55,4,13264
1,SM,1.8317007280741422,06/30/2026,14.92,203181,1816,174477,Bank of Commerce,Chelsea,13274,OK,40,4,13274
1,SM,0.7606303933618527,06/30/2026,9.73,1197828,4529,1071421,Solvay Bank,Solvay,13297,NY,36,4,13297
1,NM,0.3539533375557219,06/30/2026,1.79,332323,584,254051,Bank of England,England,13303,AR,5,2,13303
1,NM,0.9306266021700029,06/30/2026,10.16,798096,3614,721581,The New Washington State Bank,New Washington,13305,IN,18,4,13305
1,NM,1.7354125356850583,06/30/2026,15.04,5834435,50222,5096373,Farmers & Merchants Bank of Central California,Lodi,1331,CA,6,2,1331
1,SM,1.172734121279432,06/30/2026,11.52,1612519,9278,1399812,The State Bank and Trust Company,Defiance,13339,OH,39,4,13339
1,SM,1.196417217058281,06/30/2026,11.77,1414784,8138,1093341,The Croghan Colonial Bank,Fremont,13341,OH,39,4,13341
1,SM,1.8782936333437736,06/30/2026,21.99,428732,4008,385889,Exchange Bank and Trust Company,Perry,13366,OK,40,4,13366
1,NM,1.531033632609455,06/30/2026,15.57,164128,1242,147411,Northeast Missouri State Bank,Kirksville,13381,MO,29,2,13381
1,NM,1.3375140507602201,06/30/2026,15.46,139772,942,120655,Farmers and Merchants State Bank of Springfield,Springfield,13382,MN,27,2,13382
1,NM,4.802265975110775,06/30/2026,18.69,1508615,34909,1074005,Bank of Utica,Utica,13397,NY,36,9,13397
1,NM,2.049449858296194,06/30/2026,14.99,391479,4046,335038,Farmers State Bank,Center,13407,TX,48,4,13407
1,NM,1.5551181102362204,06/30/2026,12.65,80311,632,69853,Farmers and Merchants Bank,Arnett,13415,OK,40,2,13415
1,NM,2.8838572728191654,06/30/2026,28.21,66687,951,59526,Oklahoma State Bank,Buffalo,13416,OK,40,2,13416
1,NM,1.6570163807045444,06/30/2026,15.67,9238781,76003,7516889,Union Bank and Trust Company,Lincoln,13421,NE,31,4,13421
1,SM,1.8540363612794504,06/30/2026,21.37,206645,1907,187877,Wadena State Bank,Wadena,13430,MN,27,4,13430
1,NM,1.3510266566895728,06/30/2026,14.46,99703,656,89241,Integrity Bank,Montezuma,13450,KS,20,2,13450
1,NM,1.4849848914299768,06/30/2026,14.03,816093,5998,723052,Royal Bank,Elroy,13454,WI,55,2,13454
1,NM,0.8725615915294185,06/30/2026,8.3,89596,406,78585,The State Exchange Bank,Lamont,13551,OK,40,2,13551
1,SM,0.8043484160997985,06/30/2026,11.46,415590,1630,381134,Fleetwood Bank,Fleetwood,13561,PA,42,8,13561
1,NM,0.6263330565061004,06/30/2026,6.38,841180,2661,719484,Bank of Sun Prairie,Sun Prairie,13565,WI,55,4,13565
1,NM,0.35294117647058826,06/30/2026,4.14,37724,66,34362,State Bank of Nauvoo,Nauvoo,13582,IL,17,8,13582
1,NM,0.7002684280519583,06/30/2026,7.6,415881,1427,375048,First Lockhart Bank,Lockhart,13599,TX,48,4,13599
1,NM,1.723916182341022,06/30/2026,17.49,137289,1184,121846,POINTWEST BANK,West,13600,TX,48,5,13600
1,NM,0.8501122387142479,06/30/2026,8.58,39676,166,35599,Bank of Mead,Mead,13611,NE,31,2,13611
1,NM,2.128728927490016,06/30/2026,8.79,138023,1433,103649,Corydon State Bank,Corydon,13616,IA,19,2,13616
1,NM,1.058210250494092,06/30/2026,10.24,1231229,6294,927557,Dayspring Bank,Gothenburg,13622,NE,31,2,13622
1,SM,0.6208887666828825,06/30/2026,4.85,665372,1957,547048,First State Bank,Russellville,13632,AR,5,4,13632
1,NM,0.8369058502925711,06/30/2026,9.01,1591618,6655,1395748,Peoples Bank and Trust Company,Mcpherson,1365,KS,20,4,1365
1,NM,1.400159219494578,06/30/2026,11.87,380280,2688,335105,Pine Country Bank,Little Falls,13652,MN,27,2,13652
1,NM,1.1244539210034659,06/30/2026,12.41,290042,1619,232735,United Community Bank,Milford,13656,IA,19,2,13656
1,NM,1.6153805256411014,06/30/2026,17.33,232861,1823,209673,"Farmers and Merchants State Bank, Bloomfield, Nebraska",Bloomfield,13662,NE,31,2,13662
1,NM,1.2493738736923317,06/30/2026,13.41,175606,1085,158569,Brunswick State Bank,Brunswick,13692,NE,31,2,13692
1,NM,-0.18510168727307244,06/30/2026,-1.46,36596,-26,32846,Nebraska State Bank,Bristow,13696,NE,31,2,13696
1,N,1.6819867645228983,06/30/2026,13.8,641498,5362,541490,Greenville National Bank,Greenville,13703,OH,39,4,13703
1,NM,1.4857877813504823,06/30/2026,13.26,384129,2888,299050,The Libertyville Savings Bank,Fairfield,13712,IA,19,2,13712
1,NM,1.1752045250587417,06/30/2026,14.11,88352,526,80260,The State Bank,Spirit Lake,13715,IA,19,8,13715
1,NM,1.0042098923766065,06/30/2026,9.53,1609147,7787,1384583,BOM Bank,Natchitoches,1373,LA,22,4,1373
1,NM,1.4397691012157678,06/30/2026,11.38,304820,2150,242137,Savings Bank,Primghar,13735,IA,19,2,13735
1,NM,1.1730754702727204,06/30/2026,9.95,108381,647,88183,Maynard Savings Bank,Maynard,13736,IA,19,2,13736
1,NM,0.9147239205529505,06/30/2026,11.25,208229,963,187024,Farmers & Merchants Bank & Trust,Burlington,13737,IA,19,8,13737
1,NM,0.9089336178557009,06/30/2026,9.68,81481,394,72995,The Bank of Commerce,White Castle,1374,LA,22,4,1374
1,N,0.06514483050085633,06/30/2026,0.64,294807,93,208830,The Upstate National Bank,Ogdensburg,13748,NY,36,4,13748
1,NM,1.3064149012107906,06/30/2026,9.82,225489,1455,185626,Blue Grass Savings Bank,Blue Grass,13753,IA,19,4,13753
1,NM,1.0938285459214003,06/30/2026,9.64,480828,2622,405420,Citizens Bank & Trust Company,Plaquemine,1376,LA,22,4,1376
1,NM,0.9864524606292842,06/30/2026,6.81,50750,254,38433,Benton County State Bank,Blairstown,13774,IA,19,2,13774
1,NM,0.7718536484539078,06/30/2026,7.81,232571,890,194331,Farmers State Bank,Mountain City,13775,TN,47,4,13775
1,N,0.8836019672516968,06/30/2026,15.3,193510,851,170838,"Northern Interstate Bank, N. A.",Norway,13784,MI,26,8,13784
1,NM,1.5551002759131902,06/30/2026,13.8,129992,1007,114115,"Concordia Bank of Concordia, Missouri",Concordia,13788,MO,29,4,13788
1,NM,1.6123831022250887,06/30/2026,17.22,118708,950,105939,McIntosh County Bank,Ashley,13794,ND,38,2,13794
1,N,1.4099629667729656,06/30/2026,12.5,104413,731,92471,First National Bank in Fredonia,Fredonia,13798,KS,20,7,13798
1,NM,1.5449579280024106,06/30/2026,14.55,180398,1333,146055,Feliciana Bank & Trust Company,Clinton,1380,LA,22,4,1380
1,NM,1.5071091584118286,06/30/2026,19.37,306072,2324,279485,Farmers and Merchants Bank,Laotto,13801,IN,18,4,13801
1,SM,1.0793052682404956,06/30/2026,14.97,137600,760,126498,The Twin Valley Bank,West Alexandria,13802,OH,39,4,13802
1,N,1.068818698929157,06/30/2026,9.89,204003,1056,180255,Minnstar Bank National Association,Lake Crystal,13809,MN,27,4,13809
1,N,1.2147649552588058,06/30/2026,15.05,138388,841,124498,First National Bank in Pinckneyville,Pinckneyville,13813,IL,17,8,13813
1,SM,1.297314257785394,06/30/2026,12.65,166052,1075,128577,Bank 1st,West Union,13816,IA,19,2,13816
1,NM,1.8340844495391233,06/30/2026,19.07,264422,2336,237305,Commercial State Bank,Wausa,13819,NE,31,4,13819
1,NM,1.9149398574893437,06/30/2026,18.16,593483,5507,480686,Cross Bank,Wynne,13821,AR,5,2,13821
1,NM,1.9355407609893744,06/30/2026,12.2,46964,439,39335,The Trust Bank,Lenox,13832,GA,13,8,13832
1,NM,1.5287725846956624,06/30/2026,13.79,419374,3129,321852,Kentland Bank,Kentland,13843,IN,18,2,13843
1,SM,1.5066515169525718,06/30/2026,14.83,1134968,8471,989999,First State Bank Nebraska,Lincoln,13868,NE,31,2,13868
1,SM,1.362221549309278,06/30/2026,12.34,8414627,57402,7183689,CNB Bank,Clearfield,13876,PA,42,4,13876
1,NM,1.4243201329060629,06/30/2026,20,180482,1246,158133,The Farmers State Bank,Mcpherson,13883,KS,20,2,13883
1,NM,1.07799149722494,06/30/2026,15.6,307637,1649,276852,Farmers and Merchants Bank,Lafayette,13887,AL,1,8,13887
1,NM,1.522252112355213,06/30/2026,17.36,382766,2918,347118,Sandhills State Bank,North Platte,13892,NE,31,2,13892
1,NM,0.06586478899744382,06/30/2026,0.59,20369,7,17888,Farmers State Bank of Medora,Medora,13902,IL,17,2,13902
1,N,1.1422875385589397,06/30/2026,11.48,225353,1272,202285,First Texoma National Bank,Durant,13905,OK,40,4,13905
1,NM,0.1353637901861252,06/30/2026,2.2,56697,38,52693,Arlington State Bank,Arlington,1391,MN,27,2,1391
1,N,1.4323742348971669,06/30/2026,12.16,578803,4224,504400,"SouthTrust Bank, N.A.",George West,13919,TX,48,4,13919
1,NM,0.9260808926080893,06/30/2026,4.17,36584,166,28374,"The State Bank of Canton, Canton, Kansas",Canton,13926,KS,20,2,13926
1,NM,0.8088473924657363,06/30/2026,5.97,40617,162,34940,State Bank of Schaller,Schaller,13931,IA,19,2,13931
1,NM,1.7333883615352867,06/30/2026,17.45,255151,2198,229318,First Bank & Trust Company,Perry,13946,OK,40,2,13946
1,NM,2.389531689215554,06/30/2026,19.56,340264,4001,297839,Alamosa State Bank,Alamosa,13947,CO,8,2,13947
1,NM,1.5572740050749412,06/30/2026,23.69,852855,6714,791649,Community Bank of Louisiana,Mansfield,13951,LA,22,7,13951
1,SM,1.5994286727665754,06/30/2026,15.18,1257038,10011,872978,Iowa State Bank,Hull,13953,IA,19,2,13953
1,NM,1.8865979857212958,06/30/2026,13.47,217915,2044,183224,Foundation Bank,Mc Kenzie,13955,TN,47,8,13955
1,NM,1.6951665082534726,06/30/2026,5.28,80511,648,53726,CBW Bank,Weir,13959,KS,20,7,13959
1,NM,1.069650212085818,06/30/2026,7.43,67358,348,51155,The Bank of Houston,Houston,13960,MO,29,4,13960
1,SM,1.4336364017447207,06/30/2026,17.16,150982,1083,136898,Bank of Hartington,Hartington,13962,NE,31,2,13962
1,N,1.1739156287074186,06/30/2026,11.07,118351,691,105129,The Granville National Bank,Granville,13983,IL,17,8,13983
1,N,0.33076074972436603,06/30/2026,2.06,6475,11,5102,"Transact Bank, National Association",Denver,13986,CO,8,4,13986
1,SM,1.8151135844194606,06/30/2026,15.71,3656900,33428,3131406,Frandsen Bank & Trust,Lonsdale,1399,MN,27,4,1399
1,NM,1.135752367853033,06/30/2026,14.9,49179,278,45303,Palo Savings Bank,Palo,13990,IA,19,2,13990
1,NM,1.2485405446122555,06/30/2026,12.71,36044,221,32369,The Farmers and Merchants State Bank,Scotland,13999,SD,46,2,13999
1,SM,0.9699555199953096,06/30/2026,12.96,412620000,1875000,326247000,State Street Bank and Trust Company,Boston,14,MA,25,9,14
1,SM,1.5723506394609084,06/30/2026,13.88,416526,3283,365974,Chelsea State Bank,Chelsea,14009,MI,26,4,14009
1,NM,0.4450373928657641,06/30/2026,5.06,1193543,2578,1078923,Middletown Valley Bank,Middletown,14017,MD,24,4,14017
1,NM,0.19746608082926598,06/30/2026,2,1436180,1438,1221175,Citizens Alliance Bank,Clara City,1402,MN,27,2,1402
1,NM,1.2420950218907088,06/30/2026,19.39,65019,383,59999,"Farmers and Merchants Bank of Mound City, Kansas",Mound City,14024,KS,20,8,14024
1,NM,1.9516283838032495,06/30/2026,18.77,516611,4975,456335,Connections Bank,Platte City,14025,MO,29,4,14025
1,NM,2.730447666419727,06/30/2026,17.34,86922,1204,72092,Scribner Bank,Scribner,14026,NE,31,2,14026
1,NM,0.38589289497161783,06/30/2026,5.85,3892365,7669,3464699,First Guaranty Bank,Hammond,14028,LA,22,4,14028
1,NM,1.0688611647110153,06/30/2026,9.51,885016,4581,768323,First Liberty Bank,Oklahoma City,14029,OK,40,4,14029
1,SM,2.1388164937181395,06/30/2026,18.31,461453,5125,403177,The Missouri Bank,Warrenton,14036,MO,29,4,14036
1,NM,1.191943378287968,06/30/2026,10.32,343474,2031,301134,Farmers and Merchants Bank of St. Clair,Saint Clair,14056,MO,29,4,14056
1,NM,1.1073928875151062,06/30/2026,9.65,392018,2103,340503,Great Plains State Bank,Petersburg,14058,NE,31,2,14058
1,NM,1.3313548047645183,06/30/2026,12.22,3985347,19079,3459158,Vallant Bank,Elberton,14065,GA,13,4,14065
1,NM,0.39957600546087213,06/30/2026,1.97,60976,120,48590,State Bank of Scotia,Scotia,14069,NE,31,2,14069
1,N,1.000844869045298,06/30/2026,10.83,1364594,6699,1105618,County National Bank,Hillsdale,14073,MI,26,4,14073
1,SM,1.6785168963823938,06/30/2026,13.37,621332,5207,497952,GNB Bank,Grundy Center,14079,IA,19,2,14079
1,NM,1.0111475710310802,06/30/2026,10.09,125850,662,99027,Bison State Bank,Bison,14083,KS,20,4,14083
1,NM,1.3049845080525386,06/30/2026,13.57,446697,2923,376192,Kensington Bank,Kensington,1409,MN,27,2,1409
1,N,1.7330395088934363,06/30/2026,18.71,79369,734,71419,The First National Bank in Falfurrias,Falfurrias,14095,TX,48,7,14095
1,NM,0.8066845929909553,06/30/2026,8.08,58272,242,46830,Generations Bank,Exeter,14096,NE,31,2,14096
1,NM,1.4788307291649025,06/30/2026,15.72,506621,3638,444323,The Peoples State Bank,Ellettsville,14113,IN,18,4,14113
1,NM,0.9979904237104511,06/30/2026,12.57,158134,783,144586,Perennial Bank,Darwin,1413,MN,27,8,1413
1,SI,1.3521349922472596,06/30/2026,10.24,934455,6315,752956,Passumpsic Savings Bank,Saint Johnsbury,14134,VT,50,5,14134
1,SI,0.6213670074163159,06/30/2026,6.99,266865,806,234608,Wells River Savings Bank,Wells River,14136,VT,50,5,14136
1,SI,0.7117144845024695,06/30/2026,7.33,1576574,5650,1329504,Northfield Savings Bank,Northfield,14140,VT,50,4,14140
1,SB,1.0496063976008996,06/30/2026,11.4,140608,742,124956,Northwoods Bank of Minnesota,Park Rapids,1415,MN,27,4,1415
1,NM,0.8008704642656665,06/30/2026,12.83,1558133,6406,1100008,Union Bank,Morrisville,14158,VT,50,4,14158
1,NM,1.016629962214822,06/30/2026,9.16,395438,1965,348764,Peoples Trust Company of St. Albans,Saint Albans,14168,VT,50,4,14168
1,N,0.6347051513664227,06/30/2026,6.69,331007,1013,298548,Woodlands National Bank,Hinckley,1417,MN,27,4,1417
1,NM,1.0494033213719436,06/30/2026,7.47,98168,503,84433,Silex Banking Company,Silex,14178,MO,29,2,14178
1,NM,1.8843979326291476,06/30/2026,22.96,246469,2252,225408,Bank of Weston,Weston,1418,MO,29,4,1418
1,NM,1.064758247512655,06/30/2026,16.41,364235,1891,326196,Marion Community Bank,Marion,14184,AL,1,4,14184
1,SM,1.8523535057008342,06/30/2026,16.98,658983,6006,558719,"First State Bank and Trust Company, Inc.",Caruthersville,14185,MO,29,2,14185
1,SM,1.5831148305051648,06/30/2026,14.55,422690,3040,373787,Farmers Trust and Savings Bank,Buffalo Center,14195,IA,19,2,14195
1,NM,-1.022465671273968,06/30/2026,-11.04,1712237,-8934,1474860,Lincoln Savings Bank,Reinbeck,14207,IA,19,4,14207
1,SM,2.2243926385387534,06/30/2026,15.61,193714,2175,161094,Security Savings Bank,Gowrie,14208,IA,19,2,14208
1,NM,2.1651747623212776,06/30/2026,15.84,1118564,12117,919511,Farmers State Bank,Marion,14209,IA,19,4,14209
1,SM,1.6368037550203791,06/30/2026,17.42,1040797,8432,827499,Security Financial Bank,Durand,14222,WI,55,2,14222
1,N,0.9617903590134412,06/30/2026,10.12,185555,875,166996,The Home National Bank of Thorntown,Thorntown,14225,IN,18,5,14225
1,NM,1.4512238681376897,06/30/2026,16.58,253216,1808,217726,Malvern Bank,Malvern,14230,IA,19,4,14230
1,NM,1.8422928262100842,06/30/2026,15.27,228389,2098,199691,United Bank and Trust Company,Hampton,14247,IA,19,2,14247
1,NM,1.6672683160254202,06/30/2026,14.15,854141,7282,679759,Focus Bank,Charleston,1426,MO,29,4,1426
1,NM,2.3340182202157633,06/30/2026,12.04,70312,816,56549,Walters Bank and Trust Company,Walters,14260,OK,40,2,14260
1,SM,1.4251253913349131,06/30/2026,14.6,1049484,7379,852763,Cornhusker Bank,Lincoln,14264,NE,31,4,14264
1,N,1.9957255083179297,06/30/2026,20.52,2233301,22112,1853061,National Bank of Commerce,Superior,14266,WI,55,4,14266
1,NM,2.105707140286492,06/30/2026,26.83,442401,4593,381242,The Citizens State Bank,Marysville,14269,KS,20,2,14269
1,NM,1.8320112341594612,06/30/2026,15.76,97241,898,81215,United Security Bank,Fulton,1427,MO,29,8,1427
1,NM,1.779142753670174,06/30/2026,15.75,215432,1875,165141,Farmers and Merchants Bank,Milligan,14275,NE,31,2,14275
1,NM,2.031411821714633,06/30/2026,15.5,629487,6414,528331,"First Bank, Upper Michigan",Gladstone,14276,MI,26,4,14276
1,SM,0.6286560250444344,06/30/2026,4.47,77373,247,62443,First Bank of Utica,Utica,14281,NE,31,2,14281
1,SM,0.6685284045995509,06/30/2026,7.01,217421,709,193031,BANK,Wapello,14291,IA,19,4,14291
1,NM,1.3563372290252567,06/30/2026,12.69,107251,753,93707,Citizens Bank & Trust,Rock Port,14293,MO,29,2,14293
1,NM,1.8631684652858655,06/30/2026,18.49,241104,2245,154566,Adams County Bank,Kenesaw,14311,NE,31,2,14311
1,SM,0.8020473575670237,06/30/2026,7.46,551656,2152,488563,Five Points Bank of Hastings,Hastings,14312,NE,31,2,14312
1,NM,2.117513329183469,06/30/2026,15.97,127456,1304,101296,Conservation First Bank,Benton,14316,WI,55,2,14316
1,NM,2.952369230769231,06/30/2026,19.92,574260,7996,474946,Horizon Bank,Waverly,14327,NE,31,4,14327
1,SM,1.032938287289087,06/30/2026,8.7,684342,3442,598290,FirstBank,Antlers,14331,OK,40,8,14331
1,NM,0.5613538446717238,06/30/2026,5.6,357463,1010,307655,Commercial Bank and Trust of PA,Latrobe,14333,PA,42,8,14333
1,NM,1.4614115601044395,06/30/2026,17.79,577546,4196,491079,United Bank of Union,Union,14334,MO,29,4,14334
1,SM,1.6853130207093547,06/30/2026,13.74,228874,1947,194140,Town & Country Bank,Ravenna,1434,NE,31,2,1434
1,SM,0.9596275504952534,06/30/2026,10.03,42802,202,36195,Farmers State Bank,Phillipsburg,14344,KS,20,2,14344
1,NM,1.1983602823958097,06/30/2026,14.16,147015,877,132902,Bank of Salem,Salem,14349,MO,29,8,14349
1,NM,2.1337288836471675,06/30/2026,19.6,1575285,16744,1219400,Exchange Bank,Kearney,1435,NE,31,4,1435
1,NM,1.7855708682354625,06/30/2026,18.8,155836,1371,133828,Federation Bank,Washington,14352,IA,19,2,14352
1,N,0.4840874275253096,06/30/2026,4.25,389928,918,327060,The First Citizens National Bank of Upper Sandusky,Upper Sandusky,14355,OH,39,4,14355
1,NM,1.3524666094015798,06/30/2026,9.03,118534,803,96698,Countryside Bank,Unadilla,1438,NE,31,2,1438
1,NM,1.2992572762209653,06/30/2026,12.72,2603348,16687,2131878,Fidelity Bank & Trust,Dubuque,14382,IA,19,2,14382
1,NM,3.610247560557804,06/30/2026,18.71,132031,2371,105274,American Interstate Bank,Elkhorn,1439,NE,31,4,1439
1,NM,2.7796626270576903,06/30/2026,12.57,191554,2731,138121,Farmers Trust & Savings Bank,Williamsburg,14392,IA,19,2,14392
1,N,1.0828428665705936,06/30/2026,8.84,72625,402,63077,Haskell National Bank,Haskell,14399,TX,48,2,14399
1,N,1.0844729393309005,06/30/2026,8.1,29258,159,25312,First National Bank in Tigerton,Tigerton,14400,WI,55,8,14400
1,NM,1.8396543756880546,06/30/2026,19.58,787947,7219,693189,City State Bank,Norwalk,14410,IA,19,4,14410
1,SM,1.2416691302958935,06/30/2026,15.55,352064,2086,300897,"Iowa State Bank and Trust Company of Fairfield, Iowa",Fairfield,14413,IA,19,2,14413
1,NM,2.20665442542445,06/30/2026,16.72,187655,2049,156518,Bellevue State Bank,Bellevue,14415,IA,19,2,14415
1,NM,1.284878634283194,06/30/2026,15.48,270262,1777,234954,FNB Bank,Goodland,14420,KS,20,2,14420
1,N,1.4413248002589434,06/30/2026,16.54,419041,3028,379182,First National Bank in DeRidder,Deridder,14427,LA,22,4,14427
1,NM,1.7644446830001417,06/30/2026,15.11,872148,7232,751948,Farmers and Merchants Union Bank,Columbus,14445,WI,55,4,14445
1,NM,1.334569461162907,06/30/2026,10.17,357447,2380,305372,Citizens Bank,New Haven,14488,MO,29,4,14488
1,SM,3.435757292985847,06/30/2026,31.08,222803,3866,194496,The Bank of Charlotte County,Phenix,14491,VA,51,8,14491
1,NM,2.1207533029162886,06/30/2026,22.91,733311,7678,604268,HomeBank,Palmyra,14492,MO,29,2,14492
1,NM,1.0497185482814633,06/30/2026,12.46,805671,4194,652455,"CNB Bank, Inc.",Berkeley Springs,14507,WV,54,4,14507
1,SM,1.6467854459958158,06/30/2026,17.36,673292,5601,595812,Thumb Bank and Trust,Pigeon,14513,MI,26,2,14513
1,SM,1.3014668389134283,06/30/2026,15.67,2348695,15429,1971381,Bank Iowa,West Des Moines,14521,IA,19,2,14521
1,NM,0.9051346201939833,06/30/2026,10.2,326082,1502,294012,PCSB Bank,Clarinda,14522,IA,19,2,14522
1,NM,0.3560786527112609,06/30/2026,4.48,161306,286,148190,The Antwerp Exchange Bank Company,Antwerp,14523,OH,39,8,14523
1,N,1.7579989376087175,06/30/2026,16.07,10380511,88364,9110679,Amarillo National Bank,Amarillo,14531,TX,48,4,14531
1,NM,2.4601148620380293,06/30/2026,17.46,453114,5498,387702,New Era Bank,Fredericktown,14546,MO,29,4,14546
1,NM,1.5925819711308669,06/30/2026,14.05,105044,833,88131,Exchange State Bank,Saint Paul,14556,KS,20,2,14556
1,NM,1.3442545961849248,06/30/2026,13.58,117627,811,97363,Union State Bank,West Salem,14560,WI,55,8,14560
1,N,1.2035669816314591,06/30/2026,11.72,469292,2808,415418,First National Bank in Olney,Olney,14567,IL,17,2,14567
1,NM,-0.11103389001065103,06/30/2026,-1.39,82424,-45,74428,Odin State Bank,Odin,14574,MN,27,2,14574
1,NM,1.8467550132161472,06/30/2026,18.63,1314941,11853,1160870,Farmers State Bank,Lagrange,14578,IN,18,9,14578
1,NM,1.7090544332567266,06/30/2026,16.74,81405,673,70670,Clarkson Bank,Clarkson,14581,NE,31,2,14581
1,N,0.5243946729653252,06/30/2026,8.56,250518,669,234300,The First National Bank in Trinidad,Trinidad,14584,CO,8,8,14584
1,NM,1.0804456731095278,06/30/2026,11.21,1242309,6293,1061347,University Bank,Ann Arbor,14587,MI,26,5,14587
1,SM,2.431837248322148,06/30/2026,22.17,710191,8503,625856,Union Bank,Mena,14597,AR,5,8,14597
1,NM,1.699915203293138,06/30/2026,21.78,259720,2135,227434,Community Point Bank,Russellville,14604,MO,29,2,14604
1,N,0.6640257880914529,06/30/2026,9.03,187172,630,170256,Savannah Bank National Association,Savannah,14619,NY,36,8,14619
1,NM,1.0151586638559795,06/30/2026,11.61,613590,3127,501413,Community Savings Bank,Edgewood,14633,IA,19,2,14633
1,NM,1.3781802523653526,06/30/2026,17.01,261621,1755,234145,Bank of Holland,Holland,1464,NY,36,8,1464
1,NM,0.7688779970477377,06/30/2026,9.47,284164,1073,251379,The Commercial Bank,Honea Path,14642,SC,45,7,14642
1,N,1.0232401217350715,06/30/2026,11.08,728383,3690,655381,The Malvern National Bank,Malvern,14644,AR,5,4,14644
1,N,0.7297855584921064,06/30/2026,9.64,889115,3245,784598,Newfield National Bank,Newfield,14646,NJ,34,4,14646
1,NM,1.2716946776687525,06/30/2026,11.93,138336,880,122673,Community Bank,Dunlap,14649,IA,19,2,14649
1,NM,2.0795852166471964,06/30/2026,16.08,4794969,48916,3525152,Hills Bank and Trust Company,Hills,14650,IA,19,4,14650
1,NM,1.5732878184998684,06/30/2026,12.46,744547,5927,644308,Bank of Prairie du Sac,Prairie Du Sac,14660,WI,55,4,14660
1,NM,1.9418036358291382,06/30/2026,19.69,640220,6165,557570,TrustBank,Olney,14662,IL,17,4,14662
1,N,1.0106453391592756,06/30/2026,10.99,324517,1616,264885,The First National Bank in Amboy,Amboy,14674,IL,17,2,14674
1,NM,0.013433285010821975,06/30/2026,0.1,774247,52,606994,Industrial Bank,Washington,14679,DC,11,4,14679
1,SM,1.4923021517961645,06/30/2026,15.4,299054,2210,266287,Bank of Crockett,Bells,1468,TN,47,2,1468
1,SM,1.1746248479724382,06/30/2026,14.17,529640,3031,464317,Peoples Bank,Clive,14692,IA,19,2,14692
1,NM,1.4044322674246141,06/30/2026,15.71,126253,868,114472,Cedar Valley Bank & Trust,La Porte City,14694,IA,19,2,14694
1,SM,1.0605762203706808,06/30/2026,11.53,417292,2172,364476,MA Bank,Macon,14695,MO,29,2,14695
1,NM,1.9420608116898324,06/30/2026,18.18,490737,4354,435303,Century Bank and Trust,Milledgeville,147,GA,13,4,147
1,NM,1.9054901446419952,06/30/2026,13.81,116622,1138,98877,Bank of New Madrid,New Madrid,14701,MO,29,2,14701
1,NM,1.8136408630241436,06/30/2026,21.9,277340,2446,247711,DeWitt Bank & Trust Co.,Dewitt,14705,IA,19,2,14705
1,N,2.499447341386978,06/30/2026,11.01,2032246,25628,1510979,First National Bank,Fort Pierre,14712,SD,46,4,14712
1,NM,0.7523411160839233,06/30/2026,9.03,396664,1465,313479,Union Bank,Grand Rapids,14722,MI,26,4,14722
1,NM,2.1234216610350347,06/30/2026,21.31,436363,4577,388909,Frontier Bank,Lamar,14730,CO,8,2,14730
1,N,1.581452972257939,06/30/2026,14.56,133703,1068,118963,The Citizens National Bank of Quitman,Quitman,14731,GA,13,2,14731
1,SM,1.2541259452348863,06/30/2026,16.32,505974,3108,446306,"First Community Bank of the Heartland, Inc.",Clinton,14735,KY,21,2,14735
1,NM,0.6024799956701201,06/30/2026,6,236688,705,212285,"Williamstown Bank, Inc.",Williamstown,14744,WV,54,4,14744
1,NM,1.7570389290877109,06/30/2026,12.63,168551,1495,142564,Peoples Bank & Trust Company,Manchester,1475,TN,47,4,1475
1,SM,1.084851579586292,06/30/2026,11.56,318994,1689,260084,1NB Bank,Carlyle,14761,IL,17,2,14761
1,NM,0.5651911572136492,06/30/2026,5.33,835042,2348,583621,DMB Community Bank,Madison,14769,WI,55,4,14769
1,NM,0.8892353973058154,06/30/2026,7.1,182623,806,158970,Danville State Savings Bank,New London,14772,IA,19,8,14772
1,NM,1.7800198651262482,06/30/2026,15.77,207176,1816,181341,State Savings Bank,Bedford,14773,IA,19,2,14773
1,N,1.469659288184858,06/30/2026,15.34,303411,2218,272429,Citizens National Bank at Brownwood,Brownwood,14779,TX,48,7,14779
1,NM,1.071247051464168,06/30/2026,10.46,77929,411,64598,Citizens Savings Bank,Marshalltown,14785,IA,19,2,14785
1,NM,1.8780924721417795,06/30/2026,18.56,448109,4143,398082,Bank of Madison,Madison,148,GA,13,4,148
1,NM,1.7639195575554305,06/30/2026,12.85,542573,4757,466036,First State Bank & Trust,Williston,14801,ND,38,4,14801
1,NM,0.8513076484069969,06/30/2026,8.92,299087,1253,260165,Farmers Savings Bank,Colesburg,14807,IA,19,2,14807
1,NM,2.170043855031023,06/30/2026,16.94,256056,2851,203657,Heartland Bank,Somers,14809,IA,19,2,14809
1,NM,2.205806019664337,06/30/2026,41.81,432744,4887,387438,TS Bank,Treynor,14812,IA,19,2,14812
1,N,-1.8435776677534919,06/30/2026,-23.22,23897,-229,22000,The Citizens National Bank of Hammond,Hammond,14820,NY,36,5,14820
1,N,1.381507569591759,06/30/2026,13.71,467062,3177,418147,First National Bank in New Bremen,New Bremen,14836,OH,39,2,14836
1,NM,0.32795173960539103,06/30/2026,2.94,413119,707,364558,Bank of Frankewing,Frankewing,1484,TN,47,4,1484
1,NM,1.940879440780607,06/30/2026,15.27,1423669,13501,1191628,Citizens Bank,Elizabethton,14851,TN,47,4,14851
1,N,0.7851854507645698,06/30/2026,9.29,37882,146,34624,The First National Bank at St. James,Saint James,14853,MN,27,8,14853
1,NM,2.396743832048294,06/30/2026,26.13,357069,4225,315493,State Street Bank and Trust Company,Quincy,14857,IL,17,6,14857
1,N,1.6976359568051367,06/30/2026,17.51,124057,1047,111665,Stockmens National Bank in Cotulla,Cotulla,14864,TX,48,7,14864
1,NM,-0.2729400352004329,06/30/2026,-3.15,480739,-649,436945,Home State Bank,Jefferson,14867,IA,19,4,14867
1,NM,0.8110124333925399,06/30/2026,9.38,189109,761,141959,Peoples Savings Bank,Wellsburg,14868,IA,19,2,14868
1,SM,1.2693731578619323,06/30/2026,12.93,1762742,11303,1565094,First Farmers and Merchants Bank,Columbia,1487,TN,47,4,1487
1,SM,1.004392318967119,06/30/2026,11.37,553569,2757,502303,Community State Bank,Avilla,14883,IN,18,4,14883
1,NM,1.219553476986367,06/30/2026,15.08,889887,5344,816225,First Bank,Ketchikan,14885,AK,2,7,14885
1,NM,1.0278316397194966,06/30/2026,9.73,282697,1410,250684,The Farmers Bank,Nicholasville,14894,KY,21,8,14894
1,SM,0.9459366844241363,06/30/2026,9.96,1352864,6303,1123828,Blue Sky Bank,Pawhuska,14899,OK,40,4,14899
1,NM,2.1926276866189047,06/30/2026,19.22,134175,1518,117876,Bank of Hazlehurst,Hazlehurst,149,GA,13,2,149
1,NM,1.4673908433680438,06/30/2026,12.38,115746,865,97758,First Community Bank,Newell,14904,IA,19,2,14904
1,NM,2.1387281358751986,06/30/2026,15.32,103590,1097,88924,The International Bank of Amherst,Amherst,14907,WI,55,8,14907
1,NM,1.481115227370006,06/30/2026,13.95,361806,2676,314186,Shell Lake State Bank,Shell Lake,14911,WI,55,5,14911
1,NM,1.642072615455966,06/30/2026,12.39,141719,1133,121619,Bank of Dixon County,Ponca,14912,NE,31,2,14912
1,NM,1.0894749703590403,06/30/2026,11.54,301164,1605,260585,Collins State Bank,Collins,14914,WI,55,4,14914
1,SM,1.2659588764950946,06/30/2026,9.38,125278,785,107352,The Hamler State Bank,Hamler,14920,OH,39,4,14920
1,NM,1.8277689143894265,06/30/2026,16.82,354597,3330,311562,F&M Bank,West Point,14922,NE,31,2,14922
1,NM,0.8316296475969367,06/30/2026,8.99,833574,3440,720196,West Shore Bank,Ludington,14929,MI,26,4,14929
1,SM,2.033682980228082,06/30/2026,24.53,396119,4002,358964,First Iowa State Bank,Albia,14930,IA,19,2,14930
1,NM,1.7034961872338286,06/30/2026,20.33,212499,1808,183383,The Lyon County State Bank,Emporia,14952,KS,20,4,14952
1,NM,0.7907683330482812,06/30/2026,10.41,169501,655,139635,State Bank of Reeseville,Reeseville,14960,WI,55,2,14960
1,N,1.6278209396966332,06/30/2026,19.25,400374,3234,365974,The Security National Bank of Enid,Enid,14966,OK,40,4,14966
1,NM,1.175167262923221,06/30/2026,13.92,2084448,11826,1518008,Kish Bank,Belleville,14969,PA,42,4,14969
1,NM,1.3695072780701154,06/30/2026,13.93,1138646,7348,1027911,Security State Bank,Pearsall,1497,TX,48,4,1497
1,NM,1.179375658222615,06/30/2026,13.94,514926,2962,457634,First State Bank and Trust,Tonganoxie,14974,KS,20,4,14974
1,NM,1.1500516232648847,06/30/2026,15.82,136473,802,125311,Union State Bank,Winterset,14982,IA,19,8,14982
1,NM,1.3350997543948797,06/30/2026,12.13,329610,2207,289638,The Farmers State Bank,New Madison,14991,OH,39,2,14991
1,NM,1.1440242395309175,06/30/2026,9.67,1018687,5943,755702,River Bank,Stoddard,14995,WI,55,4,14995
1,NM,1.8297482610955718,06/30/2026,9.97,67750,616,54572,The Port Austin State Bank,Port Austin,14999,MI,26,8,14999
1,NM,1.6646972291219524,06/30/2026,16.8,274633,2301,218781,Columbus Bank and Trust Company,Columbus,15010,NE,31,2,15010
1,SM,1.5627198790717527,06/30/2026,11.56,13032205,100611,11101718,First Bank,Southern Pines,15019,NC,37,4,15019
1,SM,1.2356152496162986,06/30/2026,12.96,1349122,8268,1214315,First State Bank,Eastpointe,15032,MI,26,4,15032
1,SM,0.8052346215099044,06/30/2026,13.24,167823,675,153022,Riverwind Bank,Augusta,15035,AR,5,4,15035
1,NM,0.5526358019738425,06/30/2026,4.84,200512,551,174002,The Valley State Bank,Belle Plaine,15038,KS,20,5,15038
1,NM,1.5813481490169483,06/30/2026,13.44,388775,3101,339703,The Peoples Community Bank,Mazomanie,15046,WI,55,4,15046
1,NM,1.1197038557396277,06/30/2026,10.93,328117,1833,292551,First State Bank,Lonoke,15050,AR,5,4,15050
1,N,1.8703684638480174,06/30/2026,18.91,474030,4451,413727,Louisiana National Bank,Ruston,15059,LA,22,4,15059
1,N,1.6028042006473404,06/30/2026,18.53,93032,756,84621,Junction National Bank,Junction,15078,TX,48,2,15078
1,NM,1.1237223119555073,06/30/2026,16.79,831914,4630,686089,Arthur State Bank,Union,15085,SC,45,4,15085
1,NM,1.046677050319761,06/30/2026,10.11,3353305,17378,2788408,Lake Ridge Bank,Middleton,15091,WI,55,4,15091
1,NM,1.5143525787244128,06/30/2026,9.73,114101,852,96013,Richland County Bank,Richland Center,15092,WI,55,8,15092
1,NM,1.4618978373193898,06/30/2026,12.62,44252,315,39064,Union State Bank,Olsburg,15098,KS,20,2,15098
1,NM,1.7288859720238323,06/30/2026,14.02,317679,2687,274231,Bank of York,York,15104,SC,45,7,15104
1,NM,1.5056557304207625,06/30/2026,12.95,78989,593,69531,Zavala County Bank,Crystal City,15105,TX,48,5,15105
1,NM,1.813145603250884,06/30/2026,15.93,336186,3046,294521,The Citizens State Bank,Gridley,15111,KS,20,2,15111
1,NM,1.427261373090123,06/30/2026,14.48,160139,1118,144109,Bank of Greeleyville,Greeleyville,15113,SC,45,4,15113
1,NM,1.3306096613631786,06/30/2026,9.77,2062041,13489,1287319,Gateway First Bank,Jenks,15118,OK,40,4,15118
1,NM,2.93883524275471,06/30/2026,23.27,648501,9599,513360,Citizens State Bank of La Crosse,La Crosse,1513,WI,55,4,1513
1,NM,1.7485220780899633,06/30/2026,15.92,1079952,9378,927841,Bank of Wisconsin Dells,Wisconsin Dells,15136,WI,55,4,15136
1,NM,-0.858063165210573,06/30/2026,-5.64,233360,-963,174387,Great North Bank,Florence,15146,WI,55,8,15146
1,NM,1.379648709645766,06/30/2026,18.62,101764,703,85249,Black River Country Bank,Black River Falls,15152,WI,55,2,15152
1,NM,1.1026360352148536,06/30/2026,8.97,257672,1375,226240,The Farmers State Bank of Westmoreland,Westmoreland,15164,KS,20,2,15164
1,NM,0.430092954998939,06/30/2026,3.56,190380,402,142033,Peoples State Bank of Munising,Munising,15165,MI,26,4,15165
1,NM,1.2696828621096128,06/30/2026,11.49,322296,2095,283506,KCB Bank,Lakin,15194,KS,20,2,15194
1,NM,1.666230975469235,06/30/2026,16.34,794121,6512,694681,Decorah Bank & Trust Company,Decorah,15200,IA,19,2,15200
1,NM,0.41533589563146217,06/30/2026,3.98,491787,1023,433817,Bank3,Memphis,15205,TN,47,4,15205
1,NM,1.6476781000461598,06/30/2026,15.25,761734,6324,669472,First State Bank,Athens,15206,TX,48,4,15206
1,N,0.7547400736381531,06/30/2026,3.96,96975,370,76820,The First Central National Bank of St. Paris,St. Paris,15214,OH,39,2,15214
1,NM,1.2440597538320242,06/30/2026,11.66,192370,1192,170260,Peoples Bank,Lyons,15216,GA,13,4,15216
1,NM,1.105590062111801,06/30/2026,13.92,176294,979,152916,The Bank of Kaukauna,Kaukauna,15228,WI,55,4,15228
1,NM,1.4126993566549617,06/30/2026,13.89,4410309,30169,3595858,First Business Bank,Madison,15229,WI,55,4,15229
1,NM,0.9329113837155822,06/30/2026,7.2,96596,453,80698,Johnson State Bank,Johnson,15237,KS,20,2,15237
1,NM,1.6590615409465355,06/30/2026,16.53,330768,2739,297092,Northern State Bank,Ashland,15242,WI,55,8,15242
1,SM,0.9715396709610482,06/30/2026,8.13,704221,3343,617454,Putnam County Bank,Hurricane,15243,WV,54,4,15243
1,NM,1.048435685276976,06/30/2026,11.29,219331,1163,197478,United Citizens Bank & Trust Company,Campbellsburg,15249,KY,21,4,15249
1,NM,1.954339390252046,06/30/2026,23.33,96101,878,84341,The Citizens State Bank and Trust Company,Council Grove,15254,KS,20,2,15254
1,NM,0.9093259398596785,06/30/2026,11.27,151192,680,135367,Greenfield Banking Company,Greenfield,15255,TN,47,4,15255
1,NM,1.622641061833537,06/30/2026,14.56,86250,684,74358,The Farmers State Bank,Holton,15258,KS,20,2,15258
1,NM,0.7034535126113025,06/30/2026,9.89,138687,491,109046,Elk State Bank,Clyde,15259,KS,20,2,15259
1,NM,1.0907505402526978,06/30/2026,8.45,137472,763,118367,The Citizens State Bank,Hugoton,15261,KS,20,2,15261
1,NM,1.194812414930123,06/30/2026,13.19,854488,4986,694091,PSB Bank,Rhineland,15264,MO,29,4,15264
1,SM,1.4212791371213191,06/30/2026,16.42,957206,6719,838378,Diamond Bank,Murfreesboro,1527,AR,5,2,1527
1,NM,1.0110017134678324,06/30/2026,10.43,581582,2723,446627,Merit Bank,Huntsville,15270,AL,1,4,15270
1,NM,0.8272766215898555,06/30/2026,9.42,558088,2311,449776,First State Bank,New London,15271,WI,55,4,15271
1,NM,1.8407362101578322,06/30/2026,18.71,628650,5821,546564,Marion County State Bank,Pella,15272,IA,19,2,15272
1,SM,0.8939212517873543,06/30/2026,6.8,3012822,12816,2336560,Southern Bancorp Bank,Arkadelphia,1528,AR,5,4,1528
1,NM,1.4206759407723246,06/30/2026,17.61,347775,2379,296590,Heritage Community Bank,Union,15282,MO,29,4,15282
1,NM,1.0954772420859271,06/30/2026,11.52,549992,2787,499308,Northern State Bank of Thief River Falls,Thief River Falls,15286,MN,27,2,15286
1,NM,2.001584929648971,06/30/2026,12.64,453577,4639,369333,The Denison State Bank,Holton,15305,KS,20,2,15305
1,NM,1.4071536375224796,06/30/2026,14.4,338222,2320,282321,TruCommunity Bank,Garrison,15306,ND,38,2,15306
1,NM,0.7134979653570529,06/30/2026,12.21,3069404,10567,2608415,"CB&S Bank, Inc.",Russellville,15310,AL,1,4,15310
1,NM,1.185292893670707,06/30/2026,7.84,201504,1201,162794,Iowa Falls State Bank,Iowa Falls,15311,IA,19,2,15311
1,NM,1.3839163620994008,06/30/2026,11.42,674287,4453,572188,First State Bank,Webster City,15321,IA,19,2,15321
1,NM,1.4388817746081701,06/30/2026,13.74,548246,3781,444509,Silver Lake Bank,Topeka,15323,KS,20,4,15323
1,NM,1.957534279888748,06/30/2026,20.59,1328769,12745,1200358,Security Bank & Trust Company,Glencoe,15324,MN,27,4,15324
1,NM,0.2404839739976703,06/30/2026,10.51,54524,64,45407,The Union Banking Company,West Mansfield,15326,OH,39,5,15326
1,SM,1.4486851048983127,06/30/2026,11.12,484409,3474,416185,Rolling Hills Bank & Trust,Atlantic,15334,IA,19,2,15334
1,NM,3.598124777867414,06/30/2026,23.7,299174,5315,252239,"Durden Banking Company, Incorporated",Twin City,15336,GA,13,4,15336
1,SM,0.9941663450444242,06/30/2026,12.99,669161,3280,613006,TXN Bank,Hondo,15345,TX,48,4,15345
1,NM,-0.09200035047752562,06/30/2026,-0.67,60644,-28,51881,Commerce Bank Texas,Stockdale,15346,TX,48,7,15346
1,NM,0.8933413770619671,06/30/2026,10.87,162925,733,146427,Security Bank of Pulaski County,Saint Robert,15347,MO,29,4,15347
1,SM,1.8262235930861899,06/30/2026,12.62,58165,523,47119,First Bank and Trust Company,Clinton,15348,OK,40,7,15348
1,NM,1.515446692351945,06/30/2026,12.97,142037,1102,124029,Marion State Bank,Marion,15355,TX,48,4,15355
1,NM,1.4021543471691307,06/30/2026,17.13,5304325,36817,4828278,Southern Bank and Trust Company,Mount Olive,15359,NC,37,4,15359
1,NM,6.0762867009039345,06/30/2026,32.23,4994340,147932,3796737,Bank of Stockton,Stockton,1536,CA,6,4,1536
1,SM,2.007794441156436,06/30/2026,13.72,89917,899,73981,Belt Valley Bank,Belt,15362,MT,30,4,15362
1,NM,1.5533125805741597,06/30/2026,17.11,196024,1482,176761,Farmers State Bank,Groesbeck,15367,TX,48,2,15367
1,SM,1.4724985669113706,06/30/2026,12.68,3984900,29729,3485316,RCB Bank,Claremore,15399,OK,40,9,15399
1,NM,1.5633310029085596,06/30/2026,9.5,204840,1651,169189,Houghton State Bank,Red Oak,15405,IA,19,2,15405
1,NM,1.343050709214171,06/30/2026,13.21,148456,977,131331,"Peoples Bank of Wyaconda, Missouri",Kahoka,15415,MO,29,2,15415
1,NM,0.6267331175227745,06/30/2026,6.34,948266,3038,736510,American Bank of Freedom,Wellsville,15423,MO,29,4,15423
1,NM,1.7481183098496833,06/30/2026,15.5,196910,1733,173766,Chelsea Savings Bank,Belle Plaine,15427,IA,19,2,15427
1,NM,0.30070688558925834,06/30/2026,2.36,42881,67,37168,Robert Lee State Bank,Robert Lee,15442,TX,48,7,15442
1,NM,1.7852544091173477,06/30/2026,16.08,529749,4737,462567,Lake Elmo Bank,Lake Elmo,15443,MN,27,4,15443
1,NM,2.6250818608626676,06/30/2026,29.26,643470,8538,569129,American State Bank & Trust Company of Williston,Williston,15444,ND,38,4,15444
1,N,1.231976324030421,06/30/2026,13.06,1111663,6802,955576,"First National Bank, Ames, Iowa",Ames,1545,IA,19,4,1545
1,NM,0.7529011891293717,06/30/2026,10.02,140550,508,127258,Spur Security Bank,Spur,15460,TX,48,4,15460
1,NM,2.289414281397873,06/30/2026,19.33,519892,5847,455140,State Bank of De Kalb,De Kalb,15463,TX,48,4,15463
1,NM,1.2334147143336984,06/30/2026,16.6,843004,5196,769060,United Southern Bank,Umatilla,15465,FL,12,4,15465
1,NM,1.190190197060903,06/30/2026,6.64,48928,289,39935,The First State Bank of Ransom,Ransom,15469,KS,20,2,15469
1,NM,1.6801970351543234,06/30/2026,15.58,210609,1743,142054,Iowa Trust and Savings Bank,Centerville,1547,IA,19,2,1547
1,NM,1.6640275517441683,06/30/2026,16.04,810841,6307,702138,First United Bank,Park River,15472,ND,38,2,15472
1,NM,1.582328367620399,06/30/2026,16.95,511051,4015,453938,Citizens Bank of Americus,Americus,15477,GA,13,4,15477
1,NM,1.095797395353579,06/30/2026,10.25,751561,4013,628487,United Valley Bank,Cavalier,15478,ND,38,2,15478
1,NM,2.051331208512066,06/30/2026,23.21,295137,2996,267079,Coleman County State Bank,Coleman,15480,TX,48,4,15480
1,NM,1.7330560798830954,06/30/2026,23.69,767869,6505,702505,West Plains Bank and Trust Company,West Plains,15489,MO,29,4,15489
1,NM,1.7927283412390485,06/30/2026,9.36,668198,5979,533313,First State Bank of Blakely,Blakely,15496,GA,13,2,15496
1,NM,0.6528106237347471,06/30/2026,8.56,250968,818,229968,Bank of Alapaha,Alapaha,155,GA,13,8,155
1,SM,1.7290296021050657,06/30/2026,18.12,419323,3752,344418,Central State Bank,Coralville,1550,IA,19,4,1550
1,NM,0.4444205508664409,06/30/2026,4.03,114617,248,101075,"The Lytle State Bank of Lytle, Texas",Lytle,15501,TX,48,7,15501
1,SM,1.3695077034808318,06/30/2026,14.15,477720,3212,426399,Ameristate Bank,Atoka,15510,OK,40,4,15510
1,SM,0.7969063982104865,06/30/2026,9.52,1851537,7289,1660611,First State Bank,Gainesville,15511,TX,48,4,15511
1,NM,2.5511999010090767,06/30/2026,24.27,270086,3505,239569,Citizens State Bank,Miles,15519,TX,48,2,15519
1,SM,1.1062300774049543,06/30/2026,9.23,1703404,9233,1440378,CBI Bank & Trust,Muscatine,1552,IA,19,4,1552
1,NM,2.362838986843283,06/30/2026,19.96,227042,2640,192275,Muenster State Bank,Muenster,15523,TX,48,7,15523
1,NM,1.4346932166499726,06/30/2026,13.03,523571,3810,462948,The Shelby County State Bank,Harlan,1553,IA,19,2,1553
1,NM,1.8620867030548969,06/30/2026,10.89,119982,1086,99066,CentreBank,Veedersburg,15532,IN,18,2,15532
1,NM,2.0799594654831273,06/30/2026,21.49,424162,4324,371883,First State Bank,Buxton,15539,ND,38,2,15539
1,NM,1.2427046471215297,06/30/2026,15.09,135179,851,122680,Chillicothe State Bank,Chillicothe,15546,MO,29,2,15546
1,SM,1.562371708404199,06/30/2026,10.01,90590,666,71105,Bank of Lake Village,Lake Village,15547,AR,5,2,15547
1,SM,0.9551941567914111,06/30/2026,9.27,2290918,10827,1873992,Central Bank,Storm Lake,15555,IA,19,4,15555
1,NM,-2.339174744519832,06/30/2026,-20.88,118346,-1394,104665,Twin Cedars Bank,Bussey,1556,IA,19,4,1556
1,NM,1.4975243906652387,06/30/2026,14.76,1009488,7513,896459,Pioneer Bank & Trust,Belle Fourche,15562,SD,46,4,15562
1,NM,1.3709780250438377,06/30/2026,12.69,1042148,7150,904253,First Southern Bank,Marion,15565,IL,17,4,15565
1,NM,1.2681446590728955,06/30/2026,18.05,356333,2240,327308,Hoosier Heartland State Bank,Crawfordsville,15566,IN,18,2,15566
1,N,1.399105096100047,06/30/2026,14.38,1499944,10515,1333845,First National Bank of Pulaski,Pulaski,15572,TN,47,4,15572
1,NM,1.7324932493249325,06/30/2026,16.72,93364,802,81771,Integrity Bank Plus,Wabasso,15578,MN,27,2,15578
1,NM,0.23266269008124654,06/30/2026,3.99,215722,251,189694,First Bank of Coastal Georgia,Pembroke,15580,GA,13,4,15580
1,NM,1.628265957219784,06/30/2026,15.61,946738,7630,844282,Mid-Missouri Bank,Springfield,15584,MO,29,4,15584
1,NM,1.3360571207115128,06/30/2026,12.63,153373,1017,136070,Bay Port State Bank,Bay Port,15585,MI,26,2,15585
1,NM,1.5747025516542124,06/30/2026,15.34,243809,1931,217254,Taylor County Bank,Campbellsville,15590,KY,21,4,15590
1,NM,1.828030712368948,06/30/2026,12.1,74245,671,62317,Ipswich State Bank,Ipswich,15593,SD,46,2,15593
1,NM,0.8573854383661426,06/30/2026,7.07,72198,308,63168,Security State Bank of Kenyon,Kenyon,15597,MN,27,2,15597
1,NM,0.9709917048815474,06/30/2026,9.19,201034,986,178546,Horizon Financial Bank,Munich,15598,ND,38,2,15598
1,NM,1.5435201117603965,06/30/2026,28.45,119810,906,112878,The Hamilton Bank,Hamilton,15606,MO,29,2,15606
1,NM,1.195885973316235,06/30/2026,12.19,271742,1604,241082,Farmers and Merchants State Bank,Winterset,15610,IA,19,2,15610
1,NM,1.1906855320354157,06/30/2026,13.02,4029129,24173,3351792,West Bank,West Des Moines,15614,IA,19,4,15614
1,NM,1.0601794444144927,06/30/2026,13.69,193740,1016,173300,Peoples Bank,Lebanon,1562,KY,21,4,1562
1,NM,1.1538818802013273,06/30/2026,13.2,93045,559,83231,First Farmers & Merchants State Bank of Grand Meadow,Grand Meadow,15621,MN,27,2,15621
1,NM,1.1682449053803037,06/30/2026,9.59,250726,1435,216512,Quoin Financial Bank,Miller,15629,SD,46,2,15629
1,NM,1.713959078384241,06/30/2026,12.58,930490,7796,798582,Greenfield Banking Company,Greenfield,15632,IN,18,4,15632
1,NM,1.4404559250517521,06/30/2026,14.73,197604,1423,174330,State Bank & Trust Co.,Nevada,15651,IA,19,2,15651
1,NM,1.0071112660901036,06/30/2026,8.79,1323064,6508,1059148,Alliance Bank Central Texas,Woodway,15657,TX,48,4,15657
1,NM,2.1358237169539827,06/30/2026,26.02,144971,1514,132637,The Peoples Bank,Taylorsville,1566,KY,21,5,1566
1,NM,0.34281288954017336,06/30/2026,3.58,951506,1629,827958,First State Bank,Waynesboro,15663,MS,28,4,15663
1,NM,1.4769892432552238,06/30/2026,13.85,429710,3132,380440,"Freedom Bank, Inc.",Belington,15664,WV,54,4,15664
1,NM,1.3517746091885248,06/30/2026,18.27,467170,3129,429608,MCBank,Goldthwaite,15669,TX,48,4,15669
1,NM,1.5366590430131273,06/30/2026,14.66,438284,3421,387039,The Bank of Clarendon,Manning,15671,SC,45,4,15671
1,NM,1.2357905992269735,06/30/2026,10.13,383401,2350,333872,Citizens Bank & Trust Company,Campbellsville,15675,KY,21,4,15675
1,NM,3.0331917403229944,06/30/2026,26.2,395715,5966,308205,Grant County State Bank,Swayzee,15687,IN,18,8,15687
1,SM,1.9392581026189453,06/30/2026,22.82,649331,6247,584970,Clear Lake Bank and Trust Company,Clear Lake,15690,IA,19,4,15690
1,NM,1.6612009271122754,06/30/2026,16.53,597074,4808,532627,Pineland Bank,Alma,15699,GA,13,4,15699
1,NM,1.0200827893278295,06/30/2026,12.16,224749,1173,194256,The Seymour Bank,Seymour,15701,MO,29,2,15701
1,NM,1.4696426075206188,06/30/2026,12.22,433675,3154,378046,Town & Country Bank and Trust Company,Bardstown,15703,KY,21,4,15703
1,SM,1.2944460232468493,06/30/2026,16.69,508413,3067,365620,"The Casey County Bank, Inc.",Liberty,15708,KY,21,8,15708
1,N,1.8276843124721838,06/30/2026,22.47,1388252,12710,1240863,"Dakota Community Bank & Trust, National Association",Hebron,15728,ND,38,2,15728
1,NM,1.0355076243737338,06/30/2026,7.83,417095,2134,354038,Partners Bank,Helena,15729,AR,5,4,15729
1,NM,0.9973631572949372,06/30/2026,8.24,175947,846,152633,Security Bank of Texas,Crawford,15731,TX,48,4,15731
1,NM,0.9216825921270964,06/30/2026,8.92,557378,2519,495027,Security Savings Bank,Canton,15734,SD,46,2,15734
1,NM,1.7589996014066336,06/30/2026,14.19,139977,1243,116066,Commercial Bank of Mott,Mott,15741,ND,38,2,15741
1,NM,1.9920488579559383,06/30/2026,10.41,64782,623,52173,The Security State Bank,Emery,15749,SD,46,2,15749
1,NM,-0.9576641507292434,06/30/2026,-6.65,92799,-450,79225,Flat Branch Bank,Richmond,15751,MO,29,4,15751
1,NM,1.1640753586294372,06/30/2026,10.88,1559346,9179,1298095,First State Bank,Mendota,15752,IL,17,4,15752
1,N,1.5108892272299888,06/30/2026,8.84,348502,2638,283894,Citizens National Bank of Albion,Albion,15760,IL,17,2,15760
1,NM,1.574728273789713,06/30/2026,12.05,34290,276,29511,First American Bank,Stonewall,15762,OK,40,2,15762
1,N,1.3303229519445736,06/30/2026,12.87,181879,1202,160597,FIRST NATIONAL BANK OF NOKOMIS,Nokomis,15763,IL,17,2,15763
1,NM,2.5884751517956666,06/30/2026,20.63,650600,8426,562946,Northeast Georgia Bank,Lavonia,15771,GA,13,4,15771
1,NM,1.5297637181798658,06/30/2026,15.39,269855,2042,225793,Mediapolis Savings Bank,Mediapolis,15772,IA,19,2,15772
1,SM,-0.029925187032418952,06/30/2026,-0.2,58383,-9,49168,Grant County Bank,Medford,15778,OK,40,2,15778
1,SM,1.2328033814275994,06/30/2026,14.23,949397,5861,784655,The Farmers & Merchants Bank,Berlin,15779,WI,55,4,15779
1,SM,1.3055153292532948,06/30/2026,15.84,90298,598,81799,"The Stock Exchange Bank, Caldwell, Kansas",Caldwell,15784,KS,20,5,15784
1,NM,1.3759801031985077,06/30/2026,13.79,83160,568,73320,Peoples Bank of Moniteau County,Jamestown,15792,MO,29,2,15792
1,N,1.7432185150904236,06/30/2026,20.65,5422636,49542,4856594,Broadway National Bank,San Antonio,15797,TX,48,4,15797
1,NM,0.5745232267673793,06/30/2026,7.62,552101,1595,486585,Premier Community Bank,Marion,15799,WI,55,4,15799
1,SM,1.7780488688657252,06/30/2026,13.33,565839,4907,481208,Farmers and Merchants Bank,Baldwyn,15801,MS,28,4,15801
1,NM,1.7581399499799195,06/30/2026,11.94,480546,4137,391998,Iowa State Bank,Des Moines,15808,IA,19,4,15808
1,NM,2.068317679096368,06/30/2026,18.66,2176648,21721,1801984,Security State Bank & Trust,Fredericksburg,15809,TX,48,4,15809
1,NM,1.2660817323306015,06/30/2026,10.25,4011565,25210,3119859,Central Bank & Trust Co.,Lexington,15815,KY,21,4,15815
1,NM,0.9501630181648811,06/30/2026,5.7,97234,442,73788,Genesis Bank,Benoit,15817,MS,28,6,15817
1,NM,2.1775448879867256,06/30/2026,14.89,110246,1273,91694,Red River State Bank,Halstad,15820,MN,27,2,15820
1,NM,0.33716985451745163,06/30/2026,2.75,304795,486,249145,The Claxton Bank,Bellville,15826,GA,13,4,15826
1,NM,2.2774983049040824,06/30/2026,8.73,109846,1282,79662,Security State Bank,Algona,15839,IA,19,2,15839
1,NM,0.8239638900287237,06/30/2026,7.19,57523,251,49688,Sunrise Bank Dakota,Onida,15847,SD,46,2,15847
1,NM,1.5160796324655437,06/30/2026,15.39,26601,198,21166,The Farmers State Bank,Fairview,15853,KS,20,2,15853
1,NM,0.9963920328176741,06/30/2026,11.13,581801,2856,522614,The Peoples Bank,Ripley,15871,MS,28,8,15871
1,NM,0.7981957645541607,06/30/2026,8.42,215190,850,170647,Milledgeville State Bank,Milledgeville,15873,IL,17,2,15873
1,SM,1.2307715739961562,06/30/2026,14.3,622049,3771,514858,DeMotte State Bank,Demotte,15883,IN,18,2,15883
1,SM,1.0461332402682537,06/30/2026,8.2,689298,3697,595519,First State Bank of Livingston,Livingston,15898,TX,48,7,15898
1,SM,2.0115950482601517,06/30/2026,15.42,280970,2552,219121,Fusion Bank,Larned,15899,KS,20,4,15899
1,NM,1.9411758128300989,06/30/2026,15.41,87120,868,75422,The Four County Bank,Allentown,15904,GA,13,8,15904
1,SM,0.8720442178102441,06/30/2026,10.36,206183,883,175240,Union State Bank,Clay Center,15908,KS,20,2,15908
1,SI,1.0842116041182812,06/30/2026,8.15,1733499,9230,1369747,Ives Bank,Danbury,15912,CT,9,4,15912
1,SM,1.6121179513162824,06/30/2026,12.47,201671,1628,170834,First Community Bank and Trust,Beecher,15913,IL,17,4,15913
1,NM,-4.9120075111350285,06/30/2026,-37.67,31745,-715,27020,Maxwell State Bank,Maxwell,15930,IA,19,2,15930
1,NM,1.2397076347354172,06/30/2026,11.76,1137975,7038,1006124,The Citizens Bank,Olanta,15932,SC,45,9,15932
1,NM,1.8094921665346182,06/30/2026,19.8,139966,1298,126481,Peoples State Bank,Rocksprings,15939,TX,48,2,15939
1,N,0.911660645088826,06/30/2026,11.58,322350,1461,287995,Forest Park National Bank and Trust Company,Forest Park,15945,IL,17,4,15945
1,NM,2.376514566166092,06/30/2026,21.82,392876,4588,339896,Iowa State Bank,Clarksville,15947,IA,19,2,15947
1,NM,1.109711487688756,06/30/2026,9.91,3069091,16634,2648129,Guaranty Bank and Trust Company,Belzoni,15953,MS,28,4,15953
1,SI,1.7908856855941921,06/30/2026,6.3,492262,4402,283826,Fulton Savings Bank,Fulton,15966,NY,36,5,15966
1,SI,0.27019224314955786,06/30/2026,3.19,512033,691,449348,Rondout Savings Bank,Kingston,15969,NY,36,5,15969
1,SI,0.5545993728330688,06/30/2026,6.24,1392069,3834,1237244,Ulster Savings Bank,Kingston,15970,NY,36,4,15970
1,SB,1.006653366452373,06/30/2026,10.94,1020287,4976,819580,Walden Savings Bank,Montgomery,15987,NY,36,4,15987
1,SI,1.8993105242617405,06/30/2026,10.51,970986,9125,784288,Watertown Savings Bank,Watertown,15990,NY,36,4,15990
1,NM,-0.7039829942807384,06/30/2026,-7.12,410305,-1466,358860,Exchange Bank,Milledgeville,160,GA,13,4,160
1,NM,1.178658753213099,06/30/2026,11.65,96410,564,85692,First Farmers & Merchants State Bank,Brownsdale,1600,MN,27,2,1600
1,SI,0.6990903867672772,06/30/2026,5.53,7548632,26298,6013033,Ridgewood Savings Bank,Ridgewood,16026,NY,36,4,16026
1,SI,1.2999666188112498,06/30/2026,9.72,373481,2395,296572,The North Country Savings Bank,Canton,16030,NY,36,5,16030
1,SI,0.8173006396641054,06/30/2026,8.11,1469845,5525,1302856,Rhinebeck Bank,Rhinebeck,16032,NY,36,4,16032
1,SI,0.3001680518318354,06/30/2026,2.93,284735,426,234183,Sawyer Savings Bank,Saugerties,16039,NY,36,4,16039
1,NM,1.8402242921590115,06/30/2026,20.1,263859,2457,238824,Security Bank USA,Bemidji,1604,MN,27,4,1604
1,SI,0.3938869672333492,06/30/2026,4.83,19887242,38302,16131471,Apple Bank,New York,16068,NY,36,4,16068
1,NM,0.8330420490547515,06/30/2026,12.37,719068,2987,661242,The Bank of Elk River,Elk River,1607,MN,27,4,1607
1,NM,2.0926355465352273,06/30/2026,21.95,540519,5774,479977,Rayne State Bank & Trust Company,Rayne,16075,LA,22,4,16075
1,NM,2.0799852839118036,06/30/2026,13.32,200163,2073,167385,York State Bank,York,16079,NE,31,2,16079
1,NM,1.0203509558782307,06/30/2026,12.06,52726,273,47939,The Exchange State Bank,Springville,16094,IA,19,2,16094
1,NM,1.1374113978616749,06/30/2026,16.08,329197,1836,301406,The State Bank of Faribault,Faribault,1610,MN,27,4,1610
1,SI,0.6529609516420999,06/30/2026,7.48,652010,2121,511362,The Milford Bank,Milford,16101,CT,9,4,16101
1,NM,0.2891752701951208,06/30/2026,4.45,207555,299,173433,"Carroll County Trust Company of Carrollton, Missouri",Carrollton,1611,MO,29,2,1611
1,NM,0.041277472884075204,06/30/2026,0.56,775919,159,684378,Highland Bank,Saint Paul,16111,MN,27,4,16111
1,NM,1.9333230674468738,06/30/2026,23.81,174679,1674,159678,Farmers State Bank & Trust Co.,Church Point,16114,LA,22,4,16114
1,NM,1.1713057370341988,06/30/2026,11.55,551638,3006,466864,Nebraska Bank,Dodge,16116,NE,31,2,16116
1,NM,1.5386684833310913,06/30/2026,19.91,77931,591,71591,Sherwood Community Bank,Creighton,1612,MO,29,4,1612
1,NM,1.4777635474621356,06/30/2026,14.6,131965,950,115242,"The Riley State Bank of Riley, Kansas",Riley,16120,KS,20,2,16120
1,NM,1.1525561398472128,06/30/2026,10.62,720859,4115,603050,The Eastern Colorado Bank,Cheyenne Wells,16125,CO,8,2,16125
1,NM,1.027266074544753,06/30/2026,17.62,238264,1247,191609,Citizens Bank of the Midwest,Rolla,16126,MO,29,4,16126
1,SM,1.1373765121280208,06/30/2026,11.93,480189,2752,430264,FNB Community Bank,Midwest City,16127,OK,40,4,16127
1,N,1.6459878409445454,06/30/2026,14.56,5123849,41994,3685246,First National Bank Alaska,Anchorage,16130,AK,2,4,16130
1,SM,0.7994652406417113,06/30/2026,9.65,74911,299,68195,State Bank,Spencer,16151,IA,19,2,16151
1,NM,1.4611205424447515,06/30/2026,12.89,269675,1948,234849,The Peoples Bank,Eatonton,16152,GA,13,4,16152
1,SM,2.3427857259297786,06/30/2026,16.82,87275,1006,74690,Bank of Elgin,Elgin,16154,NE,31,2,16154
1,SM,2.005974828837446,06/30/2026,21.86,453843,4453,409725,Exchange Bank of Missouri,Fayette,1616,MO,29,2,1616
1,NM,2.378618114392504,06/30/2026,21.85,1624971,19268,1288902,Waukesha State Bank,Waukesha,16160,WI,55,4,16160
1,NM,2.1924945725214515,06/30/2026,16.84,240706,2651,195904,"Campbell County Bank, Inc.",Herreid,16161,SD,46,2,16161
1,NM,1.4803198738895549,06/30/2026,19.14,248896,1803,220842,First State Bank of the Ozarks,Purdy,16162,MO,29,2,16162
1,SM,0.5805960786407378,06/30/2026,6.79,98315,290,89004,Bank419,Metamora,16167,OH,39,8,16167
1,NM,0.925295742087579,06/30/2026,8.1,4225030,19575,3583014,The Bank of Missouri,Perryville,1617,MO,29,4,1617
1,NM,1.2792729447939677,06/30/2026,12.73,928951,6095,806413,West Alabama Bank & Trust,Reform,16175,AL,1,4,16175
1,NM,1.2937478041421056,06/30/2026,10.57,146827,939,128839,Johnson City Bank,Johnson City,16176,TX,48,8,16176
1,NM,1.1468084613781766,06/30/2026,9.75,129707,743,113953,First State Bank,Stuart,16177,IA,19,2,16177
1,NM,1.3305158565504962,06/30/2026,9.06,124461,807,106279,"The Samson Banking Company, Inc.",Samson,16185,AL,1,5,16185
1,NM,1.9083921689709793,06/30/2026,19.71,7746640,73181,6212677,Stockman Bank of Montana,Miles City,16191,MT,30,4,16191
1,N,1.5567061717100896,06/30/2026,12.57,91415,692,80069,Mason City National Bank,Mason City,16198,IL,17,2,16198
1,NM,1.6877606762558344,06/30/2026,16.23,280262,2345,234200,Bank of Wolcott,Wolcott,16201,IN,18,2,16201
1,SM,1.0709976396371816,06/30/2026,9.6,2015057,10638,1718925,The Farmers & Merchants Bank,Stuttgart,16216,AR,5,4,16216
1,NM,1.0572745083016843,06/30/2026,13.47,61922,322,56913,First Security Bank,Union Star,1622,MO,29,8,1622
1,NM,1.3741102239357852,06/30/2026,17.28,788411,5308,663596,Reliabank Dakota,Estelline,16221,SD,46,2,16221
1,NM,0.7760747945222682,06/30/2026,6.58,107533,412,89849,The Sherwood State Bank,Sherwood,16222,OH,39,5,16222
1,NM,1.9616903501793532,06/30/2026,22.19,416750,4118,366849,Dakota Heritage Bank,Hunter,16231,ND,38,2,16231
1,NM,1.900703216747153,06/30/2026,17.38,933601,9042,814505,Bank of Eastern Oregon,Heppner,16243,OR,41,2,16243
1,SB,1.9409389684763234,06/30/2026,20.6,409506,3853,361627,Commercial Banking Company,Valdosta,16246,GA,13,4,16246
1,NM,-3.839332411971471,06/30/2026,-35.21,115638,-2190,82125,Neighbors Bank,Clarence,16247,MO,29,5,16247
1,NM,-0.17157877639167546,06/30/2026,-2.97,418565,-375,262578,Devon Bank,Chicago,16249,IL,17,4,16249
1,SM,0.7091873553523665,06/30/2026,7.92,2094911,7531,1754267,Marquette Bank,Chicago,16250,IL,17,4,16250
1,NM,2.1043057028781895,06/30/2026,19.21,1253069,12809,1048083,Peoples Bank,Rock Valley,16265,IA,19,2,16265
1,NM,2.014327606226998,06/30/2026,14.23,201374,2047,169069,The Citizens Bank of Cochran,Cochran,16275,GA,13,4,16275
1,N,1.134492060336104,06/30/2026,12.69,683067,3823,618559,"Constitution Bank, National Association",Hillsboro,16276,IL,17,4,16276
1,NM,-3.0453041132463774,06/30/2026,-7.97,22994,-365,1087,First City Bank,Alpharetta,16281,GA,13,7,16281
1,NM,2.0144219094777074,06/30/2026,19.27,67384,636,60751,Bank of Bearden,Bearden,16282,AR,5,4,16282
1,NM,1.507295474501647,06/30/2026,18.52,269831,2017,239448,South Coast Bank & Trust,Brunswick,16283,GA,13,4,16283
1,NM,0.10483922955041275,06/30/2026,1.31,407877,206,358383,Southern Bank,Spartanburg,16288,SC,45,4,16288
1,NM,1.3140174104585227,06/30/2026,12.17,738183,4828,640412,Manufacturers Bank & Trust Company,Forest City,16307,IA,19,2,16307
1,NM,0.33599979323089646,06/30/2026,6.16,77599,130,68148,Marseilles Bank,Marseilles,16318,IL,17,8,16318
1,SM,1.0341217895170927,06/30/2026,6.74,70997,326,61025,Battle Creek State Bank,Battle Creek,16330,NE,31,4,16330
1,NM,1.6455396280061603,06/30/2026,19.21,509624,4167,464283,First State Bank and Trust,Monticello,16332,IL,17,7,16332
1,NM,2.5720397196668,06/30/2026,19.66,232473,2958,195654,First State Bank,Loomis,16333,NE,31,2,16333
1,NM,2.395952061882711,06/30/2026,16.98,212646,2512,181025,First State Bank of Odem,Odem,16334,TX,48,4,16334
1,NM,1.0061422070988921,06/30/2026,13.32,299260,1302,272763,The Tri-County Bank,Stuart,16339,NE,31,2,16339
1,NM,0.710897104753058,06/30/2026,6.84,73399,250,65709,The State Bank of Pearl City,Pearl City,16344,IL,17,8,16344
1,NM,1.2182153322620286,06/30/2026,16.3,1343087,7217,1106315,Capra Bank,Dubuque,16363,IA,19,4,16363
1,NM,1.115933044017359,06/30/2026,12.15,233344,1350,209793,The Citizens Bank,Enterprise,16369,AL,1,4,16369
1,NM,0.5880174508404765,06/30/2026,7.16,220552,651,198250,The Hicksville Bank,Hicksville,16370,OH,39,2,16370
1,NM,0.7500205147843213,06/30/2026,8.9,126857,457,115886,Brantley Bank and Trust Company,Brantley,16386,AL,1,4,16386
1,NM,1.6028195369842562,06/30/2026,17.99,1602110,12714,1424002,Bank of Travelers Rest,Travelers Rest,16389,SC,45,4,16389
1,SM,0.6751698386939277,06/30/2026,13.67,220438,726,196005,FCNB Bank,Steelville,1639,MO,29,4,1639
1,NM,-0.187171652002524,06/30/2026,-1.55,45904,-44,40165,Table Grove State Bank,Table Grove,16394,IL,17,2,16394
1,NM,1.1314327589377149,06/30/2026,14.15,252189,1405,228987,Lafayette State Bank,Mayo,16396,FL,12,4,16396
1,NM,2.5031584490072007,06/30/2026,25.65,1419345,16369,1224543,The Bennington State Bank,Salina,16402,KS,20,4,16402
1,NM,1.0679180342717154,06/30/2026,12.61,232166,1238,208214,Andover State Bank,Andover,16410,KS,20,4,16410
1,NM,0.4474737339837848,06/30/2026,4.06,87647,194,77829,Bank of Stronghurst,Stronghurst,16413,IL,17,2,16413
1,N,3.45637316059869,06/30/2026,20.45,478276,8228,369707,"FSNB, National Association",Lawton,16416,OK,40,7,16416
1,NM,0.6306592359826131,06/30/2026,5.99,183708,576,162229,Citizens Bank & Trust Company,Covington,16417,LA,22,4,16417
1,SB,1.5730109650513395,06/30/2026,15.64,1589684,12486,1362821,BankSouth,Greensboro,16418,GA,13,4,16418
1,NM,1.6318544609192571,06/30/2026,21.13,318087,2630,290545,Centera Bank,Sublette,16436,KS,20,2,16436
1,NM,2.05050224891918,06/30/2026,14.8,170654,1762,145588,Farmers and Merchants Bank,Sylvania,16440,GA,13,7,16440
1,NM,0.4934974454249884,06/30/2026,6.99,103039,255,95606,Security State Bank,Alexandria,16448,SD,46,2,16448
1,SM,1.33434167279355,06/30/2026,9.75,18147004,120562,15157460,Busey Bank,Champaign,16450,IL,17,4,16450
1,NM,0.5292818243455059,06/30/2026,7.61,137646,363,126285,Whitesville State Bank,Whitesville,16453,WV,54,8,16453
1,NM,0.945050635603167,06/30/2026,10.41,379374,1711,340872,Merchants & Planters' Bank,Newport,16464,AR,5,2,16464
1,NM,1.0930831309009121,06/30/2026,13.07,2875424,15783,2600565,Jefferson Bank,San Antonio,16470,TX,48,4,16470
1,NM,1.0589876961176823,06/30/2026,8.86,162379,831,124324,First Bank,Sterling,16473,KS,20,2,16473
1,NM,1.0700334892110024,06/30/2026,11.34,64184,352,57564,State Bank of Lakota,Lakota,16477,ND,38,2,16477
1,N,0.6789267821828032,06/30/2026,9.58,1223841,4178,1039435,"First Bankers Trust Company, National Association",Quincy,16501,IL,17,4,16501
1,NM,0.5982641912198411,06/30/2026,4.8,25432,71,22322,Nebraska State Bank,Lynch,16516,NE,31,2,16516
1,NM,1.216652379106493,06/30/2026,11.4,666037,4007,586207,Metairie Bank & Trust Company,Metairie,16539,LA,22,4,16539
1,NM,1.1209988097465742,06/30/2026,13.71,340999,1937,283078,Ozark Bank,Ozark,1654,MO,29,4,1654
1,NM,1.1075068944541004,06/30/2026,10.93,1259065,6973,1120822,JD Bank,Jennings,16546,LA,22,4,16546
1,NM,1.193172036602969,06/30/2026,10.44,144563,901,103377,Bank Plus,Estherville,16547,IA,19,2,16547
1,NM,1.6233768442593677,06/30/2026,23.45,994586,7954,916641,The Bank of Old Monroe,Old Monroe,1655,MO,29,4,1655
1,NM,1.2531682026986675,06/30/2026,12.11,1490613,9072,1118652,Elkhorn Valley Bank & Trust,Norfolk,16553,NE,31,2,16553
1,NM,1.4461534878846802,06/30/2026,10.69,28367,207,23584,State Bank of Easton,Easton,16561,MN,27,2,16561
1,N,0.1457874900248399,06/30/2026,0.99,254972746,184424,194140429,BMO Bank National Association,Chicago,16571,IL,17,4,16571
1,NM,0.8204993018341785,06/30/2026,5,80722,332,67018,Citizens State Bank,Anton,16581,TX,48,4,16581
1,SM,0.6180333296545635,06/30/2026,6.24,9316,28,8396,State Bank of Burrton,Burrton,16583,KS,20,8,16583
1,NM,1.0009316408524513,06/30/2026,6.83,111233,573,93071,Carver State Bank,Savannah,16584,GA,13,4,16584
1,NM,6.337189976302556,06/30/2026,24.37,30974,985,21017,Vermont State Bank,Vermont,16585,IL,17,8,16585
1,NM,2.33664871497374,06/30/2026,24.83,661943,7757,592454,CCB Community Bank,Andalusia,16595,AL,1,4,16595
1,NM,1.8011136756277148,06/30/2026,13.76,413556,4158,350836,Farmers and Merchants Bank of South Carolina,Holly Hill,1660,SC,45,7,1660
1,NM,1.008538409105347,06/30/2026,7.45,187963,979,160540,First State Bank,Socorro,16600,NM,35,7,16600
1,NM,3.1362107494359637,06/30/2026,32.95,210293,3408,189046,Bank Northwest,Hamilton,16601,MO,29,2,16601
1,SM,0.8679675464214267,06/30/2026,7.78,135315,585,119402,The Peoples Bank,Marion,16603,KY,21,2,16603
1,SM,0.6302059393825877,06/30/2026,6.52,2860149,9264,2465650,Bank Independent,Sheffield,16604,AL,1,4,16604
1,NM,0.1699847418457915,06/30/2026,2.08,85642,70,76046,Rochelle State Bank,Rochelle,16609,GA,13,2,16609
1,SM,3.280189038292585,06/30/2026,22.92,282264,4611,240985,FNB Picayune Bank,Picayune,16612,MS,28,4,16612
1,NM,1.693008118822165,06/30/2026,20.83,381298,3260,335938,ESB Financial,Emporia,16629,KS,20,4,16629
1,NM,3.0653843796927287,06/30/2026,31.29,554513,8087,412749,Luminate Bank,Minneapolis,16635,MN,27,4,16635
1,SI,0.6436369074323314,06/30/2026,3.55,1001277,3228,803162,The Torrington Savings Bank,Torrington,16636,CT,9,4,16636
1,SM,1.6223419021708958,06/30/2026,16.44,58203,487,51855,First State Bank,Junction,16643,TX,48,7,16643
1,NM,1.9515292864658755,06/30/2026,18.51,693660,6853,610601,Southwest Bank,Odessa,16652,TX,48,4,16652
1,NM,0.942217208674098,06/30/2026,16.62,114472,529,106696,Security State Bank of Aitkin,Aitkin,16656,MN,27,4,16656
1,NM,1.4874659017587346,06/30/2026,18.05,837317,6209,760729,Northeast Bank,Minneapolis,16659,MN,27,4,16659
1,SM,2.2467234879274174,06/30/2026,21.52,1067411,11609,844234,The Paducah Bank and Trust Company,Paducah,16664,KY,21,4,16664
1,NM,1.1042854073235973,06/30/2026,11.55,770773,4257,691700,Itasca Bank & Trust Co.,Itasca,16666,IL,17,4,16666
1,NM,0.7502653076334559,06/30/2026,10.75,79058,304,70166,Washington State Bank,Washington,16667,IL,17,5,16667
1,NM,1.324402575515319,06/30/2026,8.49,574319,3831,458998,Gibsland Bank & Trust Company,Gibsland,16689,LA,22,4,16689
1,NM,2.271830455119821,06/30/2026,19.82,371883,4270,326392,First State Bank,Stratford,16695,TX,48,2,16695
1,NM,1.3154669274096924,06/30/2026,16.53,239877,1592,217508,BANKWEST,Rockford,16704,MN,27,4,16704
1,NM,2.401697486571815,06/30/2026,16.61,192146,2343,153602,South Central State Bank,Campbell,16707,NE,31,2,16707
1,NM,2.7971396620533286,06/30/2026,28.45,350495,4544,313224,Western Bank,Artesia,16720,NM,35,4,16720
1,NM,1.8464298764206009,06/30/2026,14.57,844589,7883,727387,Carolina Bank & Trust Co.,Lamar,16723,SC,45,4,16723
1,NM,0.983084183949169,06/30/2026,5.9,1404116,6701,1093193,1st Financial Bank USA,Dakota Dunes,1673,SD,46,9,1673
1,NM,1.3549749408502303,06/30/2026,14.97,378726,2663,340809,North Star Bank,Roseville,16733,MN,27,4,16733
1,NM,2.871295441188817,06/30/2026,14.46,23489,342,17415,The Peoples State Bank,Cherryvale,16744,KS,20,2,16744
1,NM,2.025157142754986,06/30/2026,20.4,49556,472,44676,Richland State Bank,Bruce,1675,SD,46,2,1675
1,N,1.288685092479632,06/30/2026,12.5,143238,919,126758,National Bank of St. Anne,St. Anne,16752,IL,17,4,16752
1,NM,1.6530878160664397,06/30/2026,13.34,1219362,10029,1050405,Citizens State Bank,Somerville,16753,TX,48,4,16753
1,NM,0.8301206054444099,06/30/2026,8.24,354997,1471,285599,The Campbell & Fetter Bank,Kendallville,16757,IN,18,5,16757
1,NM,1.3379929700732334,06/30/2026,12.66,1298838,8816,1078336,Plains Commerce Bank,Sioux Falls,1678,SD,46,4,1678
1,NM,1.4222337890168464,06/30/2026,14.74,422019,2951,374424,Great Oaks Bank,Richmond Hill,16780,GA,13,4,16780
1,NM,2.909463533351327,06/30/2026,32.6,73846,1060,65200,Union State Bank,Uniontown,16788,KS,20,2,16788
1,SM,1.8833340437817037,06/30/2026,19.42,176080,1620,158445,All Capital Bank,Locust Grove,16795,OK,40,4,16795
1,NM,0.8905724075004516,06/30/2026,10.71,1054570,4576,885610,Farmers and Merchants Bank,Milford,16810,NE,31,2,16810
1,NM,0.7918832634094973,06/30/2026,8.41,488811,1974,441598,Citizens Bank,Kilgore,16817,TX,48,4,16817
1,NM,-0.06606637292089125,06/30/2026,-1.18,394882,-125,356991,The Bank of Glen Burnie,Glen Burnie,16820,MD,24,4,16820
1,NM,2.77348779071168,06/30/2026,19.78,556590,6908,467483,Sunmark Community Bank,Perry,16825,GA,13,4,16825
1,NM,1.3709775674532854,06/30/2026,7.42,43875300,293318,32931140,Prosperity Bank,El Campo,16835,TX,48,4,16835
1,NM,1.102198708649771,06/30/2026,11.24,143197,775,127516,River Falls State Bank,River Falls,16840,WI,55,4,16840
1,NM,1.611626569281174,06/30/2026,17.72,1140573,9288,985786,First Arkansas Bank and Trust,Jacksonville,16849,AR,5,4,16849
1,NM,1.6009459697586257,06/30/2026,13.83,348186,2771,287767,"Citizens Deposit Bank of Arlington, Inc.",Arlington,16852,KY,21,2,16852
1,NM,2.1192988049623382,06/30/2026,23.81,293857,3102,265827,Community 1st Bank Las Vegas,Las Vegas,16854,NM,35,4,16854
1,NM,1.9811646062776582,06/30/2026,15.19,901901,8733,753233,First American Bank and Trust Company,Athens,16858,GA,13,4,16858
1,NM,0.8917614119555689,06/30/2026,13.96,254767,1136,237411,Farmers State Bank,Parkston,1686,SD,46,2,1686
1,NM,0.5288606350766499,06/30/2026,5.44,314212,834,267025,Citizens Independent Bank,Saint Louis Park,16863,MN,27,4,16863
1,NM,1.8075296688630973,06/30/2026,17,443718,3711,396507,West Texas State Bank,Snyder,16866,TX,48,4,16866
1,NM,0.3479758525847752,06/30/2026,4.47,40278,66,35282,Corn Growers State Bank,Murdock,16868,NE,31,2,16868
1,NM,0.9287302560956908,06/30/2026,8.23,69277,323,60217,Community Bank,Avon,1687,SD,46,2,1687
1,SM,1.3979575224612186,06/30/2026,11.65,28987812,198117,24073192,United Community Bank,Greenville,16889,SC,45,4,16889
1,NM,0.5824490715656303,06/30/2026,6.24,714560,2098,578430,Pilgrim Bank,Pittsburg,16891,TX,48,4,16891
1,NM,2.58266341711833,06/30/2026,14.6,224794,2840,184675,First State Bank of Bedias,Bedias,16895,TX,48,2,16895
1,NM,1.4042563302418047,06/30/2026,11.02,419911,2955,356798,F&M Bank,Washington,16897,GA,13,4,16897
1,N,1.4545788198211327,06/30/2026,16.2,368282,2695,321309,First National Bank of Griffin,Griffin,169,GA,13,4,169
1,SM,1.4614024105212227,06/30/2026,10.9,124420,891,102613,Princeville State Bank,Princeville,16900,IL,17,4,16900
1,NM,0.7402655085624044,06/30/2026,7.19,46634,175,37140,State Bank of Taunton,Taunton,16906,MN,27,2,16906
1,NM,0.034075973193567755,06/30/2026,0.23,129923,21,104672,SSB Bank,Spiro,16908,OK,40,4,16908
1,NM,0.5104851401264981,06/30/2026,4.07,292182,712,241934,22nd State Banking Company,Mobile,16910,AL,1,4,16910
1,NM,0.8764734304945333,06/30/2026,10.24,87395,390,77238,F & M Bank and Trust Company,Manchester,16916,GA,13,4,16916
1,NM,1.2036152627249186,06/30/2026,9.31,182753,1090,158406,UBank,Knoxville,1693,TN,47,4,1693
1,NM,1.3164512845697176,06/30/2026,15.68,84686,554,76993,The Farmers State Bank,Wathena,16941,KS,20,8,16941
1,NM,0.2866383689068755,06/30/2026,3.02,58450,87,49156,Bank of Clarks,Clarks,16953,NE,31,2,16953
1,NM,1.144834157594043,06/30/2026,10.26,2940968,17017,2570026,Minnwest Bank,Redwood Falls,16958,MN,27,2,16958
1,NM,1.0292035689592731,06/30/2026,8.21,104991,521,91245,Bank of Billings,Billings,16959,MO,29,4,16959
1,NM,1.6659097565012924,06/30/2026,12.31,942795,7850,799989,The Farmers Bank,Portland,1696,TN,47,4,1696
1,NM,1.6511079565960107,06/30/2026,15.29,446694,3660,393508,The Peoples Bank,Iva,16968,SC,45,4,16968
1,NM,0.49448658272648804,06/30/2026,4.47,564890,1372,489323,"Peoples Bank of  Kentucky, Inc.",Flemingsburg,16970,KY,21,2,16970
1,NM,1.395831011504356,06/30/2026,11.52,469458,3319,395506,SOLUTIONS NORTH BANK,Stockton,16971,KS,20,2,16971
1,NM,0.6365295327631149,06/30/2026,6.68,473456,1490,424305,Community State Bank of Orbisonia,Orbisonia,16976,PA,42,5,16976
1,NM,1.346598954600283,06/30/2026,13.63,7610881,51353,6628240,Bank of Colorado,Fort Collins,16980,CO,8,4,16980
1,SM,1.2791634301594854,06/30/2026,11.1,1178764,7567,1000333,Bank of Pontiac,Pontiac,16982,IL,17,4,16982
1,NM,1.5894017965006864,06/30/2026,18.2,252305,1934,219261,The Peoples Bank of Georgia,Talbotton,170,GA,13,4,170
1,NM,1.689542971355831,06/30/2026,18.38,809789,6623,722344,First Century Bank,Tazewell,1700,TN,47,4,1700
1,NM,0.18354891413943955,06/30/2026,1.87,225955,223,180696,First Security Bank and Trust Company,Oklahoma City,17001,OK,40,4,17001
1,NM,2.93947844006313,06/30/2026,23.68,410192,5991,336591,Central Bank of Kansas City,Kansas City,17009,MO,29,4,17009
1,NM,2.635421367634675,06/30/2026,16.86,734824,9509,610355,FNB SOUTH,Alma,17011,GA,13,4,17011
1,NM,2.6077385218273608,06/30/2026,38.99,818397,10910,727607,Wilson & Muir Bank & Trust Company,Bardstown,17040,KY,21,4,17040
1,NM,0.5052556186007767,06/30/2026,5.23,254614,649,198896,Mountain Valley Bank,Dunlap,1705,TN,47,4,1705
1,NM,0.21953139022740142,06/30/2026,2.04,46358,53,38437,State Bank of Bellingham,Bellingham,17062,MN,27,2,17062
1,NM,1.0428610327473185,06/30/2026,8.13,544419,2815,457189,Labette Bank,Altamont,17068,KS,20,2,17068
1,NM,0.7137584568176134,06/30/2026,5.65,109322,390,95162,The Peoples Bank,Willacoochee,17073,GA,13,2,17073
1,NM,0.7685083435288812,06/30/2026,8.12,1147614,4442,1004093,First US Bank,Birmingham,17077,AL,1,4,17077
1,NM,1.9234768852050992,06/30/2026,16.93,403017,3761,354878,HomeBank Texas,Seagoville,17094,TX,48,4,17094
1,NM,1.8961924173122282,06/30/2026,19.99,159046,1518,142166,Liberty State Bank,Powers Lake,17096,ND,38,2,17096
1,NM,1.1065215983021202,06/30/2026,8.8,649072,3587,562566,"Community Bank & Trust, Waco, Texas",Waco,17108,TX,48,4,17108
1,NM,1.3020113196044576,06/30/2026,13.14,1838229,11661,1536667,Wellworth Bank,Lafayette,1711,TN,47,4,1711
1,SI,1.4144368091050026,06/30/2026,14.04,1087056,7600,846966,Partners Bank of New England,Sanford,17115,ME,23,4,17115
1,NM,1.3283103507629408,06/30/2026,15.25,976545,6238,837744,First Security Bank,Batesville,17120,MS,28,4,17120
1,NM,0.2205743335504065,06/30/2026,2.23,31521,35,28196,Lake Country Community Bank,Morristown,17122,MN,27,4,17122
1,SI,0.5195676401901179,06/30/2026,5.54,718226,1864,642957,Artisans' Bank,Wilmington,17123,DE,10,4,17123
1,NM,1.7073098811665144,06/30/2026,18.51,253081,2123,224267,Bank of Perry County,Lobelville,1713,TN,47,6,1713
1,NM,1.2429459247089076,06/30/2026,9.73,13910,87,12092,Peoples State Bank,Blair,17138,OK,40,2,17138
1,NM,2.5823642957770883,06/30/2026,11.56,611641,7824,420541,Heritage Bank,Wood River,17145,NE,31,2,17145
1,SM,1.7125673260502252,06/30/2026,9.74,810982,7019,615538,Citizens 1st Bank,Tyler,1715,TX,48,4,1715
1,NM,1.3029573332344768,06/30/2026,10.55,3785735,24076,2954645,Bank of Utah,Ogden,17159,UT,49,4,17159
1,SM,0.9251753427554364,06/30/2026,8.07,38073,175,32684,Cottonwood Valley Bank,Cedar Point,17160,KS,20,2,17160
1,NM,1.0404828100630636,06/30/2026,9.61,730298,3836,630415,Dairy State Bank,Rice Lake,17162,WI,55,4,17162
1,NM,1.4976353126642143,06/30/2026,17.61,165089,1178,145252,State Bank & Trust Company,Golden Meadow,17169,LA,22,4,17169
1,NM,0.9530708606439336,06/30/2026,13.78,38486,182,35634,"Peoples State Bank, Fairmount, N. D.",Fairmount,17174,ND,38,2,17174
1,SI,0.5571007803100333,06/30/2026,5.83,1644910,4530,1350266,Meredith Village Savings Bank,Meredith,17180,NH,33,5,17180
1,NM,1.5395241219739615,06/30/2026,7.52,188129,1486,147610,Bank of Camilla,Camilla,17190,GA,13,2,17190
1,NM,0.6797190186460337,06/30/2026,4.1,173938,588,144970,The Warrington Bank,Pensacola,17193,FL,12,7,17193
1,NM,2.4978269329114924,06/30/2026,22.42,2159044,27922,1882152,United Bank,Zebulon,172,GA,13,4,172
1,NM,1.8408163862044766,06/30/2026,21.66,947176,8394,796871,Western Bank,Lubbock,1720,TX,48,4,1720
1,SM,1.554222818682143,06/30/2026,17.58,1616832,12413,1465633,The Citizens Bank,Batesville,17211,AR,5,4,17211
1,NM,1.4218267330024605,06/30/2026,16.01,507038,3528,456621,Citizens State Bank,Sealy,17214,TX,48,5,17214
1,NM,1.5799919014252568,06/30/2026,15.42,678451,5131,510748,Henderson State Bank,Henderson,17229,NE,31,2,17229
1,N,0.7860627254393229,06/30/2026,4.63,721796,2857,591105,Albank National Association,Chicago,17230,IL,17,4,17230
1,NM,1.9338945066699482,06/30/2026,20.41,138696,1362,123084,Sidney State Bank,Sidney,17232,MI,26,5,17232
1,NM,1.3279875629014442,06/30/2026,11.01,165914,1082,144671,North Central Bank,Hennepin,17241,IL,17,2,17241
1,SM,1.1288734805683958,06/30/2026,11.68,182036,1055,136248,St. Ansgar State Bank,Saint Ansgar,17259,IA,19,2,17259
1,SI,1.1020412032955051,06/30/2026,7.75,536624,2906,447929,Essex Bank,Essex,17262,CT,9,4,17262
1,NM,1.2490222320966398,06/30/2026,10.33,65367657,412594,52191880,Columbia Bank,Roseburg,17266,OR,41,4,17266
1,NM,1.3239830684984526,06/30/2026,83.08,412068,2691,396606,The Bank of Tioga,Tioga,17280,ND,38,2,17280
1,N,0.9685408798117174,06/30/2026,8.15,99102519,480202,81510141,City National Bank,Los Angeles,17281,CA,6,4,17281
1,NM,1.6024864793694429,06/30/2026,13,846173,6694,712712,BankIowa,Cedar Rapids,17282,IA,19,2,17282
1,NM,0.9103484427100775,06/30/2026,18.02,115546,521,108976,Peoples Bank of Greensboro,Greensboro,1730,AL,1,2,1730
1,SM,1.2067589977156636,06/30/2026,14.16,7495070,45017,6701667,Central Pacific Bank,Honolulu,17308,HI,15,4,17308
1,NM,1.4804308144542517,06/30/2026,16.07,345334,2498,311631,Goppert State Service Bank,Garnett,17317,KS,20,2,17317
1,NM,2.1612278980993027,06/30/2026,22.11,656601,6794,522194,Peoples Bank & Trust,Pana,17320,IL,17,2,17320
1,NM,1.8233212152271745,06/30/2026,14.93,4505753,40986,3777997,First State Community Bank,Farmington,17323,MO,29,4,17323
1,NM,0.7903120620353988,06/30/2026,7.97,291033,1125,261336,Bank of Dickson,Dickson,17327,TN,47,5,17327
1,NM,0.6521501899933059,06/30/2026,5.55,623907,2002,491325,South Story Bank & Trust,Slater,17348,IA,19,4,17348
1,NM,0.8492879105347999,06/30/2026,8.23,308742,1318,268630,Farmers and Merchants Bank,Piedmont,1735,AL,1,4,1735
1,NM,-0.5497290886682324,06/30/2026,-6.27,68247,-197,61915,First State Bank of San Diego,San Diego,17350,TX,48,7,17350
1,NM,1.3314485771867195,06/30/2026,16.72,219864,1416,201624,Carson Bank,Mulvane,17369,KS,20,4,17369
1,NM,1.7177064089810998,06/30/2026,17.3,573253,4835,456424,Mid-America Bank,Baldwin City,17374,KS,20,4,17374
1,NM,1.2241944630949044,06/30/2026,15.15,50858,313,46521,The State Exchange Bank,Mankato,17375,KS,20,2,17375
1,SM,-2.5620930613704425,06/30/2026,-11.37,709982,-7165,480553,M C Bank & Trust Company,Morgan City,17388,LA,22,4,17388
1,NM,1.764040225312851,06/30/2026,13.05,8426559,74015,7062648,German American Bank,Jasper,17393,IN,18,4,17393
1,SM,1.6746606613895025,06/30/2026,23.26,167248,1403,152981,Impact Bank,Wellington,17399,KS,20,2,17399
1,NM,1.6360001114993878,06/30/2026,17.14,131512,1076,114741,The Bendena State Bank,Bendena,17410,KS,20,2,17410
1,SM,0.9082620701835618,06/30/2026,8.72,556545,2537,445392,Mountain Valley Bank,Walden,17411,CO,8,4,17411
1,SM,1.6784121060311339,06/30/2026,20.97,950691,7632,757734,Stone Bank,Mountain View,17431,AR,5,2,17431
1,SM,1.0883600244091298,06/30/2026,11.27,4922868,26530,4349198,Dacotah Bank,Aberdeen,17437,SD,46,2,17437
1,N,2.788024799534728,06/30/2026,34.72,6818824,94246,3878684,First National Bank of America,East Lansing,17438,MI,26,5,17438
1,NM,2.146626870391967,06/30/2026,19.1,16536,181,13275,Dysart State Bank,Dysart,17441,IA,19,2,17441
1,SI,0.3765048328666572,06/30/2026,3.45,373351,714,298081,Piscataqua Savings Bank,Portsmouth,17443,NH,33,5,17443
1,NM,2.430447531344305,06/30/2026,21.67,809141,8333,710550,Maverick Bank,Fort Davis,17446,TX,48,4,17446
1,NM,0.5856180289578019,06/30/2026,5.14,98284,290,86474,The Farmers & Merchants Bank,Waterloo,1745,AL,1,2,1745
1,NM,0.7140380189779642,06/30/2026,7.31,42615,151,33538,Defiance State Bank,Defiance,17450,IA,19,2,17450
1,SM,1.637138666202882,06/30/2026,19.01,205904,1663,187717,Halstead Bank,Halstead,17451,KS,20,2,17451
1,NM,1.5684991543314282,06/30/2026,19.8,675231,5082,548297,Apple River State Bank,Apple River,17453,IL,17,2,17453
1,NM,0.277271959101017,06/30/2026,3.08,2228645,3038,1784813,First Bank Chicago,Highland Park,17470,IL,17,4,17470
1,SM,1.5291229012283354,06/30/2026,13.22,892914,6891,714150,United Bank & Trust,Marysville,17477,KS,20,2,17477
1,NM,0.767256098068271,06/30/2026,6.78,1048233,4150,883197,FirsTier Bank,Kimball,17478,NE,31,4,17478
1,SM,1.1138656406699734,06/30/2026,9.99,12684839,70312,10655332,PlainsCapital Bank,University Park,17491,TX,48,4,17491
1,NM,3.1354289612456823,06/30/2026,36.96,463730,7239,419160,The Commercial Bank,Crawford,175,GA,13,4,175
1,NM,0.5213775901470554,06/30/2026,5.83,1184888,3056,1058008,First State Bank,Key West,17509,FL,12,4,17509
1,N,1.622614524897854,06/30/2026,17.79,375520,2999,326182,The Fisher National Bank,Fisher,17513,IL,17,4,17513
1,NM,0.9142512247950599,06/30/2026,13.79,3358778,15097,3013755,Banterra Bank,Marion,17514,IL,17,4,17514
1,SM,1.5683077704290036,06/30/2026,17.68,355771,2687,320830,Union Bank & Trust Company,Monticello,1753,AR,5,4,1753
1,N,1.276907433413833,06/30/2026,12.54,188555486,1183792,158480379,KeyBank National Association,Cleveland,17534,OH,39,4,17534
1,NM,2.7209928192577832,06/30/2026,41.71,162311,2194,151289,Bank of Dade,Trenton,17543,GA,13,8,17543
1,NM,0.5668755708122067,06/30/2026,3.13,41402,120,33563,Community State Bank,Paton,17551,IA,19,2,17551
1,NM,1.0925722487948457,06/30/2026,11.84,954592,5044,743390,Central Bank,Little Rock,1756,AR,5,4,1756
1,NM,0.9596885169991718,06/30/2026,7.23,597494,2943,493664,Palmetto State Bank,Hampton,17563,SC,45,7,17563
1,N,1.2868745472571714,06/30/2026,11.05,200113,1285,173922,First National Bank in Taylorville,Taylorville,17572,IL,17,2,17572
1,NM,1.5069543313985325,06/30/2026,13.95,628511,4816,555937,FNBT BANK,Fort Walton Beach,17580,FL,12,7,17580
1,NM,1.5006923580665963,06/30/2026,12.38,198489,1501,172951,Simmesport State Bank,Simmesport,17587,LA,22,8,17587
1,NM,2.440942097410458,06/30/2026,27.45,895174,10814,806762,The First State Bank,Louise,17588,TX,48,2,17588
1,N,2.712322313999674,06/30/2026,27.62,340522,4491,298249,The National Bank of Andrews,Andrews,17603,TX,48,4,17603
1,NM,1.6144552549983961,06/30/2026,19.63,57652,453,52743,The City State Bank,Fort Scott,17607,KS,20,2,17607
1,SM,1.8738062734075744,06/30/2026,20.26,1416138,12749,1274359,Central Bank,Houston,17612,TX,48,4,17612
1,NM,2.561639387727263,06/30/2026,11.3,1053887,13333,699090,Farmers Bank & Trust,Great Bend,17614,KS,20,9,17614
1,NM,1.739177864442306,06/30/2026,16.96,87437,744,78015,Basile State Bank,Basile,17621,LA,22,8,17621
1,NM,1.772455896452036,06/30/2026,14.25,318434,2807,276436,Alden State Bank,Alden,17622,MI,26,8,17622
1,NM,1.3142233075233456,06/30/2026,10.37,57626,357,47912,The Farmers State Bank of Blue Mound,Blue Mound,17629,KS,20,2,17629
1,NM,0.832956997340559,06/30/2026,8.18,19520,83,17368,The Farmers State Bank,Dwight,17632,KS,20,2,17632
1,NM,0.5882083552287903,06/30/2026,12.95,423288,1263,371976,Astra Bank,Scandia,17636,KS,20,2,17636
1,NM,2.0031590014891076,06/30/2026,19.22,570154,5614,506463,RVR Bank,Fremont,17639,NE,31,4,17639
1,N,1.0848416191769212,06/30/2026,19.39,452824,2509,425370,First National Bank,Alamogordo,17643,NM,35,4,17643
1,NM,1.5022475625340708,06/30/2026,11.62,227149,1681,181252,"The Stockgrowers State Bank of Ashland, Kansas",Ashland,17650,KS,20,2,17650
1,SI,1.276821828468493,06/30/2026,10.24,2155525,13446,1573957,Norway Savings Bank,Norway,17658,ME,23,4,17658
1,NM,1.3598191592780426,06/30/2026,9.7,108820,774,86461,The First State Bank of Healy,Healy,17661,KS,20,2,17661
1,NM,1.3438891597428904,06/30/2026,12.93,175688,1098,158436,Bank of Prairie Village,Prairie Village,17671,KS,20,4,17671
1,NM,1.689355922788087,06/30/2026,13.16,450637,3771,382281,The Citizens State Bank,Moundridge,17672,KS,20,2,17672
1,NM,1.2231974865117905,06/30/2026,12.48,864965,5202,721830,Legacy Bank,Colwich,17676,KS,20,4,17676
1,NM,0.994183408909725,06/30/2026,7.33,21245166,107731,18098231,Mechanics Bank,Walnut Creek,1768,CA,6,4,1768
1,NM,-0.2564697398112947,06/30/2026,-2.63,648754,-831,572079,Outdoor Bank,Manhattan,17685,KS,20,4,17685
1,NM,0.8371890503500934,06/30/2026,4.4,301431,1269,241525,DLP Bank,Starke,17734,FL,12,7,17734
1,N,1.9554250763944663,06/30/2026,19.17,6756219,65834,5426267,City National Bank of West Virginia,Charleston,17735,WV,54,4,17735
1,SI,0.216820847957107,06/30/2026,3.56,455656,497,406280,The Hometown Savings Bank,Terre Haute,17736,IN,18,4,17736
1,NM,1.638783202883807,06/30/2026,9.43,828404,6967,685753,Plains State Bank,Humble,17739,TX,48,4,17739
1,SI,1.167558728348323,06/30/2026,12.49,2983602,16993,2298659,Maine Community Bank,Portland,17741,ME,23,4,17741
1,SI,0.24373344220794793,06/30/2026,2.62,1471276,1777,1004302,Saco & Biddeford Savings Institution,Saco,17743,ME,23,4,17743
1,SI,0.7413472273911424,06/30/2026,5.11,1503065,5561,1154317,Bath Savings Institution,Bath,17749,ME,23,4,17749
1,SI,0.6740396302998138,06/30/2026,6.47,1764177,6037,1430709,Androscoggin Savings Bank,Lewiston,17751,ME,23,4,17751
1,NM,1.1072738182545503,06/30/2026,15.68,129580,692,119636,The Baltic State Bank,Baltic,17759,OH,39,5,17759
1,SI,1.2960906054553833,06/30/2026,9.5,3152569,19942,2296434,Centreville Bank,West Warwick,17764,RI,44,4,17764
1,NM,1.2759174016915236,06/30/2026,9.51,318547,2017,274752,Guaranty Bank and Trust Company,New Roads,17767,LA,22,4,17767
1,NM,1.533409878636349,06/30/2026,16.39,379202,2858,338046,Bank of Hays,Hays,17769,KS,20,2,17769
1,NM,0.5352864207181335,06/30/2026,6.25,199449,525,181813,Blue Ridge Bank,Walhalla,17773,SC,45,8,17773
1,NM,2.061460820979588,06/30/2026,15.2,174318,1830,148061,First State Bank,Paint Rock,17775,TX,48,2,17775
1,N,0.586623534949968,06/30/2026,3.84,110763,324,93082,Pikes Peak National Bank,Colorado Springs,17782,CO,8,4,17782
1,NM,0.5802811536584495,06/30/2026,8.21,231193,650,212286,The Citizens State Bank of Ouray,Ouray,1779,CO,8,4,1779
1,NM,0.07344417162894852,06/30/2026,0.88,816326,306,677264,Rollstone Bank & Trust,Fitchburg,17797,MA,25,4,17797
1,SM,1.0525262134355178,06/30/2026,9.41,22201546,118522,18647669,Beacon Bank and Trust,Boston,17798,MA,25,4,17798
1,NM,-0.8537202848298007,06/30/2026,-18.47,51658,-222,45247,Talbot State Bank,Woodland,178,GA,13,5,178
1,NM,1.058523750526867,06/30/2026,17,416381,2210,336306,Farmers State Bank of Calhan,Calhan,1780,CO,8,8,1780
1,NM,0.17740226145297075,06/30/2026,1.67,823403,729,702514,Citizens Bank,Corvallis,17809,OR,41,2,17809
1,NM,0.9441621729232846,06/30/2026,11.36,190456,909,167067,First State Bank Shannon-Polo,Shannon,1781,IL,17,2,1781
1,N,0.4048696825709225,06/30/2026,3.96,361331,744,294277,First National Bank in Port Lavaca,Port Lavaca,17811,TX,48,8,17811
1,NM,1.813289807577052,06/30/2026,18.69,75774,711,67963,Bank of Hazelton,Hazelton,17813,ND,38,2,17813
1,NM,1.3397260273972602,06/30/2026,9.03,24362,163,20607,Boelus State Bank,Boelus,17825,NE,31,2,17825
1,NM,2.46904744865097,06/30/2026,12.57,185140,2300,146626,Citizens' Bank of Charleston,Charleston,17830,MO,29,2,17830
1,SM,2.1672437731051675,06/30/2026,19.55,295780,3239,250564,Kaw Valley State Bank and Trust Company,Wamego,17832,KS,20,2,17832
1,SB,1.603133013641889,06/30/2026,13.22,22565353,175810,19313830,"Wilmington Savings Fund Society, FSB",Wilmington,17838,DE,10,4,17838
1,NM,1.8377593638061351,06/30/2026,16.49,145495,1422,126108,Vermilion Bank & Trust Company,Kaplan,17841,LA,22,8,17841
1,NM,1.5352886268416943,06/30/2026,12.39,4339112,33726,3750159,Texas Bank and Trust Company,Longview,17842,TX,48,4,17842
1,NM,1.5433109998085974,06/30/2026,18.69,732066,5362,653134,Longview Bank,Ogden,1786,IL,17,2,1786
1,NM,0.9784586893148299,06/30/2026,14.53,461880,2293,359533,Sterling State Bank,Austin,17863,MN,27,4,17863
1,NM,0.3588372210806066,06/30/2026,3.53,6980671,12458,5350448,Cambridge Savings Bank,Cambridge,17870,MA,25,4,17870
1,N,0.6048114101734695,06/30/2026,6.49,156897,469,137246,"First National Bank, Cortez",Cortez,17872,CO,8,4,17872
1,NM,16.117505691879586,06/30/2026,122.62,110293,8495,88993,Bank of Louisiana,New Orleans,17878,LA,22,4,17878
1,NM,1.2064764556196899,06/30/2026,9.68,301213,1823,246380,Freedom Bank,Alamo,17881,TX,48,4,17881
1,SI,1.3650079703339137,06/30/2026,10.3,1871320,12562,1406119,Kennebec Savings Bank,Augusta,17897,ME,23,4,17897
1,SM,1.4407520000244791,06/30/2026,9.4,429013,3139,327392,Maquoketa State Bank,Maquoketa,17903,IA,19,2,17903
1,NM,1.8330529176405936,06/30/2026,18.62,267045,2435,221711,American Bank & Trust Company,Opelousas,17906,LA,22,4,17906
1,N,1.0452079871099451,06/30/2026,10.97,153461,826,137748,First National Bank of Fort Stockton,Fort Stockton,17913,TX,48,4,17913
1,NM,1.1874768195828163,06/30/2026,13.58,104174,619,93413,Strasburg State Bank,Strasburg,17922,ND,38,2,17922
1,NM,1.700309888612793,06/30/2026,19.33,288580,2363,231372,Vintage Bank Kansas,Leon,17927,KS,20,2,17927
1,NM,1.5651083841709723,06/30/2026,11.96,803588,6280,650733,Franklin Bank & Trust Company,Franklin,17937,KY,21,4,17937
1,SI,1.295405629786061,06/30/2026,9.92,9379852,59116,7122676,Liberty Bank,Middletown,17943,CT,9,4,17943
1,NM,1.9760459837289441,06/30/2026,21.94,478050,4621,429106,First State Bank,Clute,17950,TX,48,4,17950
1,SI,1.0949492897665443,06/30/2026,12.58,931389,5031,776069,Franklin Savings Bank,Franklin,17951,NH,33,4,17951
1,NM,1.8562679849479817,06/30/2026,12.7,456306,4193,357327,The Dolores State Bank,Dolores,17959,CO,8,4,17959
1,SI,0.47370814585773163,06/30/2026,5.3,1407191,3302,1164347,Merrimack County Savings Bank,Concord,17960,NH,33,4,17960
1,NM,1.7621268591487247,06/30/2026,15.58,2738337,23520,2395707,State Bank of Southern Utah,Cedar City,17964,UT,49,4,17964
1,NM,0.5099857858691439,06/30/2026,11.02,115195,296,107586,The Commercial Bank Of Ozark,Ozark,17975,AL,1,4,17975
1,NM,1.4067046231662272,06/30/2026,15,269697,2033,241275,Castroville State Bank,Castroville,17979,TX,48,8,17979
1,NM,-0.01646723021187836,06/30/2026,-0.07,13026,-1,10069,The Walton State Bank,Walton,17982,KS,20,7,17982
1,NM,1.2461720268030752,06/30/2026,10.74,23648513,149278,20165198,First Hawaiian Bank,Honolulu,17985,HI,15,4,17985
1,NM,0.49611492173729344,06/30/2026,4.79,200758,501,168684,Keystone Savings Bank,Marengo,17993,IA,19,4,17993
1,NM,1.5866255601818007,06/30/2026,13.1,54409,416,46764,Bank of Greeley,Greeley,17995,KS,20,2,17995
1,SM,0.9908579593327909,06/30/2026,8.46,2803647,13814,2395923,Bank of New Hampshire,Laconia,18012,NH,33,4,18012
1,SM,0.4965290847930153,06/30/2026,5.86,3034815,7466,2617488,Mascoma Bank,Lebanon,18013,NH,33,4,18013
1,NM,1.8090753531593866,06/30/2026,20.83,268819,2414,233416,Patriots Bank,Garnett,18019,KS,20,4,18019
1,SI,0.6420563625239578,06/30/2026,5.59,424308,1345,364341,Sugar River Bank,Newport,18028,NH,33,5,18028
1,SI,0.8534257229724953,06/30/2026,11.2,857937,3621,784503,Savings Bank of Walpole,Walpole,18030,NH,33,4,18030
1,NM,1.1935640147309123,06/30/2026,17.43,155063,928,143951,Security Bank of the Ozarks,Eminence,18033,MO,29,4,18033
1,SI,0.34616029834952833,06/30/2026,2.98,619704,1073,473576,Claremont Savings Bank,Claremont,18038,NH,33,4,18038
1,SM,1.0278800278976397,06/30/2026,13.92,23808407,123049,20965195,Bank of Hawaii,Honolulu,18053,HI,15,5,18053
1,NM,2.1294229970337226,06/30/2026,14.53,2344611,24348,1933308,The Bank of Commerce,Ammon,18059,ID,16,4,18059
1,NM,1.524759416225862,06/30/2026,13.57,122079,957,107002,COREBANK,Waynoka,18063,OK,40,4,18063
1,NM,0.5085101585400937,06/30/2026,3.87,86717,218,75019,The Watkins Savings Bank,Watkins,18071,IA,19,2,18071
1,NM,1.1357975490684467,06/30/2026,14.13,445751,2470,406951,Better Banks,Peoria,1808,IL,17,8,1808
1,NM,0.9475775638086504,06/30/2026,5.98,33592,155,28183,Marquette Farmers State Bank of Marquette,Marquette,18094,KS,20,2,18094
1,NM,1.5472298385386876,06/30/2026,26.42,1255376,9973,1061678,CoreFirst Bank & Trust,Topeka,18100,KS,20,4,18100
1,NM,1.5650589472999208,06/30/2026,11.9,60836,481,52101,"The Farmers State Bank of Bucklin, Kansas",Bucklin,18101,KS,20,2,18101
1,NM,1.680656072622845,06/30/2026,15.7,213787,1744,135076,TriCentury Bank,De Soto,18109,KS,20,4,18109
1,NM,1.7734525108578345,06/30/2026,18.27,445593,3952,390499,Bank of the Plains,Plains,18118,KS,20,4,18118
1,NM,1.631284206831003,06/30/2026,8.48,179563,1456,143708,"The Farmers State Bank of Aliceville, Kansas",Westphalia,18120,KS,20,2,18120
1,SM,0.6175128211017453,06/30/2026,6.18,3067450,9410,2445015,BankNewport,Middletown,18129,RI,44,4,18129
1,N,0.6315668599644026,06/30/2026,5.68,87550,275,76217,First National Bank of Wauchula,Wauchula,18136,FL,12,8,18136
1,NM,0.8144712481015213,06/30/2026,8.87,744122,2987,658345,Oconee State Bank,Watkinsville,18143,GA,13,4,18143
1,NM,1.080937295964017,06/30/2026,10.14,80272,447,70861,State Bank of Eagle Butte,Eagle Butte,18145,SD,46,2,18145
1,NM,1.089033615459458,06/30/2026,13.44,246781,1401,199740,Bridge City State Bank,Bridge City,18155,TX,48,4,18155
1,NM,1.2974970883318309,06/30/2026,8.46,107999,674,90593,Garfield County Bank,Jordan,18164,MT,30,2,18164
1,NM,2.550769004958955,06/30/2026,21.7,128326,1622,94887,The Stockgrowers State Bank,Maple Hill,18165,KS,20,8,18165
1,NM,1.777823269472406,06/30/2026,13.23,377540,3358,324149,Bank of O'Fallon,O'Fallon,18171,IL,17,4,18171
1,N,1.6635868426061333,06/30/2026,14.42,1681828,13810,1419753,Community National Bank & Trust of Texas,Corsicana,18185,TX,48,4,18185
1,SI,0.8100606924446545,06/30/2026,8.38,3303137,13369,2549911,Union Savings Bank,Danbury,18190,CT,9,4,18190
1,SI,1.0340052023542168,06/30/2026,10.37,1494910,7623,1318424,Ascend Bank,Guilford,18194,CT,9,4,18194
1,SM,0.9270534475282919,06/30/2026,7.63,2783038,12800,2277893,Ion Bank,Naugatuck,18198,CT,9,4,18198
1,SI,0.7477228488632242,06/30/2026,8.63,1871941,7063,1569743,Newtown Savings Bank,Newtown,18199,CT,9,5,18199
1,SI,0.9468688480038534,06/30/2026,8.55,1205489,5714,933480,Dime Bank,Norwich,18200,CT,9,4,18200
1,SI,0.45824981146608557,06/30/2026,5.8,2422335,5402,1919482,First County Bank,Stamford,18204,CT,9,4,18204
1,NM,1.1892678334545765,06/30/2026,8.16,190332,1158,149304,Fowler State Bank,Fowler,1821,IN,18,2,1821
1,SI,0.6767243426585345,06/30/2026,5.29,1919913,6459,1469248,Fairfield County Bank,Ridgefield,18213,CT,9,4,18213
1,SI,8.231186190891954,06/30/2026,17.33,507036,20442,202250,Stafford Savings Bank,Stafford Springs,18227,CT,9,7,18227
1,SI,0.5336656518105004,06/30/2026,7.72,1255449,3286,1058235,Northwest Community Bank,Winsted,18229,CT,9,4,18229
1,SI,0.3223940836994106,06/30/2026,2.27,493863,786,400593,Jewett City Savings Bank,Jewett City,18237,CT,9,4,18237
1,SI,1.388503934666353,06/30/2026,8.9,1752542,12140,1192278,Chelsea Groton Bank,Groton,18238,CT,9,5,18238
1,SI,1.0715961761222188,06/30/2026,11.62,1934794,10264,1688877,Thomaston Savings Bank,Thomaston,18258,CT,9,4,18258
1,NM,1.896964433240833,06/30/2026,13.22,3384849,31044,2823074,Northern Bank & Trust Company,Woburn,18266,MA,25,4,18266
1,SM,1.3389253231027085,06/30/2026,11.65,1746309,11610,1263225,Community State Bank,Ankeny,18272,IA,19,4,18272
1,NM,0.7517048256100625,06/30/2026,6.45,215295,808,173680,Farmers Savings Bank,Fostoria,18284,IA,19,4,18284
1,SM,-0.03118845334149624,06/30/2026,-0.26,57020,-9,49022,The Fairmount State Bank,Fairmount,1829,IN,18,2,1829
1,N,0.8556770825270378,06/30/2026,8.09,871698,3777,772275,Hawaii National Bank,Honolulu,18296,HI,15,4,18296
1,NM,1.3476207280015486,06/30/2026,10.98,8758892,58544,6173200,Southside Bank,Tyler,18297,TX,48,4,18297
1,NM,0.7685109694633857,06/30/2026,7.63,145987,553,128715,The Merchants & Citizens Bank,Mcrae,183,GA,13,7,183
1,NM,1.3174209206089824,06/30/2026,7.56,150794,997,122913,First State Bank,Shallowater,18301,TX,48,4,18301
1,NM,-0.8184335698872891,06/30/2026,-3.34,58749,-232,43261,Producer Bank of Texas,Powell,18302,TX,48,4,18302
1,NM,1.0670253000368646,06/30/2026,11.13,916099,4689,764136,State Bank,Brownsburg,1833,IN,18,4,1833
1,NM,1.416956424858921,06/30/2026,15.65,1046394,6836,945730,UBank,Huntington,18344,TX,48,4,18344
1,NM,0.4877332918975847,06/30/2026,4.87,1809980,4520,1557820,North Dallas Bank & Trust Co.,Dallas,18355,TX,48,4,18355
1,NM,1.738276454701694,06/30/2026,14.33,194658,1711,166115,Citizens State Bank,Sheldon,18356,IA,19,2,18356
1,NM,0.4704330207793431,06/30/2026,6.49,524374,1248,428116,Coulee Bank,La Crosse,18361,WI,55,4,18361
1,NM,1.3928808531165051,06/30/2026,12.89,1033925,7060,727851,Security State Bank,Scott City,18374,KS,20,2,18374
1,NM,2.2096452488207863,06/30/2026,19.87,112715,1250,96732,Security State Bank of Wanamingo,Wanamingo,18378,MN,27,2,18378
1,NM,1.2385903994116578,06/30/2026,11.4,147638,887,131352,First Independent Bank,Aurora,18380,MO,29,8,18380
1,NM,1.2179605990410796,06/30/2026,10.86,461927,2749,379052,Northeast Security Bank,Sumner,18384,IA,19,2,18384
1,NM,2.2612094655810004,06/30/2026,20.73,597401,6614,500732,Regional Missouri Bank,Marceline,18385,MO,29,2,18385
1,NM,3.2119686926505535,06/30/2026,34,863536,14063,779501,Western Commerce Bank,Carlsbad,18389,NM,35,4,18389
1,NM,0.6227356383040293,06/30/2026,7.55,175893,538,160586,Community State Bank,Royal Center,1839,IN,18,2,1839
1,NM,1.4599468596302787,06/30/2026,9.5,140318,1033,115350,Farmers Savings Bank,Marshalltown,18394,IA,19,2,18394
1,NM,0.7508377829556753,06/30/2026,6.61,521983,1956,396416,Iowa Trust & Savings Bank,Emmetsburg,18400,IA,19,4,18400
1,NM,1.545317238976256,06/30/2026,15.95,2036767,15197,1602358,Blackhawk Bank & Trust,Milan,18402,IL,17,4,18402
1,SI,0.3737216853084876,06/30/2026,5.26,7739717,14025,5722766,Bangor Savings Bank,Bangor,18408,ME,23,4,18408
1,N,0.8255348639380751,06/30/2026,5.87,342803746,1423501,277668163,"TD Bank, National Association",Wilmington,18409,DE,10,9,18409
1,NM,1.6163641855467061,06/30/2026,16.74,5349867,43185,4722069,Morton Community Bank,Morton,18429,IL,17,4,18429
1,NM,0.8021227325960475,06/30/2026,9.7,213417,855,193970,The Farmers and Merchants Bank,Boswell,1843,IN,18,2,1843
1,NM,3.843970986874259,06/30/2026,50.89,618519,11706,561623,First Bank Kansas,Salina,18431,KS,20,4,18431
1,SM,1.5252134149844319,06/30/2026,13.15,812110,6195,699301,CUSB Bank,Cresco,18443,IA,19,2,18443
1,NM,1.07235876509065,06/30/2026,12.98,119048,632,109010,Security State Bank,Radcliffe,18448,IA,19,2,18448
1,N,-2.744147281008352,06/30/2026,-5.59,449962,-2409,56137,GreatAmerica Bank National Association,Cedar Rapids,18463,IA,19,8,18463
1,NM,2.42487923364537,06/30/2026,21.56,458882,5331,391892,The Bippus State Bank,Huntington,1847,IN,18,4,1847
1,NM,1.6703797496912027,06/30/2026,27.02,294355,2468,275248,First Kansas Bank,Hoisington,18474,KS,20,5,18474
1,NM,1.469561703222014,06/30/2026,10.49,28197,200,24199,Andes State Bank,Lake Andes,18483,SD,46,2,18483
1,SM,1.322484046428566,06/30/2026,9.65,1291499,8731,1098142,Adams Bank & Trust,Ogallala,18489,NE,31,2,18489
1,SM,1.0922449043599625,06/30/2026,14.03,255289,1393,224595,Wayne Bank and Trust Co.,Richmond,1849,IN,18,4,1849
1,NM,1.5453152974887732,06/30/2026,12.26,24640966,187729,21115175,Cathay Bank,Los Angeles,18503,CA,6,4,18503
1,NM,1.0277931442305857,06/30/2026,7.37,87325,449,74130,First Security State Bank,Evansdale,18508,IA,19,4,18508
1,NM,1.668370238677705,06/30/2026,11.57,275141,2296,230858,First New Mexico Bank,Deming,18514,NM,35,4,18514
1,NM,1.2058515209127902,06/30/2026,14.5,268714,1574,208411,Westside State Bank,Westside,18518,IA,19,8,18518
1,NM,0.8679271295131232,06/30/2026,10.27,1022815,4218,919202,First Service Bank,Greenbrier,18519,AR,5,4,18519
1,NM,0.5606076530113221,06/30/2026,5.55,538199,1538,469015,First Security Bank and Trust Company,Charles City,1852,IA,19,2,1852
1,N,0.34800175932198324,06/30/2026,3.75,2780318,4775,2514730,"Sunrise Banks, National Association",Sioux Falls,18561,SD,46,4,18561
1,N,1.8528560092992634,06/30/2026,14.42,419581,3884,334666,First National Bank of Brookfield,Brookfield,18564,IL,17,4,18564
1,NM,0.9407108854846689,06/30/2026,15.84,375569,1740,328319,Peoples Bank of Kankakee County,Bourbonnais,18566,IL,17,4,18566
1,NM,0.2942152750535622,06/30/2026,1.56,43006,65,34091,Community Bank of Easton,Easton,18568,IL,17,2,18568
1,NM,1.0979902704441467,06/30/2026,11.62,1502133,8158,1189475,Peoples State Bank,Wausau,18569,WI,55,4,18569
1,SM,1.9322130151499424,06/30/2026,19.17,426855,4219,366515,Waukon State Bank,Waukon,1857,IA,19,2,1857
1,SM,1.651590851449219,06/30/2026,12.86,543558,4439,451200,Bank of Texas,Midland,18576,TX,48,4,18576
1,NM,1.2802304055619098,06/30/2026,12.51,552692,3565,475188,Commercial Bank,Ithaca,18584,MI,26,4,18584
1,NM,2.8003870271079347,06/30/2026,17.91,639268,8731,538660,First Bank of Owasso,Owasso,18592,OK,40,4,18592
1,NM,1.7465490095565888,06/30/2026,12.08,54596,477,46165,Montezuma State Bank,Montezuma,1860,IA,19,2,1860
1,NM,1.0408305785999847,06/30/2026,12.99,1862140,9248,1443781,American Bank of Commerce,Wolfforth,18609,TX,48,4,18609
1,SM,1.6187200301358273,06/30/2026,16.66,427293,3495,382035,The Union State Bank of Everest,Everest,18610,KS,20,2,18610
1,NM,-3.557425110655358,06/30/2026,-32.51,6596628,-130446,5564446,SMBC MANUBANK,Los Angeles,18618,CA,6,4,18618
1,NM,1.0203592592191777,06/30/2026,9.63,217266,1100,190888,Citizens Bank & Trust Co. of Jackson,Jackson,18620,KY,21,4,18620
1,NM,1.433460321560018,06/30/2026,8.74,228579,1591,189514,First Bank and Trust Company of Illinois,Palatine,18641,IL,17,4,18641
1,NM,1.3744933123836434,06/30/2026,12.5,101214,694,83865,The Kansas State Bank Overbrook Kansas,Overbrook,1865,KS,20,2,1865
1,NM,2.285947988685643,06/30/2026,28.33,292346,3335,265192,Charter Bank,Corpus Christi,18660,TX,48,4,18660
1,NM,1.3168856301647012,06/30/2026,11.15,396056,2545,295126,"The Farmers State Bank of Oakley, Kansas",Oakley,1867,KS,20,2,1867
1,NM,1.0230018593190524,06/30/2026,8.25,284764,1359,250010,Victory Bank,Lubbock,18677,TX,48,4,18677
1,NM,1.7533478892986714,06/30/2026,16.97,648341,5640,574297,The Bank of Tescott,Tescott,1868,KS,20,2,1868
1,SM,1.2661615836694524,06/30/2026,11.18,719142,4297,633317,Union State Bank,Arkansas City,1869,KS,20,4,1869
1,NM,2.5380559863911545,06/30/2026,20.34,425535,5411,354178,Texas State Bank,San Angelo,18698,TX,48,4,18698
1,NM,2.8246466347339,06/30/2026,21.48,268639,3724,215206,North Valley Bank,Thornton,18710,CO,8,4,18710
1,NM,1.261917680799938,06/30/2026,9.67,64545,407,53863,Grand Timber Bank,Mcgregor,18719,MN,27,4,18719
1,NM,1.4934767681391623,06/30/2026,13.57,35554,261,27771,Citizens State Bank,Carleton,18724,NE,31,2,18724
1,N,4.402542597877482,06/30/2026,50.51,2473353,46707,2219171,"Newtek Bank, National Association",Miami,18734,FL,12,4,18734
1,NM,0.9098887802012977,06/30/2026,19.88,1110876,4978,1041089,Bank of Labor,Overland Park,1874,KS,20,4,1874
1,NM,2.006896754688518,06/30/2026,17.91,911086,9206,754605,Heartland Bank,Geneva,18740,NE,31,2,18740
1,NM,1.2308115551555185,06/30/2026,14.13,659944,4116,560442,Bruning Bank,Bruning,18748,NE,31,2,18748
1,NM,0.7754148915310434,06/30/2026,7.49,182244,725,155525,Foundation One Bank,Waterloo,18761,NE,31,4,18761
1,NM,4.148335993619589,06/30/2026,35.73,307665,6467,269607,Sundown State Bank,Sundown,18780,TX,48,2,18780
1,NM,1.1021126693260597,06/30/2026,11.63,174942,961,157446,Cedar Rapids State Bank,Cedar Rapids,18820,NE,31,4,18820
1,NM,1.3649530575120912,06/30/2026,17.37,621719,4222,565513,Phelps County Bank,Rolla,18841,MO,29,4,18841
1,SM,1.2909113206322183,06/30/2026,9.86,196308,1193,159847,Oklahoma Capital Bank,Tulsa,18856,OK,40,4,18856
1,SM,1.368609072814236,06/30/2026,13.16,354021,2457,312012,The Hocking Valley Bank,Athens,18858,OH,39,4,18858
1,NM,0.5299591888857554,06/30/2026,5.38,122110,332,97273,Kennett Trust Bank,Kennett,18879,MO,29,8,18879
1,N,1.5866313311632039,06/30/2026,13.07,651928,5035,570050,First National Bank of Gillette,Gillette,18880,WY,56,5,18880
1,N,1.1304854456436717,06/30/2026,15.19,312188,1756,252143,Neighborhood National Bank,Mora,18885,MN,27,8,18885
1,N,1.2973725568787116,06/30/2026,13.53,63707,410,57475,Kress National Bank,Kress,18892,TX,48,2,18892
1,N,0.30020106925199125,06/30/2026,9.64,218367,321,211115,First National Bank of Lake Jackson,Lake Jackson,18895,TX,48,7,18895
1,N,0.833371418780437,06/30/2026,8.81,1952347,8236,1748284,Tri City National Bank,Oak Creek,18922,WI,55,4,18922
1,NM,-5.894709412876717,06/30/2026,-190.79,276783,-7993,268655,Old Glory Bank,Elmore City,18924,OK,40,7,18924
1,NM,1.0601689025545984,06/30/2026,12.69,160100,839,145402,Bank of Belle Glade,Belle Glade,18930,FL,12,8,18930
1,N,2.4233867234515323,06/30/2026,16.69,29380,349,25039,St. Martin National Bank,Saint Martin,18937,MN,27,8,18937
1,NM,1.6147387198966567,06/30/2026,10.62,41951,350,35305,"The Bank of San Jacinto County, Coldspring, Texas",Coldspring,18942,TX,48,5,18942
1,NM,0.9661924591931385,06/30/2026,10.84,874465,4203,725713,Farmers and Merchants Bank,Upperco,1895,MD,24,4,1895
1,NM,1.259613782602215,06/30/2026,13.41,6042514,37562,5374670,River City Bank,Sacramento,18983,CA,6,4,18983
1,NM,1.5512281359654998,06/30/2026,17.25,632336,4826,533003,First Independent Bank,Russell,1900,MN,27,2,1900
1,NM,1.855012168659171,06/30/2026,18.3,652045,6165,524420,First Midwest Bank of Dexter,Dexter,19001,MO,29,4,19001
1,NM,1.2026418528065665,06/30/2026,10.61,3655049,21931,2762006,Parkway Bank and Trust Company,Harwood Heights,19008,IL,17,4,19008
1,SM,0.8464602780302141,06/30/2026,4.77,360220,1526,279688,Legacy Bank,Grundy,19011,VA,51,4,19011
1,N,2.159995388773889,06/30/2026,32.6,330137,3560,305310,Commercial National Bank of Texarkana,Texarkana,19024,TX,48,4,19024
1,NM,2.181079250395123,06/30/2026,19.85,134355,1449,118386,St. Clair State Bank (Incorporated),Saint Clair,1903,MN,27,2,1903
1,SM,0.9234041745009781,06/30/2026,10.09,533111,2431,455057,"Profinium, Inc.",Truman,1905,MN,27,2,1905
1,NM,1.5580691072135604,06/30/2026,12.27,93297,728,80031,Triumph State Bank,Trimont,1906,MN,27,2,1906
1,N,0.7539289525608249,06/30/2026,7.41,386095,1473,342005,First National Bank of Clarksdale,Clarksdale,19070,MS,28,2,19070
1,NM,0.8484865799134372,06/30/2026,7.37,229771,990,201258,The Wanda State Bank,Wanda,1908,MN,27,2,1908
1,N,1.566896382602553,06/30/2026,14.11,4260043,34589,3663271,Inwood National Bank,Dallas,19080,TX,48,4,19080
1,NM,0.4623355918692706,06/30/2026,4.98,97884,232,71181,Bank of Lindsay,Lindsay,19087,NE,31,2,19087
1,NM,1.0888085145183408,06/30/2026,11.15,776634,4060,692519,Harford Bank,Aberdeen,19101,MD,24,4,19101
1,NM,0.2977329760537621,06/30/2026,2.29,22697,35,19531,Peoples Bank of Macon,Macon,19105,IL,17,7,19105
1,SM,0.9635180762579264,06/30/2026,8.86,2386276,11271,1963167,First Western Bank & Trust,Minot,19123,ND,38,4,19123
1,NM,1.4474709769744387,06/30/2026,10.5,293514,2114,249607,Castle Rock Bank,Castle Rock,1913,MN,27,8,1913
1,NM,1.7020298819209987,06/30/2026,12.03,665541,5753,559972,United Community Bank,Raceland,19143,LA,22,4,19143
1,NM,1.8363828232811104,06/30/2026,20.61,512694,4713,444755,First State Bank,Wrens,19163,GA,13,4,19163
1,N,1.773488623244967,06/30/2026,20.92,1135748,10198,987575,Hilltop National Bank,Casper,19184,WY,56,4,19184
1,NM,1.8104534716168055,06/30/2026,17.19,733205,6680,646579,First Midwest Bank of the Ozarks,Poplar Bluff,19212,MO,29,4,19212
1,N,1.4606778873286193,06/30/2026,14.95,1860383,13200,1496957,Security National Bank of Omaha,Omaha,19213,NE,31,4,19213
1,SM,0.8254744152784824,06/30/2026,10.59,1649360,6568,1495628,Benchmark Bank,Plano,19215,TX,48,4,19215
1,SM,0.8569714395063561,06/30/2026,13.09,2854440,12584,2554213,ANB Bank,Denver,19220,CO,8,4,19220
1,NM,1.1493176702576078,06/30/2026,14.72,5966572,34085,5309371,Fremont Bank,Fremont,19222,CA,6,4,19222
1,N,1.0758651286601597,06/30/2026,8.56,55120,291,47669,Community National Bank in Monmouth,Monmouth,19230,IL,17,2,19230
1,NM,0.6346221647667176,06/30/2026,5.73,366612,1125,322561,American Bank,Covington,19234,LA,22,4,19234
1,N,-0.01776269045551433,06/30/2026,-0.17,361058,-33,286263,Heritage Bank National Association,Spicer,19254,MN,27,4,19254
1,NM,1.8797130408559737,06/30/2026,17.32,379750,3501,335189,Banner Capital Bank,Harrisburg,19274,NE,31,2,19274
1,NM,1.0078379832344788,06/30/2026,17.31,148755,740,139210,Carmine State Bank,Carmine,19278,TX,48,7,19278
1,NM,2.2395436136264353,06/30/2026,26.54,359155,4033,326419,Logan Bank & Trust Company,Logan,19285,WV,54,8,19285
1,NM,1.5833098787411464,06/30/2026,14.35,1239358,9507,1091487,Firstar Bank,Sallisaw,19288,OK,40,4,19288
1,NM,-0.34667634135526265,06/30/2026,-2.33,73122,-129,60734,Farmers State Bank of Trimont,Trimont,1929,MN,27,2,1929
1,NM,1.12758059376265,06/30/2026,13.1,195978,1091,177532,New Market Bank,Elko New Market,1931,MN,27,4,1931
1,NM,1.7634309042318133,06/30/2026,17.83,141333,1257,126599,Citizens State Bank Norwood Young America,Norwood Young America,1933,MN,27,2,1933
1,NM,1.3563013676184859,06/30/2026,10.73,2611110,17797,2263501,Republic Bank of Chicago,Oak Brook,19333,IL,17,4,19333
1,NM,0.7482418781240947,06/30/2026,7.88,171898,607,155400,Bank of Estes Park,Estes Park,19351,CO,8,4,19351
1,NM,2.5477077222240534,06/30/2026,17.13,127616,1546,108279,Hodge Bank & Trust Company,Hodge,19354,LA,22,4,19354
1,NM,1.2632539679795889,06/30/2026,12.37,974057,6090,870289,Round Top State Bank,Round Top,19358,TX,48,4,19358
1,NM,1.74459278686989,06/30/2026,16.38,333856,2980,296008,Community State Bank of Missouri,Bowling Green,1936,MO,29,2,1936
1,NM,0.8060603286492425,06/30/2026,7.47,143349,587,126781,Bank of Crocker,Waynesville,1937,MO,29,7,1937
1,SM,1.214381806789248,06/30/2026,9.32,1431912,8899,1217279,Relyance Bank,White Hall,19371,AR,5,4,19371
1,NM,1.0507880910683012,06/30/2026,10.43,162251,845,145670,Park State Bank & Trust,Woodland Park,19381,CO,8,4,19381
1,NM,1.285458915527942,06/30/2026,15.59,596855,3840,499103,Unison Bank,Jamestown,19396,ND,38,4,19396
1,NM,1.705998602150433,06/30/2026,16.53,689721,5850,608744,Capital Bank,Jacinto City,19401,TX,48,4,19401
1,NM,0.8717755575843349,06/30/2026,6.33,5872649,24447,5018563,CTBC Bank Corp. (USA),Los Angeles,19416,CA,6,4,19416
1,NM,1.579729494096184,06/30/2026,12.79,395072,3035,345620,Citizens Bank of the South,Sandersville,19420,GA,13,4,19420
1,NM,0.7738763266773441,06/30/2026,8.01,761910,3003,672953,BAC Community Bank,Stockton,19434,CA,6,4,19434
1,NM,1.061616250499198,06/30/2026,35.39,248097,1307,237358,First Financial Bank,Bessemer,19440,AL,1,4,19440
1,NM,1.6037320824050572,06/30/2026,15.06,855706,6817,718729,BNA Bank,New Albany,19448,MS,28,4,19448
1,NM,1.5990260213086964,06/30/2026,14.54,117350,915,103996,Metz Banking Company,Nevada,1945,MO,29,2,1945
1,NM,1.3150941141127561,06/30/2026,13.12,4129042,27141,3588277,United Community Bank,Chatham,19459,IL,17,4,19459
1,NM,1.0713904707717161,06/30/2026,12.58,256378,1406,232092,Alliant Bank,Madison,1946,MO,29,2,1946
1,N,0.947170744450029,06/30/2026,13.42,1279390,5886,1121145,Consumers National Bank,Minerva,19482,OH,39,4,19482
1,N,2.1105540875217015,06/30/2026,18.96,1379919,14422,1201512,First National Bank of Tennessee,Livingston,19502,TN,47,4,19502
1,NM,1.3019477796146057,06/30/2026,14.51,2000417,12702,1705279,Bank of Springfield,Springfield,19506,IL,17,4,19506
1,NM,1.0532432582416988,06/30/2026,8.76,1031635,5504,891636,Royal Banks of Missouri,Saint Louis,19512,MO,29,4,19512
1,SI,0.6933132287875984,06/30/2026,4.25,635232,2204,523710,Mt. McKinley Bank,Fairbanks,19525,AK,2,4,19525
1,SI,0.9869402425456426,06/30/2026,8.83,2671397,13216,2274124,Machias Savings Bank,Machias,19531,ME,23,4,19531
1,SI,1.5819348722507474,06/30/2026,11.12,855010,6697,715305,Skowhegan Savings Bank,Skowhegan,19532,ME,23,4,19532
1,NM,1.6650619364156498,06/30/2026,16.79,282798,2398,243047,Pioneer Bank,Sergeant Bluff,19540,IA,19,4,19540
1,NM,1.040964141681011,06/30/2026,12.03,263697,1402,238557,Madison Valley Bank,Ennis,19544,MT,30,4,19544
1,NM,2.3272292802682615,06/30/2026,18.68,2479690,28464,2007469,TexasBank,Fort Worth,19559,TX,48,4,19559
1,NM,2.225042831189277,06/30/2026,20.06,247281,2723,216344,Citizens Bank of Eldon,Eldon,1956,MO,29,2,1956
1,NM,1.8103138016752582,06/30/2026,17.28,2850054,25955,2459189,Lakeside Bank,Chicago,19573,IL,17,4,19573
1,NM,0.9291179191733158,06/30/2026,9.53,15182711,68821,12362769,Bell Bank,Fargo,19581,ND,38,4,19581
1,NM,1.15421672532788,06/30/2026,11.51,101965,587,91234,Northern State Bank of Virginia,Virginia,19589,MN,27,4,19589
1,NM,1.5530230095311448,06/30/2026,17.99,334120,2581,303806,Altamaha Bank & Trust Company,Vidalia,19590,GA,13,4,19590
1,NM,1.5585697830226382,06/30/2026,17.39,114620,884,99084,The Commercial Bank,Mason,19595,TX,48,5,19595
1,N,1.0508982657674442,06/30/2026,7.4,3228118,17206,2679639,"Academy Bank, National Association",Kansas City,19600,MO,29,4,19600
1,N,1.0748968718491876,06/30/2026,11.54,990420,5350,891114,"HomeTown Bank, National Association",Galveston,19603,TX,48,4,19603
1,NM,0.7064233200774737,06/30/2026,7.13,1537993,5460,1246359,The Park Bank,Madison,19608,WI,55,4,19608
1,NM,2.8170513109652195,06/30/2026,13.85,10194733,140106,6626435,International Bank of Commerce,Laredo,19629,TX,48,4,19629
1,NM,1.4520621041160662,06/30/2026,17.48,457395,3329,411632,"Guaranty Bank & Trust Company of Delhi, Louisiana",Delhi,19638,LA,22,4,19638
1,SM,1.8038584843598673,06/30/2026,21.56,269039,2381,235086,Lamar Bank and Trust Company,Lamar,1964,MO,29,4,1964
1,SM,1.2812982084983253,06/30/2026,15.57,546819,3541,496250,Fidelity Bank,West Memphis,19644,AR,5,4,19644
1,NM,1.6081508040754022,06/30/2026,15.37,302743,2416,267164,The Citizens Bank of Weston,Weston,19674,WV,54,4,19674
1,NM,1.8076282839979734,06/30/2026,19.83,353708,3122,310700,Citizens Bank of Ada,Ada,19679,OK,40,8,19679
1,NM,1.9180278296430338,06/30/2026,14.54,70461,666,61042,The Security State Bank,Mcrae,19680,GA,13,4,19680
1,NM,1.357848180220172,06/30/2026,14.34,340330,2235,262600,Community Bank of Parkersburg,Parkersburg,19681,WV,54,4,19681
1,NM,1.9472818739248707,06/30/2026,13.22,191471,1798,162046,Garden Plain State Bank,Wichita,19687,KS,20,7,19687
1,NM,1.2235995898965422,06/30/2026,11.75,180115,1094,159688,State Bank of Whittington,Benton,19689,IL,17,4,19689
1,NM,2.532452713104084,06/30/2026,22.56,5227725,64194,3732180,Northeast Bank,Portland,19690,ME,23,4,19690
1,NM,2.2831319125919043,06/30/2026,22.46,454838,5234,398155,Alliance Bank,Francesville,197,IN,18,2,197
1,NM,1.287613130882036,06/30/2026,10.66,303590,1951,262959,ValueBank Texas,Corpus Christi,19700,TX,48,4,19700
1,NM,1.4312468740000017,06/30/2026,11.44,772354,5561,595421,First Central State Bank,Dewitt,19716,IA,19,4,19716
1,SM,1.4285864126957488,06/30/2026,13.98,155395,1135,127173,Citizens Bank & Trust Company,Big Timber,1972,MT,30,2,1972
1,NM,2.1489704986697156,06/30/2026,16.79,156229,1676,134313,Farmers State Bank,Dublin,19720,GA,13,4,19720
1,SM,1.4239431311536912,06/30/2026,12.82,394899,2777,344044,"First Westroads Bank, Inc.",Omaha,19742,NE,31,4,19742
1,NM,0.51600283295673,06/30/2026,8,159630,408,146670,"Citizens Bank & Trust Company of Vivian, Louisiana",Vivian,19744,LA,22,8,19744
1,NM,0.6903990552034894,06/30/2026,6.14,177535,607,147846,South Lafourche Bank & Trust Company,Larose,19755,LA,22,4,19755
1,NM,1.058763743567825,06/30/2026,13.87,2103655,11011,1779542,IncredibleBank,Wausau,19772,WI,55,4,19772
1,SM,2.9908867595909236,06/30/2026,23.13,1339307,20169,1121644,The Yellowstone Bank,Laurel,1978,MT,30,4,1978
1,NM,0.8617599723814406,06/30/2026,11.04,662202,2829,580210,AbbyBank,Abbotsford,19795,WI,55,4,19795
1,NM,1.664190479865707,06/30/2026,9.75,68772,575,56614,Midland Community Bank,Kincaid,19796,IL,17,5,19796
1,NM,1.7558263588271168,06/30/2026,20.52,218118,1857,198555,Valley Bank of Kalispell,Kalispell,1980,MT,30,4,1980
1,NM,0.7489404958554141,06/30/2026,6.64,218261,835,191507,Plaquemine Bank & Trust Company,Plaquemine,19800,LA,22,4,19800
1,NM,1.1988986194500746,06/30/2026,9.72,141147,836,109037,Hershey Bank,Hershey,19809,NE,31,2,19809
1,N,0.7954831188424348,06/30/2026,6.81,74914,290,65976,Southeast First National Bank,Summerville,19819,GA,13,7,19819
1,SM,1.0339428268291222,06/30/2026,8.58,189670,1007,164910,The First State Bank of Malta,Malta,1982,MT,30,2,1982
1,N,2.5646666002885135,06/30/2026,17.18,712508,9230,602243,"Pioneer Trust Bank, National Association",Salem,19827,OR,41,4,19827
1,NM,1.2762103992193916,06/30/2026,15.59,193257,1212,163738,Western Nebraska Bank,Curtis,1983,NE,31,2,1983
1,SM,0.9868955329313222,06/30/2026,5.5,786863,3828,601112,Franklin Savings Bank,Farmington,19836,ME,23,4,19836
1,NM,0.9742666966569199,06/30/2026,9.39,1473290,7017,1274115,West Gate Bank,Lincoln,19850,NE,31,4,19850
1,NM,1.5751130351560578,06/30/2026,6.03,75505,587,49922,Commercial State Bank,Republican City,1986,NE,31,2,1986
1,NM,1.9490157175471978,06/30/2026,15.22,2597041,25423,2167842,KS StateBank,Manhattan,19899,KS,20,4,19899
1,NM,2.0994275154551776,06/30/2026,26.32,424807,4408,387563,Centinel Bank of Taos,Taos,19904,NM,35,7,19904
1,NM,1.567251985584863,06/30/2026,13.42,338145,2684,245512,Pathway Bank,Cairo,1992,NE,31,2,1992
1,NM,1.5229320847807482,06/30/2026,12.11,81258,605,69024,CerescoBank,Ceresco,1993,NE,31,2,1993
1,NM,0.7440197035511675,06/30/2026,7.33,14393999,53087,12325409,Israel Discount Bank of New York,New York,19977,NY,36,4,19977
1,N,1.4764047611841968,06/30/2026,15.06,281775,2114,251636,The Pennsville National Bank,Pennsville,19978,NJ,34,8,19978
1,NM,1.9532696837596588,06/30/2026,30.5,2362517,19600,2206234,Bessemer Trust Company,Woodbridge,20015,NJ,34,9,20015
1,N,-6.562554520199873,06/30/2026,-72.24,65158,-2445,57609,Eastern National Bank,Miami,20026,FL,12,4,20026
1,NM,0.941453627255566,06/30/2026,9.01,611477,2856,546276,All America Bank,Oklahoma City,20093,OK,40,4,20093
1,NM,0.42691544206128185,06/30/2026,4.95,4490496,9437,2643384,Texas Exchange Bank,Crowley,20099,TX,48,9,20099
1,NM,1.1863039632700696,06/30/2026,11.23,375444,2260,329317,Tower Community Bank,Jasper,20100,TN,47,4,20100
1,NM,1.9173848475962068,06/30/2026,12.17,1211820,11562,804745,BankFirst,Norfolk,20130,NE,31,2,20130
1,NM,1.6559314477286349,06/30/2026,19.21,1002607,8555,890223,Kirkpatrick Bank,Edmond,20156,OK,40,4,20156
1,NM,2.2541150504910297,06/30/2026,22.88,1174965,13100,1049697,Citizens Bank of Las Cruces,Las Cruces,20161,NM,35,4,20161
1,NM,1.2437146868257323,06/30/2026,13.56,104065,660,92415,Ascent Bank,Helena,20162,MT,30,4,20162
1,NM,1.621792210105465,06/30/2026,17.39,4408654,34508,3395002,Sunwest Bank,Sandy,20164,UT,49,4,20164
1,NM,2.080066033842344,06/30/2026,22.33,875302,8484,703369,First Independence Bank,Detroit,20179,MI,26,4,20179
1,NM,1.6261295161534188,06/30/2026,12.42,570107,4786,487585,South Georgia Banking Company,Omega,20198,GA,13,4,20198
1,NM,1.4096076333594154,06/30/2026,10.81,2721044,19177,2341546,Pinnacle Bank,Fort Worth,20231,TX,48,4,20231
1,N,1.2417939080922369,06/30/2026,11.86,29112337,177550,22105271,City National Bank of Florida,Miami,20234,FL,12,4,20234
1,SM,0.9942329819287653,06/30/2026,34.87,142913,710,137893,Bank of Cadiz and Trust Company,Cadiz,20239,KY,21,4,20239
1,NM,2.321155022552112,06/30/2026,11.86,626677,6811,423140,Scale Bank,Edina,20268,MN,27,4,20268
1,SM,0.8388094683327072,06/30/2026,11.67,393108,1626,363309,The Community State Bank,Poteau,20279,OK,40,2,20279
1,SM,1.300386166478831,06/30/2026,10.61,7068332,46086,5628114,Johnson Bank,Racine,20296,WI,55,4,20296
1,NM,1.3695644840627095,06/30/2026,14.56,630350,4263,563957,American Bank,Bozeman,20311,MT,30,4,20311
1,NM,1.254458004777018,06/30/2026,9.63,513667,3195,444147,Gulf Coast Bank,Abbeville,20353,LA,22,4,20353
1,NM,2.5466328453467835,06/30/2026,17.09,998750,12521,842551,Farmers & Merchants Bank,Granite Quarry,2036,NC,37,4,2036
1,NM,1.4346787472039169,06/30/2026,11.16,6721503,44377,5779073,Heartland Bank and Trust Company,Bloomington,20369,IL,17,4,20369
1,SM,0.7601437581129903,06/30/2026,6.55,1214471,4430,1050991,Bank of the Orient,San Francisco,20387,CA,6,4,20387
1,NM,1.6888333433388092,06/30/2026,15.57,258565,2063,229882,Liberty Bank,Geraldine,20429,AL,1,4,20429
1,NM,0.9487644903731585,06/30/2026,8.72,28955,142,25427,Citizens Bank of Edinburg,Edinburg,20454,IL,17,7,20454
1,NM,0.7732886772934324,06/30/2026,11.68,349352,1353,323913,FirstState Bank,Lineville,20468,AL,1,2,20468
1,NM,2.360304169514696,06/30/2026,18.34,94530,1105,81761,First Security Bank of Roundup,Roundup,20479,MT,30,2,20479
1,SM,1.6255186731911824,06/30/2026,17.45,1413774,11332,1275092,Benchmark Community Bank,Kenbridge,20484,VA,51,4,20484
1,SM,1.450365093548918,06/30/2026,19.62,2243094,15698,2043101,Five Points Bank,Grand Island,20488,NE,31,4,20488
1,NM,1.2293983265672288,06/30/2026,8.46,28419119,171856,22694533,Ameris Bank,Atlanta,20504,GA,13,4,20504
1,NM,1.4186758198585667,06/30/2026,9.23,324441,2287,268851,American Bank and Trust Company,Tulsa,20537,OK,40,4,20537
1,NM,0.829691479381797,06/30/2026,9.08,583492,2357,490386,Lumbee Guaranty Bank,Pembroke,20568,NC,37,8,20568
1,NM,1.1461114077237944,06/30/2026,16.22,201089,1127,182804,State Bank & Trust of Kenmare,Kenmare,2057,ND,38,2,2057
1,NM,1.6854335791577302,06/30/2026,12.03,9909436,82662,7904656,Byline Bank,Chicago,20624,IL,17,4,20624
1,NM,2.3694540824947246,06/30/2026,23.94,81086,1005,72486,First Security Bank of Deer Lodge,Deer Lodge,20657,MT,30,4,20657
1,NM,1.8637647005742268,06/30/2026,12.31,384660,3580,305921,The Fahey Banking Company,Marion,2068,OH,39,4,2068
1,NM,1.700638466086887,06/30/2026,18.06,397875,3413,355125,Southern Heritage Bank,Jonesville,20698,LA,22,4,20698
1,SM,1.2096443788921665,06/30/2026,13.99,990829,5905,885034,Tennessee State Bank,Pigeon Forge,20720,TN,47,4,20720
1,N,0.8944968335106243,06/30/2026,7.53,1206317,5271,938922,"Dallas Capital Bank, National Association",Dallas,20727,TX,48,4,20727
1,N,0.7445799812691598,06/30/2026,5.89,2340761,8320,2008575,"Pioneer Bank, National Association",Albany,20741,NY,36,4,20741
1,NM,1.306148684890688,06/30/2026,14.71,1059623,6936,922616,Border Bank,Fargo,20776,ND,38,4,20776
1,NM,1.8513450325412086,06/30/2026,21.38,1640668,15085,1477506,Citizens Tri-County Bank,Dunlap,20818,TN,47,4,20818
1,NM,2.020571216153456,06/30/2026,20.7,1384007,14060,1196828,Wallis Bank,Wallis,20845,TX,48,4,20845
1,NM,0.9208130137263029,06/30/2026,8.29,1129360,5128,984353,Liberty Bank and Trust Company,New Orleans,20856,LA,22,4,20856
1,NM,1.507642911984365,06/30/2026,17.69,303590,2268,260663,Citizens Guaranty Bank,Richmond,20872,KY,21,4,20872
1,NM,0.6302674676005192,06/30/2026,8.71,3235930,9866,2959918,Bank of Guam,Hagatna,20884,GU,66,4,20884
1,N,0.8918798756546255,06/30/2026,8.4,742180,3330,659158,The National Capital Bank of Washington,Washington,2093,DC,11,4,2093
1,N,2.003616082029344,06/30/2026,20.76,1958426,19646,1742533,Citizens National Bank,Sevierville,20954,TN,47,4,20954
1,NM,1.9311444430746079,06/30/2026,16.08,1389110,13210,1199053,Independence Bank,Havre,20989,MT,30,2,20989
1,SM,1.2912156308194829,06/30/2026,13.98,676671,4322,600339,The Hardin County Bank,Savannah,20993,TN,47,4,20993
1,NM,0.3634097428421533,06/30/2026,4.65,313914,553,259406,Tri-County Bank & Trust Company,Roachdale,210,IN,18,4,210
1,N,1.420729453209094,06/30/2026,14.72,1997130,13938,1669308,The Conway National Bank,Conway,2102,SC,45,4,2102
1,NM,1.249911680051183,06/30/2026,13.05,3024333,18781,2709087,The Bank of Tampa,Tampa,21031,FL,12,4,21031
1,NM,1.045162281937649,06/30/2026,6.95,130715,680,109154,"First State Bank of the South, Inc.",Sulligent,21050,AL,1,8,21050
1,N,1.1888260720663684,06/30/2026,10.64,309663,1834,271557,First National Bank of South Carolina,Holly Hill,2107,SC,45,4,2107
1,NM,1.19755255209832,06/30/2026,11.46,953909,5674,824046,Texas Bank,Henderson,21074,TX,48,4,21074
1,NM,1.1496340909212737,06/30/2026,10.22,560698,3217,478883,United Mississippi Bank,Natchez,21083,MS,28,4,21083
1,NM,1.159588586595886,06/30/2026,8.5,79002,466,67429,Bank of Ontario,Ontario,21085,WI,55,2,21085
1,NM,1.4278851917670692,06/30/2026,14.28,802147,5836,717192,The Western State Bank,Garden City,21121,KS,20,2,21121
1,NM,1.351819500662826,06/30/2026,15.08,406972,2738,345953,Bank of the Bluegrass and Trust Company,Lexington,21161,KY,21,4,21161
1,NM,0.7661650749699247,06/30/2026,8.18,100019,380,87954,"Bank of the Mountains, Inc.",West Liberty,21219,KY,21,6,21219
1,NM,1.1606280904698416,06/30/2026,10.23,562116,3218,478810,CBBC Bank,Maryville,21227,TN,47,4,21227
1,NM,1.2584804925344522,06/30/2026,16.63,585564,3709,508178,"First Kentucky Bank, Inc.",Mayfield,21247,KY,21,4,21247
1,SM,1.9717793659519884,06/30/2026,17.83,54594,538,47841,Lakeside Bank of Salina,Salina,21255,OK,40,4,21255
1,NM,1.034689530915622,06/30/2026,9.99,6098846,29515,5003248,Bradesco Bank,Coral Gables,21265,FL,12,9,21265
1,NM,1.0203329216362196,06/30/2026,10.64,147023,738,132637,Bank of Pensacola,Pensacola,21284,FL,12,8,21284
1,NM,1.5347710574542432,06/30/2026,24.34,1214987,9162,1119217,PeoplesSouth Bank,Colquitt,21292,GA,13,4,21292
1,NM,1.2896779792718853,06/30/2026,12.3,618692,3881,540118,NBT Financial Bank,Fort Worth,21329,TX,48,4,21329
1,NM,0.20288700163515577,06/30/2026,2.31,281533,286,247557,Sonata Bank,Brentwood,21342,TN,47,4,21342
1,SM,1.0299545103424599,06/30/2026,7.05,108817,540,91271,First Naturalstate Bank,Mcgehee,21379,AR,5,8,21379
1,N,1.0946616875434303,06/30/2026,13.71,2280085,12466,2052408,Queensborough National Bank & Trust Company,Louisville,2138,GA,13,4,2138
1,SM,1.3948473829398487,06/30/2026,18.46,601122,4153,510481,Washington State Bank,Washington,214,IA,19,2,214
1,NM,-0.27648645351910334,06/30/2026,-1.46,77507,-102,62878,Redemption Bank,Salt Lake City,21448,UT,49,4,21448
1,NM,3.206348940025671,06/30/2026,23.75,158021,2548,135589,Bank of Monticello,Monticello,2145,GA,13,4,2145
1,SM,-0.5514467233637426,06/30/2026,-3.65,162840,-446,132531,Fidelity Bank of Texas,Waco,21455,TX,48,4,21455
1,NM,1.3910980963033326,06/30/2026,10.23,234740,1650,195000,Crossroads Bank,Effingham,21486,IL,17,4,21486
1,NM,1.4893462969211706,06/30/2026,18.94,246958,1817,223948,Cornerstone State Bank,Montgomery,21525,MN,27,5,21525
1,NM,1.6477275091436396,06/30/2026,7.78,160377,1320,123736,West Central Georgia Bank,Thomaston,21526,GA,13,8,21526
1,NM,1.0718979200775292,06/30/2026,9.28,138601,730,121777,Bank of Oak Ridge,Oak Ridge,21529,LA,22,4,21529
1,NM,1.1032689450222881,06/30/2026,8.87,190263,1089,162902,The Geo. D. Warthen Bank,Sandersville,2154,GA,13,8,2154
1,NM,1.4016334809758693,06/30/2026,12.86,293086,2126,257914,Three Rivers Bank of Montana,Kalispell,21557,MT,30,4,21557
1,N,1.8008970341058705,06/30/2026,17.28,773829,6593,659833,"American Bank, National Association",Dallas,21567,TX,48,4,21567
1,NM,-0.2716067379954042,06/30/2026,-17.68,86859,-118,84400,First State Bank of Randolph County,Cuthbert,2157,GA,13,2,2157
1,NM,1.7896443065572591,06/30/2026,19.86,2250406,19134,1803758,Bank of Tennessee,Kingsport,21573,TN,47,4,21573
1,SB,1.4168507588072006,06/30/2026,15.59,3184349,22465,2729305,Bank of Greene,Catskill,21591,NY,36,4,21591
1,N,2.332026526948302,06/30/2026,12.36,229101,2652,182702,The First National Bank of Waynesboro,Waynesboro,2160,GA,13,8,2160
1,NM,2.218034832537963,06/30/2026,19.16,998433,10896,846287,HCN Bank,Riverside,21606,CA,6,4,21606
1,NM,0.6481606025960052,06/30/2026,5.35,81589,257,70923,The Bank of Bourbonnais,Bourbonnais,21635,IL,17,4,21635
1,NM,1.023831759537892,06/30/2026,14.43,115781,592,106527,Peoples Bank of Graceville,Graceville,21692,FL,12,7,21692
1,NM,1.6690568638615024,06/30/2026,11.71,389187,3249,311633,Lakeside Bank,Rockwall,21693,TX,48,4,21693
1,NM,1.9451058901502858,06/30/2026,20.03,1184433,11387,1047540,Premier Bank,Maplewood,21714,MN,27,4,21714
1,N,1.1811985371225457,06/30/2026,8.05,21182524,103017,16413186,"Citizens Business Bank, National Association",Ontario,21716,CA,6,4,21716
1,NM,1.4387433996479813,06/30/2026,9.52,149965,1079,126478,Heritage Bank of Schaumburg,Schaumburg,21721,IL,17,4,21721
1,NM,1.5378581645365204,06/30/2026,10.84,143117,1111,105619,Farmers and Merchants State Bank,Langdon,21728,ND,38,2,21728
1,NM,2.092893074336546,06/30/2026,18.51,89784,916,79164,First State Bank,Watonga,21752,OK,40,2,21752
1,SM,2.8513735618689835,06/30/2026,2.87,71467,1012,500,"JPMorgan Chase Bank, Dearborn",Dearborn,21761,MI,26,7,21761
1,NM,1.56389356715569,06/30/2026,15.8,623944,4711,557520,First Port City Bank,Bainbridge,21784,GA,13,4,21784
1,SM,1.5215977488903802,06/30/2026,22.15,525087,3915,463644,First State Bank of DeQueen,De Queen,21805,AR,5,2,21805
1,NM,1.1821927569007713,06/30/2026,9.77,52503,318,44874,Lovelady State Bank,Lovelady,21807,TX,48,8,21807
1,SM,1.2196448694206712,06/30/2026,5.05,2137445,23748,1738413,Mizuho Bank (USA),New York,21843,NY,36,9,21843
1,NM,1.7214448618597364,06/30/2026,19.21,831201,7114,756466,Quail Creek Bank,Oklahoma City,21848,OK,40,4,21848
1,N,2.875633106715143,06/30/2026,38.18,4162383,76664,3197969,"Bessemer Trust Company, National Association",New York,21868,NY,36,9,21868
1,NM,1.0803028067304294,06/30/2026,11.2,219545,1208,188335,First Peoples Bank of Tennessee,Jefferson City,21874,TN,47,4,21874
1,SM,1.1202136911179845,06/30/2026,12.24,690754,3903,593717,TruPoint Bank,Grundy,21883,VA,51,4,21883
1,SM,2.0331576830523614,06/30/2026,17.02,1183847,11930,1030408,PriorityOne Bank,Magee,21906,MS,28,4,21906
1,NM,1.7530476051388626,06/30/2026,19.3,351255,3221,312593,Kirkwood Bank & Trust Co.,Bismarck,21928,ND,38,4,21928
1,NM,1.399975828579166,06/30/2026,10.14,9929055,69290,8372719,Tri Counties Bank,Chico,21943,CA,6,4,21943
1,SM,1.0933773855360505,06/30/2026,12.54,333326,1701,296964,Stryv Bank,Wichita,21955,KS,20,4,21955
1,NM,0.5987373512644809,06/30/2026,6.59,2018080,6100,1729975,Montecito Bank & Trust,Santa Barbara,21956,CA,6,4,21956
1,NM,1.6201079404425092,06/30/2026,14.32,608627,4854,457503,Frontier State Bank,Oklahoma City,21978,OK,40,4,21978
1,NM,0.8610602079791579,06/30/2026,8.01,318388,1365,280640,Community State Bank of Rock Falls,Rock Falls,21988,IL,17,2,21988
1,NM,1.4234676789103495,06/30/2026,11.56,109173,765,93866,Covington County Bank,Collins,21998,MS,28,2,21998
1,NM,1.5432918807877496,06/30/2026,15.86,611858,4763,545916,Andrew Johnson Bank,Greeneville,22015,TN,47,4,22015
1,SM,0.8434226478831627,06/30/2026,10.88,591890,2436,502787,INSOUTH Bank,Brownsville,22020,TN,47,4,22020
1,N,1.6547043580881025,06/30/2026,11.76,249101,1970,213090,First National Bank USA,Boutte,22046,LA,22,4,22046
1,NM,2.0072521193224597,06/30/2026,21.27,277449,2706,229497,Bank of The Rockies,Helena,2205,MT,30,2,2205
1,SM,1.5030831534928966,06/30/2026,15.81,712799,5125,617896,Grand Bank,Tulsa,22065,OK,40,4,22065
1,SM,1.169215752040691,06/30/2026,15.94,982644,5502,869825,First Northern Bank of Wyoming,Buffalo,2208,WY,56,4,2208
1,NM,2.098086615369444,06/30/2026,18.41,245204,2624,211448,Main Bank,Albuquerque,22086,NM,35,4,22086
1,NM,2.5636700171036293,06/30/2026,28.45,427611,5471,384155,Coffee County Bank,Manchester,22090,TN,47,4,22090
1,N,1.9015621974464132,06/30/2026,14.25,754705,6907,653193,First National Community Bank,Chatsworth,22092,GA,13,4,22092
1,NM,1.9584582775625168,06/30/2026,19.39,3486738,34309,3100681,Cache Valley Bank,Logan,22134,UT,49,4,22134
1,NM,1.6424340333871836,06/30/2026,15.96,361512,2989,321270,Rabun County Bank,Clayton,22138,GA,13,4,22138
1,SM,1.276472277692543,06/30/2026,10.1,1050843,7237,635555,United Bankers' Bank,Richfield,22180,MN,27,4,22180
1,NM,0.8743559488944724,06/30/2026,10.23,829615,3405,702261,Barwick Banking Company,Barwick,22205,GA,13,4,22205
1,N,-0.3035976319384709,06/30/2026,-2.45,78539,-110,69463,Commonwealth National Bank,Mobile,22229,AL,1,4,22229
1,N,0.921770658680383,06/30/2026,10.76,802733,3677,729801,"Bank of Bridger, National Association",Bridger,2224,MT,30,2,2224
1,NM,0.871384431707007,06/30/2026,10.12,253441,1051,230900,Union Bank and Trust Company,Minneapolis,22242,MN,27,4,22242
1,NM,1.0841912241275122,06/30/2026,9.9,3613411,19948,3008848,Colony Bank,Fitzgerald,22257,GA,13,4,22257
1,SM,1.4573443673558144,06/30/2026,16.41,81761,592,73925,American State Bank of Grygla,Grygla,22263,MN,27,2,22263
1,N,2.5149330310132054,06/30/2026,14.16,372698,4677,305503,First National Bank,Hamilton,22271,AL,1,7,22271
1,NM,0.2675442116809803,06/30/2026,1.98,152386,200,126446,Guaranty Bank Inc.,Williamson,22273,WV,54,4,22273
1,SM,0.30829287133083205,06/30/2026,4.83,296177,447,276516,RNB STATE BANK,Rawlins,2228,WY,56,4,2228
1,NM,1.1135604698985868,06/30/2026,8.16,536612,3009,440574,First Nations Bank,Chicago,22282,IL,17,4,22282
1,SM,1.1506046360166131,06/30/2026,19.41,380994,2226,348723,RSNB Bank,Rock Springs,2229,WY,56,4,2229
1,SM,1.4554910988874339,06/30/2026,17.04,1212138,8720,1073797,West Michigan Community Bank,Hudsonville,22308,MI,26,4,22308
1,SM,1.1740726084057482,06/30/2026,9.5,1845409,10829,1543730,Legacy Bank & Trust Company,Mountain Grove,22319,MO,29,4,22319
1,NM,1.6679567989973827,06/30/2026,17.49,1298471,10860,1164006,Pinnacle Bank - Wyoming,Cody,2232,WY,56,4,2232
1,SM,1.3299129702632433,06/30/2026,10.55,2627958,17122,2065669,One Community Bank,Oregon,22334,WI,55,4,22334
1,NM,0.4235676104019509,06/30/2026,3,568688,1208,462981,Panhandle First Bank,Guymon,22340,OK,40,2,22340
1,SM,1.818288828186939,06/30/2026,16.72,2355536,21008,1905956,Commercial Bank,Harrogate,22354,TN,47,4,22354
1,NM,0.42854938888857147,06/30/2026,2.55,57889,125,46849,"Pinnacle Bank, Inc.",Pikeville,22355,KY,21,4,22355
1,NM,1.0931850433809698,06/30/2026,11.51,129201,710,116156,The Citizens Bank,Greensboro,22358,AL,1,2,22358
1,NM,1.079986667566077,06/30/2026,6.91,658463,3629,504604,GBC International Bank,Los Angeles,22366,CA,6,4,22366
1,N,0.9855878466430568,06/30/2026,9.72,2536428,12247,2247696,American National Bank & Trust,Wichita Falls,22373,TX,48,4,22373
1,N,0.9554400292670104,06/30/2026,27.4,266425,1345,255064,Anahuac National Bank,Anahuac,22381,TX,48,7,22381
1,NM,2.61123196300824,06/30/2026,14.19,735215,9427,599830,Peoples Community Bank,Greenville,22394,MO,29,4,22394
1,N,2.0141364802388573,06/30/2026,22.6,1474092,14850,1313648,Central National Bank,Waco,22396,TX,48,4,22396
1,N,0.13469166509460026,06/30/2026,1.34,648549,451,480361,"Modern Bank, National Association",New York,22398,NY,36,4,22398
1,NM,2.8928629604839924,06/30/2026,28.44,1914506,27438,1632872,First American Bank,Artesia,2240,NM,35,4,2240
1,NM,2.1621420661707886,06/30/2026,24.25,1066187,10856,969722,CNB Bank,Carlsbad,2241,NM,35,4,2241
1,NM,0.19599352765559833,06/30/2026,1.33,44269,43,35683,Washita State Bank,Burns Flat,22430,OK,40,4,22430
1,N,2.144813506629012,06/30/2026,18.33,242849,2686,193263,"BankChampaign, National Association",Champaign,22434,IL,17,4,22434
1,NM,2.0824075807575797,06/30/2026,26.35,443786,4616,379330,The James Polk Stone Community Bank,Portales,2244,NM,35,4,2244
1,NM,1.3662475442468067,06/30/2026,13.68,311982,2106,277841,Wray State Bank,Wray,22447,CO,8,2,22447
1,NM,0.3279156555254196,06/30/2026,3.66,82071,134,74084,First State Bank,Tahlequah,22448,OK,40,4,22448
1,NM,1.0432762865187137,06/30/2026,9.01,3043615,16125,2620813,Lawrence Bank,Nashville,22451,TN,47,4,22451
1,NM,-0.9566782496986973,06/30/2026,-8.59,300380,-1405,232559,Monterey County Bank,Monterey,22460,CA,6,4,22460
1,NM,1.072233914612147,06/30/2026,11.14,176341,951,159047,Bank of the Southwest,Roswell,2247,NM,35,4,2247
1,SM,1.9413596279572998,06/30/2026,17.47,325894,3158,285738,Western Bank,Lordsburg,2249,NM,35,2,2249
1,SM,3.4343520210821614,06/30/2026,23.04,170869,2828,143194,Utah Independent Bank,Salina,22514,UT,49,4,22514
1,NM,1.4228263293062586,06/30/2026,8.8,238494,1723,186946,Spring Hill State Bank,Longview,22526,TX,48,4,22526
1,NM,0.5124384161547351,06/30/2026,5.03,396243,1011,313748,First Secure Bank and Trust Co.,Palos Hills,22536,IL,17,4,22536
1,NM,1.9296517762926486,06/30/2026,19.18,1424772,13715,1270693,Peoples Bank of Alabama,Cullman,22537,AL,1,4,22537
1,SM,0.024834437086092714,06/30/2026,0.09,31605,4,22712,First Progressive Bank,Brewton,22549,AL,1,7,22549
1,NM,1.3742677477269905,06/30/2026,13.31,3809909,26403,3338054,Bravera Bank,Dickinson,22559,ND,38,2,22559
1,NM,1.7763712003266892,06/30/2026,15.33,132764,1160,109223,Community State Bank,Shelbina,22567,MO,29,8,22567
1,NM,1.8593964808316437,06/30/2026,18.25,321642,2962,278783,Brighton Bank,Salt Lake City,22578,UT,49,4,22578
1,NM,1.328797074288191,06/30/2026,11.3,3718414,25018,2935369,Bank of the Sierra,Porterville,22597,CA,6,4,22597
1,SM,0.9211467116357505,06/30/2026,14.38,125990,569,117223,Flora Bank & Trust,Flora,22598,IL,17,8,22598
1,NM,1.0248969590930266,06/30/2026,10.71,279225,1441,209327,Guthrie County State Bank,Panora,226,IA,19,2,226
1,NM,3.5320869295541892,06/30/2026,24.76,304073,5258,260160,Valley Bank of Commerce,Roswell,22600,NM,35,8,22600
1,NM,2.4293127894719184,06/30/2026,30.54,188086,2293,171121,Citizens Bank,Butler,22601,MO,29,2,22601
1,NM,1.138129384319562,06/30/2026,13.1,250230,1388,226748,Community Bank of Marshall,Marshall,22636,MO,29,2,22636
1,SM,1.4132318577682637,06/30/2026,14.14,216271,1514,189286,Bank of Commerce,Rawlins,22639,WY,56,4,22639
1,SM,1.6123284880121367,06/30/2026,29.74,5442537,44380,5038560,Green Dot Bank DBA Bonneville Bank,Provo,22653,UT,49,9,22653
1,NM,0.9751647458640343,06/30/2026,9.64,217464,1044,195171,Nevada Bank and Trust Company,Caliente,22669,NV,32,7,22669
1,N,1.5467440145445712,06/30/2026,18.57,89041284,685692,76616434,"Zions Bancorporation, N.A.",Salt Lake City,2270,UT,49,4,2270
1,SM,1.5853876570107561,06/30/2026,17.24,318806,2542,268895,Citizens Bank and Trust Company of Ardmore,Ardmore,22717,OK,40,4,22717
1,N,1.384261230233489,06/30/2026,22.78,132946,905,119300,The First National Bank of Ely,Ely,2273,NV,32,7,2273
1,NM,0.7413746192725019,06/30/2026,7.43,840298,3129,688550,First Utah Bank,Salt Lake City,22738,UT,49,4,22738
1,NM,1.5028651561906285,06/30/2026,15.31,398683,2940,345961,Bank of St. Francisville,Saint Francisville,22739,LA,22,4,22739
1,NM,1.2408677650269886,06/30/2026,12.2,319039,1964,280199,People's Bank and Trust Company of Pickett County,Byrdstown,22756,TN,47,4,22756
1,NM,1.5050727985855268,06/30/2026,14.04,1447885,11086,1218221,American State Bank,Sioux Center,228,IA,19,2,228
1,NM,1.3457738398776136,06/30/2026,8.84,158957,1126,123085,Brickyard Bank,Lincolnwood,22811,IL,17,4,22811
1,NM,0.894671442146042,06/30/2026,9.58,67523,306,59875,The Lauderdale County Bank,Halls,22835,TN,47,8,22835
1,NM,2.5339201145136974,06/30/2026,10.18,65533,832,49161,Latimer State Bank,Wilburton,22839,OK,40,7,22839
1,SM,1.0404932068921682,06/30/2026,9.49,426886,2169,374862,North Valley Bank,Zanesville,2284,OH,39,4,2284
1,SM,0.845328898840945,06/30/2026,11.55,747848,3100,664685,The Genoa Banking Company,Genoa,2285,OH,39,4,2285
1,SM,1.5590344203875934,06/30/2026,9.36,33638881,261902,27338472,United Bank,Fairfax,22858,VA,51,4,22858
1,NM,0.5316728621423451,06/30/2026,5.67,569249,1482,474203,Buckeye State Bank,Powell,2286,OH,39,4,2286
1,NM,1.7933751839098904,06/30/2026,44.99,346918,3092,330965,Community Bank of Raymore,Raymore,22867,MO,29,4,22867
1,NM,1.2179158998768524,06/30/2026,11.24,717520,4401,626755,Hickory Point Bank and Trust,Decatur,22874,IL,17,4,22874
1,NM,1.0294669346819285,06/30/2026,15.07,1208499,6284,1043759,Southwest Missouri Bank,Carthage,22876,MO,29,9,22876
1,SM,1.632433402098843,06/30/2026,12.45,193230,1547,166345,Farmers and Miners Bank,Pennington Gap,22888,VA,51,4,22888
1,NM,1.7514946826986324,06/30/2026,13.41,317563,2765,273695,Putnam County State Bank,Unionville,22895,MO,29,2,22895
1,SM,1.8334656642762661,06/30/2026,18.63,4275801,38602,3817157,The First Bank and Trust Company,Lebanon,22918,VA,51,2,22918
1,NM,0.8682606058671433,06/30/2026,5.98,191242,816,161601,Independence Bank,Independence,22925,OH,39,4,22925
1,N,1.5285079978449478,06/30/2026,16.08,144589,1097,130262,The American National Bank of Mount Pleasant,Mount Pleasant,22942,TX,48,4,22942
1,N,0.89960474556714,06/30/2026,9.14,10274427,44850,8360591,"Amerant Bank, National Association",Coral Gables,22953,FL,12,4,22953
1,NM,1.1265692186428622,06/30/2026,6.43,52591,293,42527,"Citizens Bank of Morgantown, Inc.",Morgantown,22954,WV,54,5,22954
1,N,1.5906120755689406,06/30/2026,15.54,2881219,22468,2560252,West Texas National Bank,Midland,22957,TX,48,4,22957
1,NM,1.7832838680734906,06/30/2026,20.69,794385,7036,697445,First Community Bank,San Benito,22964,TX,48,4,22964
1,NM,0.6413531345175161,06/30/2026,5.18,305633,975,249305,First Secure State Bank,Wonder Lake,22971,IL,17,4,22971
1,NM,3.043555333916435,06/30/2026,24.05,173027,2604,150493,Twin River Bank,Lewiston,22993,ID,16,4,22993
1,NM,1.423326513510338,06/30/2026,17.27,345777,2443,295542,Community State Bank,Spencer,230,IA,19,2,230
1,NM,1.709502293272551,06/30/2026,13.82,107840,920,92782,The Bank of Magnolia Company,Magnolia,2300,OH,39,8,2300
1,SM,1.3529230142138682,06/30/2026,12.7,825432,5543,723765,Oregon Pacific Banking Company dba Oregon Pacific Bank,Florence,23007,OR,41,4,23007
1,NM,2.2138978037817636,06/30/2026,24.99,160039,1774,139251,The First State Bank,Boise City,2301,OK,40,2,2301
1,NM,0.8757597026411585,06/30/2026,6.71,5024446,18109,4125401,Community West Bank,Fresno,23030,CA,6,4,23030
1,NM,1.1075246823349811,06/30/2026,8.89,68812,370,60006,Washita Valley Bank,Fort Cobb,2308,OK,40,2,2308
1,N,0.6960462743305575,06/30/2026,2.62,517936,1802,373759,"New OMNI Bank, National Association",Alhambra,23086,CA,6,4,23086
1,NM,1.2921858609294423,06/30/2026,12.34,6694329,43783,5906460,Alpine Bank,Glenwood Springs,23091,CO,8,4,23091
1,NM,1.5992436549575222,06/30/2026,13.9,154438,1201,121953,The Bank of Protection,Protection,23099,KS,20,2,23099
1,SM,2.044868425577066,06/30/2026,24.82,348840,3469,292743,Commercial Savings Bank,Carroll,231,IA,19,4,231
1,SM,0.6507168108419321,06/30/2026,9.31,551838,1814,466061,Bank of Bartlett,Bartlett,23123,TN,47,5,23123
1,SM,0.9979419195007496,06/30/2026,8.41,95102,476,82413,Huron State Bank,Rogers City,23126,MI,26,6,23126
1,NM,1.8021382321939468,06/30/2026,12.1,659836,5984,548627,South Louisiana Bank,Houma,23144,LA,22,4,23144
1,SM,1.3661890632674696,06/30/2026,17.13,2842870,18733,2589245,Armstrong Bank,Muskogee,2315,OK,40,4,2315
1,NM,2.005267667944281,06/30/2026,16.09,402581,4025,344122,First Citizens Bank,Luverne,23152,AL,1,4,23152
1,SM,1.2392215670904194,06/30/2026,12.43,241168,1515,204313,Method Bank,Wyandotte,2317,OK,40,5,2317
1,NM,1.621611244195199,06/30/2026,23.22,303484,2534,280288,Community Bank and Trust Company,Muscatine,23189,IA,19,2,23189
1,NM,0.049612171519412766,06/30/2026,0.22,122478,31,90313,Solon State Bank,Solon,232,IA,19,4,232
1,NM,1.4252696456086287,06/30/2026,17.07,166708,1184,145366,Carson Community Bank,Stilwell,2320,OK,40,2,2320
1,SM,0.8084861447439443,06/30/2026,6.06,433575,1730,249516,Bankers' Bank of the West,Denver,23210,CO,8,4,23210
1,N,2.0462842077937466,06/30/2026,24.22,8984913,93488,8126763,Woodforest National Bank,The Woodlands,23220,TX,48,4,23220
1,NM,1.8988665911724951,06/30/2026,4.6,102578,953,59152,California Pacific Bank,Hayward,23242,CA,6,4,23242
1,NM,1.296555972538562,06/30/2026,13.13,441882,2666,399083,Community State Bank,Galva,23257,IL,17,4,23257
1,NM,0.9318558771084796,06/30/2026,10.9,612338,2694,541523,AVB Bank,Broken Arrow,2326,OK,40,4,2326
1,SM,0.3397139053975515,06/30/2026,3.21,463077,755,382626,Local Bank,Hulbert,2327,OK,40,4,2327
1,SM,1.5535827520608751,06/30/2026,12.79,88265,686,76400,Siouxland Bank,South Sioux City,23270,NE,31,7,23270
1,SM,1.7999963367492402,06/30/2026,14.54,2277465,20146,1891716,Plumas Bank,Quincy,23275,CA,6,4,23275
1,NM,2.121219459040608,06/30/2026,20.83,97359,1022,85708,"American Exchange Bank, Lindsay, Oklahoma",Lindsay,2328,OK,40,7,2328
1,SM,0.38904829406719077,06/30/2026,5.38,1856605,3658,1377296,Fall River Five Cents Savings Bank,Fall River,23286,MA,25,4,23286
1,SM,0.7381260062643045,06/30/2026,7,5619396,20519,4563770,The Cape Cod Five Cents Savings Bank,Hyannis,23287,MA,25,5,23287
1,SI,0.7211235181900154,06/30/2026,6.83,2014204,7259,1785228,Florence Bank,Florence,23293,MA,25,4,23293
1,NM,0.9597348510313181,06/30/2026,8.41,8820482,41472,6044966,Salem Five Cents Savings Bank,Salem,23296,MA,25,4,23296
1,SM,0.7815593672495362,06/30/2026,6.77,1439099,5625,1252196,Watertown Savings Bank,Watertown,23298,MA,25,5,23298
1,NM,-1.3205055649877382,06/30/2026,-7.48,61880,-350,49188,Peoples Bank and Trust Company,Ryan,2331,OK,40,4,2331
1,NM,-0.12160717613099578,06/30/2026,-0.95,101406,-62,69284,United Orient Bank,New York,23373,NY,36,4,23373
1,NM,1.9253531839436886,06/30/2026,13.94,444259,4278,359240,"First Jackson Bank, Inc.",Stevenson,23376,AL,1,4,23376
1,NM,0.5009490111223567,06/30/2026,1.83,122569,311,83053,Pocahontas State Bank,Pocahontas,234,IA,19,2,234
1,N,1.09444310422072,06/30/2026,8.67,139923,741,121991,Evergreen National Bank,Evergreen,23404,CO,8,4,23404
1,N,2.443576992966879,06/30/2026,20.2,250837,3131,218565,First National Bank of Burleson,Burleson,23430,TX,48,4,23430
1,N,15.267125124883862,06/30/2026,19.03,1372597,104728,2233,"The Bank of New York Mellon Trust Company, National Association",Los Angeles,23472,CA,6,9,23472
1,SM,1.1490114952044785,06/30/2026,13.65,2978571,16932,2488731,First Fidelity Bank,Oklahoma City,23473,OK,40,4,23473
1,N,0.6285393744605207,06/30/2026,11.51,5505445,18787,4601475,The American National Bank of Texas,Terrell,23474,TX,48,4,23474
1,SI,0.6308564375193229,06/30/2026,4.16,7399039,21711,6231443,"TBK BANK, SSB",Dallas,23498,TX,48,4,23498
1,NM,2.6348000139886323,06/30/2026,24.24,492270,6404,337286,Security State Bank,Sutherland,235,IA,19,2,235
1,NM,1.1595415058832474,06/30/2026,12.55,158861,915,143072,"Citizens' Bank, Inc.",Robertsdale,23523,AL,1,8,23523
1,SM,0.9052829857038364,06/30/2026,6.82,1468595,6541,951873,Bankers' Bank,Madison,23537,WI,55,4,23537
1,NM,2.956253340168181,06/30/2026,19.41,382221,5421,305734,Municipal Trust and Savings Bank,Bourbonnais,23546,IL,17,4,23546
1,NM,2.28654439803886,06/30/2026,13.92,143606,1574,120372,Community Bank of El Dorado Springs,El Dorado Springs,23551,MO,29,2,23551
1,NM,0.21796710178897818,06/30/2026,40.48,642783,701,607529,Mauch Chunk Trust Company,Jim Thorpe,2359,PA,42,4,2359
1,N,0.7324534919995491,06/30/2026,8.59,375882,1397,335898,Lamar National Bank,Paris,23597,TX,48,4,23597
1,SI,0.8805319205415725,06/30/2026,7.99,2600580,11361,2057822,Dedham Institution for Savings,Dedham,23620,MA,25,4,23620
1,NM,0.6253319179885555,06/30/2026,4.27,3259107,9942,2639766,Bristol County Savings Bank,Taunton,23622,MA,25,4,23622
1,NM,0.8977665695887508,06/30/2026,10.44,6551001,29378,5364294,"The Washington Trust Company, of Westerly",Westerly,23623,RI,44,4,23623
1,NM,2.1314987444944973,06/30/2026,14.26,7054835,75816,5625375,Republic Bank & Trust Company,Louisville,23627,KY,21,4,23627
1,N,1.848190168263265,06/30/2026,12.99,2960509,27516,2365636,TIB National Association,Farmers Branch,23647,TX,48,9,23647
1,N,0.7366377237079499,06/30/2026,5.7,540408,2019,452108,"Vast Bank, National Association",Tulsa,23737,OK,40,4,23737
1,N,-0.04565083929330402,06/30/2026,-0.32,276407,-58,237086,Mission National Bank,San Francisco,23749,CA,6,4,23749
1,SM,0.19698295682097988,06/30/2026,2.15,324823,332,291825,FMS Bank,Fort Morgan,23764,CO,8,4,23764
1,NM,1.8094310797290902,06/30/2026,17.5,762489,6749,664508,Commerce Bank,Laredo,23772,TX,48,5,23772
1,NM,1.1945677363604226,06/30/2026,6.77,138467,811,113214,Bank of Gleason,Gleason,2379,TN,47,8,2379
1,N,1.1622783575844007,06/30/2026,7.51,384215,2229,323554,McCurtain County National Bank,Broken Bow,23798,OK,40,7,23798
1,SM,1.6765485377246734,06/30/2026,17.18,2345157,19778,2059492,Texas First Bank,Texas City,23799,TX,48,4,23799
1,SM,0.8854604409527993,06/30/2026,11.82,662057,2906,605538,Carroll Bank and Trust,Huntingdon,2380,TN,47,4,2380
1,NM,0.3977510404628375,06/30/2026,2.33,191036,374,156802,United Pacific Bank,City Of Industry,23805,CA,6,4,23805
1,NM,1.7601188060192015,06/30/2026,20.64,1105812,9533,860232,TrailWest Bank,Lolo,23806,MT,30,4,23806
1,NM,2.26210744163328,06/30/2026,17.06,353843,4006,298992,First State Bank of DeKalb County,Fort Payne,23815,AL,1,8,23815
1,SM,5.178582152938048,06/30/2026,14.13,38466,1006,124,2unifi Bank,Jackson,23826,WY,56,7,23826
1,NM,-3.452837286610329,06/30/2026,-19.74,264445,-4681,207585,Summit Bank,Oakland,23864,CA,6,4,23864
1,N,1.6337398962583152,06/30/2026,15.86,625218,5115,557113,"American Bank, National Association",Waco,23886,TX,48,4,23886
1,SM,0.7264947935995111,06/30/2026,7.57,224072,832,191799,Security Bank,Newbern,2391,TN,47,4,2391
1,NM,-0.8047019605773703,06/30/2026,-8.88,637943,-2694,511719,OneUnited Bank,Boston,23966,MA,25,4,23966
1,SM,1.4290203860069244,06/30/2026,12.07,129762,917,113481,MINNESOTA LAKES BANK,Delano,23986,MN,27,4,23986
1,SM,-0.5122542361520253,06/30/2026,-4.38,93453,-242,81021,Miners Exchange Bank,Coeburn,23989,VA,51,8,23989
1,SI,0.8105590677579818,06/30/2026,5.73,2236949,8998,1728837,Country Bank for Savings,Ware,23992,MA,25,4,23992
1,NM,1.0952673865201519,06/30/2026,8.16,1382642,7520,1181334,State Bank of India (California),Los Angeles,23998,CA,6,4,23998
1,NM,0.36776294133517506,06/30/2026,2.99,383224,702,323776,The Harbor Bank of Maryland,Baltimore,24015,MD,24,4,24015
1,N,1.3640557044326318,06/30/2026,2.54,27645,207,11078,Brazos National Bank,Richwood,24038,TX,48,5,24038
1,SM,-0.8762443067035598,06/30/2026,-7.92,34899077,-152251,28219578,Banc of California,Los Angeles,24045,CA,6,4,24045
1,NM,0.5996237654804829,06/30/2026,5.12,81683,255,71481,Atascosa Bank,Pleasanton,24064,TX,48,2,24064
1,N,0.6887507194142789,06/30/2026,6.18,108781,365,95227,Citizens National Bank,Crockett,24085,TX,48,7,24085
1,NM,1.0829010212853525,06/30/2026,11.41,7625472,40783,6205398,Ocean Bank,Miami,24156,FL,12,4,24156
1,NM,1.2764767855678891,06/30/2026,11.38,7954215,50136,6963809,Hanmi Bank,Los Angeles,24170,CA,6,4,24170
1,N,1.7912003422839735,06/30/2026,11.36,209280,1856,162124,Capitol National Bank,Lansing,24199,MI,26,4,24199
1,N,0.6856885924649193,06/30/2026,4.32,152608,549,125183,"Bank of Whittier, National Association",Whittier,24211,CA,6,4,24211
1,NM,1.2582408220506704,06/30/2026,8.03,78399,480,64226,Pavillion Bank,Richardson,24303,TX,48,4,24303
1,N,1.0200423729723118,06/30/2026,10.26,301095,1584,265927,Llano National Bank,Llano,24305,TX,48,8,24305
1,NM,4.365384855594921,06/30/2026,9.29,515839,11067,265294,First Credit Bank,Los Angeles,24332,CA,6,4,24332
1,N,1.44184512866979,06/30/2026,12.92,3283357,23970,2884707,Lone Star National Bank,Pharr,24347,TX,48,4,24347
1,NM,1.2043245789090733,06/30/2026,10.81,662791,3989,582191,First Community Bank,Corpus Christi,24353,TX,48,4,24353
1,N,0.3640967158057732,06/30/2026,2.81,61980,116,52460,City National Bank,Corsicana,24367,TX,48,4,24367
1,N,0.6656889350773629,06/30/2026,3.88,2859720,9572,2207867,"Industrial and Commercial Bank of China USA, National Association",New York,24387,NY,36,4,24387
1,SM,1.6455617472729462,06/30/2026,14,1026081,8290,887494,Clear Mountain Bank,Bruceton Mills,2443,WV,54,4,2443
1,NM,1.255396976216381,06/30/2026,9.1,135903,850,116151,"Clay County Bank, Inc.",Clay,2444,WV,54,8,2444
1,N,1.103099922603772,06/30/2026,10.72,122932,677,109501,Progressive National Bank,Mansfield,24443,LA,22,8,24443
1,SM,1.5375663000972424,06/30/2026,16.36,691486,5289,577655,American Nation Bank,Ardmore,24472,OK,40,4,24472
1,NM,0.7824541873608495,06/30/2026,6.03,191136,731,160222,"Pioneer Community Bank, Inc.",Iaeger,2448,WV,54,4,2448
1,NM,1.517144261554608,06/30/2026,17.82,308794,2284,275862,First State Bank,Graham,24498,TX,48,2,24498
1,NM,1.6192700032647684,06/30/2026,17.48,486033,3910,430200,Raccoon Valley Bank,Perry,245,IA,19,4,245
1,NM,1.236178880406965,06/30/2026,12.32,2677078,16419,2338666,Interaudi Bank,New York,24516,NY,36,4,24516
1,NM,1.0268724833995582,06/30/2026,15.83,300343,1548,263745,West Union Bank,West Union,2452,WV,54,4,2452
1,NM,0.5707104565931035,06/30/2026,8.52,274894,769,204212,Davis Trust Company,Elkins,2453,WV,54,4,2453
1,NM,2.1651890896737642,06/30/2026,13.19,1819911,19758,1493319,Bank of New England,Salem,24540,NH,33,4,24540
1,SM,0.7260720782811486,06/30/2026,8.17,421899,1510,338168,The Bank of Brodhead,Brodhead,2455,WI,55,4,2455
1,SM,2.029751218029681,06/30/2026,16.38,2204656,22496,1917554,Texas Community Bank,Laredo,24563,TX,48,4,24563
1,N,1.3690732768178182,06/30/2026,13.63,565931,3859,502054,"First Commercial Bank, National Association",Seguin,24603,TX,48,4,24603
1,NM,1.2117844608866537,06/30/2026,14.33,237585,1483,196803,Citizens State Bank,Cadott,2467,WI,55,4,2467
1,N,2.307177521632714,06/30/2026,17.6,228559,2465,198046,"Triad Bank, National Association",Tulsa,24677,OK,40,4,24677
1,SM,2.395567849453985,06/30/2026,23.66,725616,8555,575167,Northwestern Bank,Chippewa Falls,2468,WI,55,4,2468
1,NM,1.3707860842109316,06/30/2026,12.74,206034,1424,164635,Badger Bank,Fort Atkinson,2469,WI,55,4,2469
1,NM,1.5520066348410064,06/30/2026,15.05,268267,2046,230489,Bank of Deerfield,Deerfield,2477,WI,55,4,2477
1,NM,1.2621614514856692,06/30/2026,15.24,291895,1880,222099,State Savings Bank,West Des Moines,248,IA,19,4,248
1,NM,1.7724475127583659,06/30/2026,12.5,286546,2540,243521,Nekoosa Port Edwards State Bank,Nekoosa,2482,WI,55,8,2482
1,SM,1.203888264356632,06/30/2026,14.85,1617291,9558,1457420,International Finance Bank,Miami,24823,FL,12,4,24823
1,SM,1.3196799310888483,06/30/2026,8.21,942042,6169,566227,Atlantic Community Bankers Bank,Camp Hill,24829,PA,42,4,24829
1,NM,1.909081584975327,06/30/2026,13.72,147466,1396,123761,First New Mexico Bank of Silver City,Silver City,24865,NM,35,4,24865
1,NM,5.815180347155436,06/30/2026,14.35,254909,7266,150500,BNY Mellon Trust of Delaware,Wilmington,24867,DE,10,7,24867
1,N,2.103291233172963,06/30/2026,16.91,2541691,27021,2182649,Community National Bank,Midland,24897,TX,48,4,24897
1,N,2.272994836778284,06/30/2026,16.46,78242,901,67127,First National Bank of South Padre Island,South Padre Island,24902,TX,48,8,24902
1,SM,1.2600743003114276,06/30/2026,14.97,1220465,7691,1102545,Uwharrie Bank,Albemarle,24919,NC,37,4,24919
1,NM,0.7230295920588587,06/30/2026,5.52,4116181,14598,3528781,Woori America Bank,New York,24920,NY,36,4,24920
1,NM,1.1880475219008761,06/30/2026,13.23,599377,3531,541309,Grand Valley Bank,Heber City,24922,UT,49,2,24922
1,N,0.823969113493111,06/30/2026,10.44,317995,1336,291420,The National Iron Bank,Salisbury,2496,CT,9,5,2496
1,NM,1.8137396375506303,06/30/2026,15.82,567779,4860,457009,International Bank of Commerce,Zapata,24961,TX,48,5,24961
1,SM,0.830585306052629,06/30/2026,8.89,218062,874,197644,Valley Bank of Ronan,Ronan,24966,MT,30,4,24966
1,SM,1.25075825492102,06/30/2026,11.77,35017320,215297,28103015,Commerce Bank,Kansas City,24998,MO,29,4,24998
1,N,-2.197739711422276,06/30/2026,-101.58,65941,-773,63956,Summit National Bank,Hulett,25054,WY,56,8,25054
1,NM,0.9925156835598135,06/30/2026,11.35,2837908,14150,2431737,Habib American Bank,New York,25093,NY,36,4,25093
1,NM,1.2935977614336611,06/30/2026,8.39,65225,423,54690,First Security Bank,Mapleton,251,IA,19,2,251
1,NM,1.5208543236489587,06/30/2026,14.4,5388227,36781,4721772,City Bank,Lubbock,25103,TX,48,4,25103
1,NM,0.6207693189466909,06/30/2026,5.37,683726,2112,519280,"Finance Factors, Ltd.",Honolulu,25158,HI,15,4,25158
1,NM,1.1502020919900067,06/30/2026,14.68,458359,2638,384413,Meade County Bank,Brandenburg,25173,KY,21,4,25173
1,N,0.7657608097700517,06/30/2026,6.06,14814000,58000,12306000,"Bank of America California, National Association",San Francisco,25178,CA,6,5,25178
1,SM,1.7244519750079421,06/30/2026,13.34,324441,2714,268223,Pinnacle Bank,Marshalltown,252,IA,19,4,252
1,N,0.8195238591908439,06/30/2026,5.29,982970,4387,383899,First National Banker's Bank,Baton Rouge,25247,LA,22,4,25247
1,N,1.1447790494401981,06/30/2026,11.68,949272,5396,836360,"C3bank, National Association",Encinitas,25249,CA,6,4,25249
1,N,-0.48513795216638245,06/30/2026,-5.49,2373337,-4862,2113408,"Pibank, National Association",Miami,25258,FL,12,4,25258
1,NM,1.0876736460537206,06/30/2026,11.61,494589,2657,366128,TruBank,Indianola,25267,IA,19,4,25267
1,NM,0.869569352733187,06/30/2026,9.45,581917,2438,490831,Bank of the Valley,Bellwood,25291,NE,31,2,25291
1,NM,0.9634919694185976,06/30/2026,10.32,2341323,10838,1965552,Luana Savings Bank,Luana,253,IA,19,4,253
1,SM,1.9915446699975543,06/30/2026,16.58,203364,2090,176742,BOC Bank,Mclean,25328,TX,48,4,25328
1,NM,1.6213376203766283,06/30/2026,15.71,287508,2407,254825,First Whitney Bank and Trust,Atlantic,254,IA,19,2,254
1,NM,2.0140877860735573,06/30/2026,11.23,62056,620,48953,Cedar Security Bank,Fordyce,25591,NE,31,2,25591
1,N,25.34635181167293,06/30/2026,90.76,2439105,277432,1439247,"Credit One Bank, National Association",Las Vegas,25620,NV,32,3,25620
1,NM,1.3752614223831905,06/30/2026,13.29,768884,5230,683311,"Sage Capital Bank,",Gonzales,25621,TX,48,4,25621
1,N,0.27766036087833623,06/30/2026,2.69,164379,231,134246,"BEACON BUSINESS BANK, NATIONAL ASSOCIATION",San Francisco,25644,CA,6,4,25644
1,N,1.645228836374514,06/30/2026,25.5,853137,7260,772643,Community National Bank,Seneca,25665,KS,20,4,25665
1,NM,1.7349233790803351,06/30/2026,13.76,4561812,38947,3919084,International Bank of Commerce,Brownsville,25679,TX,48,4,25679
1,NM,2.0511705049076916,06/30/2026,18.42,192365,1886,171213,The Bank of the West,Thomas,25703,OK,40,2,25703
1,NM,2.462997737723825,06/30/2026,16.74,357181,4442,296925,Murphy Bank,Fresno,25726,CA,6,8,25726
1,SM,0.6340349508105652,06/30/2026,5.75,1474578,4474,1194594,Sovereign Bank,Shawnee,25738,OK,40,4,25738
1,N,0.42359870634299845,06/30/2026,1.8,152994,315,104675,"Eastbank, National Association",New York,25749,NY,36,4,25749
1,NM,2.920644503980982,06/30/2026,25.07,315479,4515,277785,Community Bank,Longview,25752,TX,48,4,25752
1,NM,1.4143915760084893,06/30/2026,15.57,563262,3992,504952,Peoples Bank & Trust,Buford,25795,GA,13,4,25795
1,NM,1.6440637849731514,06/30/2026,14.12,10360306,80425,8489173,Stock Yards Bank & Trust Company,Louisville,258,KY,21,4,258
1,NM,0.30188651628449054,06/30/2026,1.46,177458,275,41304,Hatch Bank,San Marcos,25803,CA,6,6,25803
1,SM,1.3832407519568992,06/30/2026,9.63,341431,2398,259441,Midwest Independent BankersBank,Jefferson City,25849,MO,29,4,25849
1,SM,1.3694129321366908,06/30/2026,11.77,7714314,49515,6331723,Equity Bank,Andover,25858,KS,20,4,25858
1,NM,0.6428642215037795,06/30/2026,4.96,230240,746,194671,Metropolitan Bank,Oakland,25869,CA,6,4,25869
1,SM,2.2643300335078798,06/30/2026,10.94,649615,7109,467955,First Eagle  Bank,Chicago,25883,IL,17,4,25883
1,NM,0.9085699096425858,06/30/2026,8.55,1423994,6426,1187261,Rio Bank,Mcallen,25886,TX,48,4,25886
1,N,2.177042846623562,06/30/2026,12.82,477821,5169,380137,First National Bank,Oldham,25894,SD,46,2,25894
1,NM,1.3741317814905198,06/30/2026,8.02,169492,1159,139412,Valley State Bank,Russellville,26021,AL,1,8,26021
1,NC,0,06/30/2026,0,449643,0,19714,The Bank of East Asia Ltd.,New York,26028,NY,36,4,26028
1,N,0.5974839935523958,06/30/2026,6.43,444849,1327,365802,The National Grand Bank of Marblehead,Marblehead,2608,MA,25,5,2608
1,N,0.8478111101217118,06/30/2026,9.17,146508,603,123414,Millbury National Bank,Millbury,2616,MA,25,4,2616
1,N,-0.3375706714823602,06/30/2026,-3.32,852407,-1430,765678,Texas National Bank of Jacksonville,Jacksonville,26181,TX,48,4,26181
1,SM,1.541589662770175,06/30/2026,17.14,547900,4079,486279,CHARTER WEST BANK,West Point,26185,NE,31,2,26185
1,SM,8.631646423005936,06/30/2026,39.97,190977,7810,128670,The Haverford Trust Company,Radnor,26189,PA,42,6,26189
1,NM,1.5652187730909495,06/30/2026,19.59,250355,1970,221562,Citizens Bank,Mount Vernon,262,KY,21,4,262
1,SM,1.4562537016825032,06/30/2026,15.27,497495,3598,439290,Bank of Commerce,Chanute,26217,KS,20,2,26217
1,N,1.593490844276205,06/30/2026,11.96,2277487,17916,1911057,"Golden Bank, National Association",Houston,26223,TX,48,4,26223
1,N,2.2129289513649386,06/30/2026,17.82,134243,1479,116857,First National Bank of Dublin,Dublin,26228,TX,48,2,26228
1,N,1.2389049799121743,06/30/2026,17.97,71783,442,65302,The First National Bank in Marlow,Marlow,26260,OK,40,4,26260
1,NM,2.340335318616088,06/30/2026,19.2,255441,2953,192192,Home Bank of California,San Diego,26271,CA,6,4,26271
1,N,1.1465717413542,06/30/2026,10.52,1610170,8782,1327615,Pacific National Bank,Miami,26299,FL,12,4,26299
1,SB,1.4518580071669924,06/30/2026,23.05,9230360,58857,8701025,"First American Trust, FSB",Santa Ana,26312,CA,6,5,26312
1,N,0.9756895262235197,06/30/2026,9.86,713145,3381,639827,"Florida Capital Bank, National Association",Jacksonville,26323,FL,12,4,26323
1,NM,1.5358035050248862,06/30/2026,16.69,1309654,10067,1075736,Genesee Regional Bank,Rochester,26333,NY,36,4,26333
1,SI,0.4799090903918201,06/30/2026,5.65,2068136,4920,1798506,The Village Bank,Newton,26336,MA,25,4,26336
1,N,2.4733897711713513,06/30/2026,23.77,9594495,108931,8536132,"RBC Bank, (Georgia) National Association",Atlanta,26342,GA,13,9,26342
1,N,0.395464067792181,06/30/2026,3.31,224864,454,193487,Unity National Bank of Houston,Houston,26351,TX,48,4,26351
1,NM,1.1745536017380678,06/30/2026,16.53,183761,1038,164022,State Bank of Southwest Missouri,Springfield,26358,MO,29,5,26358
1,NM,0.775623712703463,06/30/2026,5.13,422736,1613,317509,Community Commerce Bank,Claremont,26363,CA,6,4,26363
1,N,0.9991661082321327,06/30/2026,9.43,408846,1993,357967,Pike National Bank,Mccomb,26379,MS,28,4,26379
1,N,0.7631606402455441,06/30/2026,8.75,1552898,6047,1378600,"Bonvenu Bank, National Association",Bossier City,26381,LA,22,4,26381
1,NM,3.396400991684559,06/30/2026,3.6,141395,2386,3018,Deutsche Bank Trust Company Delaware,Newark,26392,DE,10,7,26392
1,SI,0.19922283518338516,06/30/2026,1.59,451501,441,327733,The Pittsfield Co-operative Bank,Pittsfield,26393,MA,25,4,26393
1,SI,0.8829170441622175,06/30/2026,4.32,1217844,5485,924497,MutualOne Bank,Framingham,26395,MA,25,4,26395
1,SM,0.5653210643694597,06/30/2026,5.04,901813,2455,799999,Greenfield Co-operative Bank,Greenfield,26397,MA,25,5,26397
1,SI,1.525409894392285,06/30/2026,15.74,636836,4859,507639,Haverhill Bank,Haverhill,26411,MA,25,4,26411
1,NM,1.486061192945865,06/30/2026,11.6,73022,532,63406,Community State Bank of Canton,Canton,26416,OK,40,2,26416
1,N,0.7134573488282104,06/30/2026,8.11,897724,3116,791389,"Terrabank, National Association",Coral Gables,26442,FL,12,4,26442
1,SI,0.7693375683233141,06/30/2026,7.99,1671230,6317,1203450,Everett Co-operative Bank,Everett,26444,MA,25,4,26444
1,SM,0.41192133714029067,06/30/2026,3.01,154823,321,127189,Canton Co-operative Bank,Canton,26450,MA,25,5,26450
1,SM,0.8045692911564561,06/30/2026,6.7,1310138,5409,1115678,Fidelity Co-operative Bank,Leominster,26451,MA,25,4,26451
1,SI,0.6813013733588048,06/30/2026,6.71,783177,2692,562335,Savers Co-operative Bank,Southbridge,26455,MA,25,4,26455
1,SM,1.011254424023169,06/30/2026,9.14,7416433,36267,6320314,Needham Bank,Needham,26483,MA,25,4,26483
1,SM,1.1318833997676438,06/30/2026,6.02,646470,3647,509222,Walpole Co-operative Bank,Walpole,26487,MA,25,4,26487
1,N,1.3535018368348881,06/30/2026,12.86,473220,3198,347567,American National Bank of Minnesota,Baxter,26499,MN,27,4,26499
1,SI,0.45247585140636304,06/30/2026,4.85,141259,319,127552,Methuen Co-operative Bank,Methuen,26512,MA,25,5,26512
1,SM,0.7028330796148752,06/30/2026,7.57,135153,474,117071,Stoughton Co-operative Bank,Stoughton,26513,MA,25,5,26513
1,SI,0.5216834004718227,06/30/2026,5.49,1676041,4363,1397897,Cape & Coast Bank,Yarmouth Port,26517,MA,25,4,26517
1,NM,3.018483192589193,06/30/2026,24.27,146805,2181,127725,Security Bank of Southwest Missouri,Cassville,26520,MO,29,8,26520
1,NM,2.5038392093252977,06/30/2026,21.16,617258,7731,540517,The Bank,Oberlin,26522,KS,20,2,26522
1,NM,1.4710506510510635,06/30/2026,14.08,522646,3805,458680,Denali State Bank,Fairbanks,26530,AK,2,4,26530
1,SI,0.4235624702989731,06/30/2026,5.11,386866,820,304178,BankGloucester,Gloucester,26536,MA,25,4,26536
1,NM,1.416752869256266,06/30/2026,11.56,278417,1922,245400,Bank of the Federated States of Micronesia,Kolonia,26539,FM,64,7,26539
1,N,1.620757817884381,06/30/2026,16.04,264575,2140,237251,"Bank of DeSoto, National Association",De Soto,26542,TX,48,8,26542
1,SM,0.7079831340536665,06/30/2026,7.45,249000,879,222476,Bank of Easton,North Easton,26554,MA,25,5,26554
1,SI,0.9863249360848061,06/30/2026,7.18,1051449,5160,842969,OneLocal Bank,Norwood,26555,MA,25,4,26555
1,SI,0.5050542408135308,06/30/2026,6.54,918261,2276,773165,"StonehamBank,  A Co-operative Bank",Stoneham,26559,MA,25,4,26559
1,NM,1.9276132460631197,06/30/2026,19.54,631971,5949,558496,Delta Bank,Vidalia,26564,LA,22,2,26564
1,SI,0.14908199892202248,06/30/2026,0.52,87082,65,60277,North Cambridge Co-operative Bank,Cambridge,26567,MA,25,8,26567
1,SI,0.04478303660232143,06/30/2026,0.53,192617,43,175784,Wrentham Co-operative Bank,Wrentham,26576,MA,25,5,26576
1,NM,0.8911892010377578,06/30/2026,10.33,100605,454,91121,Dedicated Community Bank,Darlington,26588,SC,45,4,26588
1,SM,0.374475097371751,06/30/2026,3.41,983644,1821,790901,Coastal Heritage Bank,Weymouth,26591,MA,25,4,26591
1,SM,0.40803232684684715,06/30/2026,6.31,336060,672,312572,Charles River Bank,Medway,26602,MA,25,4,26602
1,NM,0.7422403060276406,06/30/2026,5.9,18987133,69481,15918749,Bank of Hope,Los Angeles,26610,CA,6,4,26610
1,SM,0.4152408014014377,06/30/2026,6.6,1186904,2496,1015475,Reading Co-operative Bank,Reading,26620,MA,25,4,26620
1,N,0.1539237783838382,06/30/2026,0.97,1053439,813,790843,"United Texas Bank, National Association",Dallas,26626,TX,48,4,26626
1,NM,1.6043425471464892,06/30/2026,17.31,829755,6587,747073,Bank of the West,Grapevine,26627,TX,48,4,26627
1,SI,1.2395919392431762,06/30/2026,9.57,898764,5454,679578,Mechanics Cooperative Bank,Taunton,26634,MA,25,4,26634
1,SI,1.7067745530717702,06/30/2026,16.05,5622445,48290,4764574,Firstrust Savings Bank,Conshohocken,26647,PA,42,4,26647
1,NM,2.217008797653959,06/30/2026,19.39,89277,1008,78597,Bandera Bank,Bandera,26653,TX,48,8,26653
1,NM,0.6098213330480368,06/30/2026,3.22,56986,171,45704,Amistad Bank,Del Rio,26658,TX,48,4,26658
1,SM,0.9812504637039078,06/30/2026,7.85,310517,1543,243358,The Bankers Bank,Oklahoma City,26677,OK,40,4,26677
1,NM,1.244720098379939,06/30/2026,14.18,155169,970,140334,PNB Community Bank,Niceville,26687,FL,12,4,26687
1,NM,3.156844024813224,06/30/2026,6.28,339507,5329,166310,Bank of Alma,Alma,26689,WI,55,4,26689
1,NM,2.1206154952187606,06/30/2026,13.81,328451,3461,276091,Kentucky Farmers Bank Corporation,Catlettsburg,267,KY,21,8,267
1,NM,1.0179074047893328,06/30/2026,10.26,494862,2508,438271,"River City Bank, Inc.",Louisville,26703,KY,21,4,26703
1,NM,-0.7024955341119586,06/30/2026,-6.35,394455,-1419,348346,Balboa Thrift and Loan Association,Chula Vista,26704,CA,6,4,26704
1,NM,0.20124751821776932,06/30/2026,2.53,126667,124,110755,Spectra Bank,Fort Worth,26708,TX,48,4,26708
1,NM,1.5730500845024444,06/30/2026,14.52,3472123,26406,3086173,Banco do Brasil Americas,Miami,26725,FL,12,5,26725
1,NM,1.0985582641453513,06/30/2026,6,174546,939,141071,Bank of South Texas,Mcallen,26727,TX,48,4,26727
1,NM,0.3284638393685493,06/30/2026,2.36,264556,416,223618,Texas Financial Bank,Eden,26738,TX,48,4,26738
1,NM,0.31066037842035954,06/30/2026,2.18,29891,46,24903,"Minnesota First Credit and Savings, Incorporated",Rochester,26755,MN,27,5,26755
1,NM,1.7277322292475288,06/30/2026,18.92,758705,6539,676613,Green Belt Bank & Trust,Iowa Falls,26760,IA,19,2,26760
1,N,2.9098541678369094,06/30/2026,11,835237,12001,588233,"Hana Bank USA, National Association",Fort Lee,26790,NJ,34,4,26790
1,NM,0.8914448309706544,06/30/2026,5.89,108776,495,76385,Home Savings Bank,Salt Lake City,26798,UT,49,4,26798
1,NM,2.5275462783646288,06/30/2026,9.02,490603,6145,340555,EvaBank,Eva,26799,AL,1,4,26799
1,NM,-11.624441132637854,06/30/2026,-33.06,11435,-715,7222,"Stitch Bank, Inc.",Salt Lake City,26816,UT,49,7,26816
1,N,0.7171412143410133,06/30/2026,6.49,73650,264,65174,The First National Bank of Brooksville,Brooksville,2682,KY,21,8,2682
1,N,0.36902400764758325,06/30/2026,5.31,280010,525,234142,First National Bank of Pasco,Dade City,26829,FL,12,4,26829
1,NM,1.9945342558094825,06/30/2026,20.8,141507,1366,104518,The Chesapeake Bank & Trust Co.,Chestertown,26847,MD,24,8,26847
1,NM,1.5299065002460521,06/30/2026,12.73,2249533,17099,1961144,Falcon International Bank,Laredo,26856,TX,48,4,26856
1,SM,0.22042720213885492,06/30/2026,1.62,139427,155,94937,Community Bankers' Bank,Midlothian,26871,VA,51,4,26871
1,N,0.9221098508836756,06/30/2026,9.25,15692063,61953,13881404,Safra National Bank of New York,New York,26876,NY,36,9,26876
1,N,1.9761843435698145,06/30/2026,15.41,56821411,504116,46781713,"SoFi Bank, National Association",Cottonwood Heights,26881,UT,49,6,26881
1,SM,1.03825880973105,06/30/2026,10.97,290249,1499,262909,Liberty Bank Minnesota,Saint Cloud,26891,MN,27,5,26891
1,SM,0.2954137323098319,06/30/2026,3.26,2949812,4358,2481891,Texas Regional Bank,Harlingen,26906,TX,48,4,26906
1,N,1.1512655276572794,06/30/2026,12.67,816053,4728,737188,Cumberland Valley National Bank & Trust Company,London,2691,KY,21,4,2691
1,NM,1.557259840529478,06/30/2026,14.81,571241,4436,497261,The Bank of South Carolina,Charleston,26912,SC,45,4,26912
1,SI,0.0561400247187342,06/30/2026,0.64,548294,153,457832,The Cooperative Bank,Roslindale,26922,MA,25,4,26922
1,NM,2.071017499902126,06/30/2026,22.26,50793,529,45773,Peoples Bank of Deer Lodge,Deer Lodge,26941,MT,30,2,26941
1,SM,2.1843424342886886,06/30/2026,22.08,360813,3861,282827,American State Bank,Osceola,26944,IA,19,2,26944
1,N,1.8374807856299722,06/30/2026,15.56,371868,3365,325538,The First National Bank of Grayson,Grayson,2695,KY,21,4,2695
1,NM,0.8303325529933406,06/30/2026,11.55,2335767,9589,2027237,First Bank of the Lake,Osage Beach,26960,MO,29,4,26960
1,NM,1.4828434531648405,06/30/2026,14.98,5978782,44101,5327436,Wilson Bank and Trust,Lebanon,26962,TN,47,4,26962
1,N,0.8230431112580541,06/30/2026,7.06,1282399,5236,1117717,First Southern National Bank,Lancaster,2700,KY,21,4,2700
1,NM,-11.530455625407372,06/30/2026,-89.68,15527,-914,13437,Young Americans Bank,Denver,27010,CO,8,7,27010
1,SB,-3.857905873360614,06/30/2026,-47.56,182165,-3449,144419,42 North Private Bank,Canton,27015,MA,25,5,27015
1,N,1.1768319438350154,06/30/2026,8.47,362044,2235,302602,"Native American Bank, National Association",Denver,27026,CO,8,4,27026
1,SM,1.126458961194279,06/30/2026,7.02,224449,1259,186585,Sanger Bank,Sanger,27043,TX,48,4,27043
1,N,1.1692925875859277,06/30/2026,13.39,2532014,14614,2210546,Community National Bank & Trust,Chanute,27046,KS,20,4,27046
1,N,1.4363270823906433,06/30/2026,14.34,3686173,25574,3135062,"St. Charles Bank & Trust Company, National Association",Saint Charles,27052,IL,17,4,27052
1,NM,1.9329551664903657,06/30/2026,13.68,3918801,37049,3323101,Sumitomo Mitsui Trust Bank (U.S.A.) Limited,Hoboken,27054,NJ,34,9,27054
1,NM,4.240736806108307,06/30/2026,27.93,2585922,57416,2141255,State Bank of Texas,Irving,27074,TX,48,4,27074
1,N,0.9921088829363643,06/30/2026,10.36,230135,1142,206414,The First National Bank of Manchester,Manchester,2708,KY,21,4,2708
1,NM,1.1803277074036933,06/30/2026,13.66,2440347,14382,2141027,"Traditional Bank, Inc.",Mount Sterling,2711,KY,21,4,2711
1,NM,1.0694489962306746,06/30/2026,12.65,370647,1996,337077,Premier Bank of the South,Cullman,27118,AL,1,8,27118
1,SM,1.036521769744302,06/30/2026,7.92,669889,3533,570974,"Citizens Bank of Kentucky, Inc.",Paintsville,2718,KY,21,4,2718
1,SM,1.6398498487559958,06/30/2026,12.47,6947398,55449,5665534,"Community Trust Bank, Inc.",Pikeville,2720,KY,21,4,2720
1,NM,0.7879201169020944,06/30/2026,10.03,89701,337,82809,Community State Bank,Hennessey,27201,OK,40,2,27201
1,SM,3.21889366299185,06/30/2026,27.32,5329352,87223,4561747,InterBank,Oklahoma City,27210,OK,40,4,27210
1,NM,0.7254141466014207,06/30/2026,7.13,943790,3183,702085,First Community Bank of Tennessee,Shelbyville,27211,TN,47,4,27211
1,SM,0.7259743580377689,06/30/2026,5.08,151382,530,82541,"Independent Correspondent Bankers' Bank, Inc.",Frankfort,27219,KY,21,4,27219
1,N,1.637389321750091,06/30/2026,15.04,163507,1325,125211,The Salyersville National Bank,Salyersville,2723,KY,21,4,2723
1,NM,1.5971289803902067,06/30/2026,19.04,485680,3854,441337,Peoples Independent Bank,Boaz,27233,AL,1,4,27233
1,NM,1.01400177183075,06/30/2026,11.15,3230682,16316,2845134,STAR Financial Bank,Fort Wayne,27235,IN,18,4,27235
1,SM,1.1081322678450394,06/30/2026,9.48,17357139,95711,14728842,Enterprise Bank & Trust,Clayton,27237,MO,29,4,27237
1,SI,0.6090325470611164,06/30/2026,5.21,946884,2828,773766,Winchester Co-operative Bank,Winchester,27238,MA,25,5,27238
1,N,1.7255546425636814,06/30/2026,29.71,700903,6062,568983,The Citizens National Bank of Somerset,Somerset,2725,KY,21,5,2725
1,NM,1.29565409048933,06/30/2026,15.13,242176,1548,217349,Waycross Bank & Trust,Waycross,27254,GA,13,4,27254
1,NM,1.7912021384118904,06/30/2026,11.91,1084973,9310,914048,Amerasia Bank,Flushing,27267,NY,36,4,27267
1,SI,0.3896317593898613,06/30/2026,5.84,494314,959,420578,Dean Co-operative Bank,Franklin,27269,MA,25,5,27269
1,SB,2.8440589502231237,06/30/2026,22.07,115217000,1622000,85967000,Synchrony Bank,Draper,27314,UT,49,3,27314
1,SM,1.6488240005290347,06/30/2026,18.79,140539,1122,102408,Bank of Buffalo,Buffalo,2733,KY,21,8,2733
1,N,1.7248912043483944,06/30/2026,19.12,258049,2178,227584,FIRST NATIONAL BANK OF KENTUCKY,Carrollton,2735,KY,21,4,2735
1,SM,0.7503254635656733,06/30/2026,4.69,255696,853,130416,Bankers' Bank of Kansas,Wichita,27351,KS,20,4,27351
1,NM,1.5767317072573945,06/30/2026,12.87,840081,6444,730168,Prairie State Bank and Trust,Springfield,27362,IL,17,4,27362
1,N,1.500002173916194,06/30/2026,13.44,714152,5175,630653,"First & Farmers National Bank, Inc.",Somerset,2738,KY,21,8,2738
1,NM,1.6194356038175663,06/30/2026,14.77,1012341,8177,893703,First Metro Bank,Muscle Shoals,27381,AL,1,4,27381
1,SI,2.3885546709056777,06/30/2026,10.92,97175,1162,60775,Port Richmond Savings,Philadelphia,27385,PA,42,4,27385
1,N,0.9746343106748993,06/30/2026,5.3,8769681,43541,6933675,Wells Fargo National Bank West,Las Vegas,27389,NV,32,5,27389
1,NM,2.2023276822136433,06/30/2026,14.57,952058,10471,802116,First Bank & Trust Co.,Duncan,27394,OK,40,4,27394
1,NM,1.8316376770025888,06/30/2026,22.14,185378,1671,168367,Peoples Bank,Paris,27398,TX,48,8,27398
1,N,1.3309223497035252,06/30/2026,13.82,989832,6574,847973,The Farmers National Bank of Danville,Danville,2740,KY,21,4,2740
1,NM,0.46441954712534556,06/30/2026,8.51,282924,649,246468,Commercial Bank,Saint Louis,27409,MO,29,4,27409
1,SB,0.6316171388406828,06/30/2026,5.89,534750,1619,420473,Shoreham Bank,Warwick,27417,RI,44,4,27417
1,N,3.6961799455330957,06/30/2026,41.56,213946192,3959779,171554868,American Express National  Bank,Sandy,27471,UT,49,3,27471
1,SM,1.7510639738502827,06/30/2026,15.71,12804688,111247,11190726,BancFirst,Oklahoma City,27476,OK,40,4,27476
1,SM,0.751833334914476,06/30/2026,10.42,430233,1585,364984,Bank of the Lowcountry,Walterboro,27496,SC,45,4,27496
1,NM,0.8234198693050457,06/30/2026,10.76,439663,1779,385692,"Morgantown Bank & Trust Company, Incorporated",Morgantown,275,KY,21,4,275
1,N,1.411247104252812,06/30/2026,9.94,454383,3182,377820,The Lincoln National Bank of Hodgenville,Hodgenville,2750,KY,21,6,2750
1,NM,0.5345033805877921,06/30/2026,2.26,529978,1433,397509,The Berkshire Bank,New York,27503,NY,36,7,27503
1,NM,1.4126339885588461,06/30/2026,10.08,1182553,8370,1005162,Metro Bank,Pell City,27510,AL,1,4,27510
1,SM,0.9382533205186785,06/30/2026,15.43,172976,794,156932,"Citizens Bank and Trust of Lebanon, Inc.",Lebanon,2753,KY,21,7,2753
1,N,1.0906951388991402,06/30/2026,10.82,163006,862,145523,The Farmers National Bank of Lebanon,Lebanon,2754,KY,21,4,2754
1,NM,2.430930058906496,06/30/2026,17.07,214188,2637,180333,Burling Bank,Chicago,27556,IL,17,4,27556
1,NM,1.5291086056282683,06/30/2026,13.66,178607,1349,156024,North Alabama Bank,Hazel Green,27560,AL,1,4,27560
1,SI,0.22640568188722565,06/30/2026,2.55,103946,118,93819,The Glen Burnie Mutual Savings Bank,Glen Burnie,27567,MD,24,5,27567
1,N,1.988128850046941,06/30/2026,21.1,9250823,91569,7281646,"Lake Forest Bank & Trust Company, National Association",Lake Forest,27589,IL,17,4,27589
1,NM,1.232120690967335,06/30/2026,15.74,769966,4695,706367,"FNB Bank, Inc.",Mayfield,2759,KY,21,4,2759
1,SL,0.20619898125150687,06/30/2026,1.12,1316062,1347,973732,Piedmont Federal Savings Bank,Winston Salem,27619,NC,37,4,27619
1,SB,0.35319408500583327,06/30/2026,2.45,282866,497,231214,First Federal Bank of Ohio,Galion,27643,OH,39,5,27643
1,NM,1.634388790412463,06/30/2026,22.23,247792,1987,215093,Farmers Bank and Trust Company,Princeton,2765,KY,21,2,2765
1,SB,1.0736783179249347,06/30/2026,11.26,644022,3414,579073,Home Federal Bank,Shreveport,27654,LA,22,4,27654
1,SB,-2.236392472108586,06/30/2026,-28.9,481614,-5577,403414,"Sterling Federal Bank, F.S.B.",Sterling,27664,IL,17,4,27664
1,N,1.4513129203735677,06/30/2026,16.37,475182,3410,409018,The First National Bank of Russell Springs,Russell Springs,2767,KY,21,4,2767
1,SM,1.5173426460101689,06/30/2026,11.44,4437045,33801,3612552,HomeTrust Bank,Asheville,27677,NC,37,4,27677
1,SI,1.027152183095047,06/30/2026,8.16,603645,3129,520375,"First Federal Community Bank, SSB",Paris,27678,TX,48,4,27678
1,SB,0.9028624082275659,06/30/2026,3.97,270259,1215,201280,North Shore Trust and Savings,Waukegan,27683,IL,17,5,27683
1,SI,0.8748907323355738,06/30/2026,5.34,626985,2724,522610,Slovenian Savings and Loan Association of Canonsburg,Strabane,27686,PA,42,8,27686
1,SB,0.3334746749714767,06/30/2026,1.61,531766,890,414818,Fifth District Savings Bank,New Orleans,27697,LA,22,5,27697
1,SI,0.8742339628113237,06/30/2026,6.47,328620,1447,278789,Altoona First Savings Bank,Altoona,27711,PA,42,4,27711
1,SB,-0.6657825651573791,06/30/2026,-1.43,35922,-123,18696,Mutual Savings and Loan Association,Metairie,27716,LA,22,5,27716
1,SI,0.6848386762443096,06/30/2026,7.81,244493,859,185480,"Security Bank, s.b.",Springfield,27723,IL,17,4,27723
1,SB,1.057489271847967,06/30/2026,7.66,197569,1035,166688,Lyons Federal Bank,Lyons,27727,KS,20,2,27727
1,SI,0.8824914495559477,06/30/2026,12.98,352880,1546,284265,Mutual Savings Bank,Franklin,27742,IN,18,4,27742
1,SL,0.1083968770993531,06/30/2026,0.8,256636,135,209995,Hibernia Bank,New Orleans,27752,LA,22,4,27752
1,SI,0.6647995674136589,06/30/2026,7.07,365122,1211,122304,West View Savings Bank,Pittsburgh,27760,PA,42,5,27760
1,SI,1.0224728221596162,06/30/2026,11.3,683196,3443,612677,InFirst Bank,Indiana,27763,PA,42,4,27763
1,SB,0.2487339989143654,06/30/2026,1.53,145593,181,120985,Union Federal Savings and Loan Association,Kewanee,27767,IL,17,4,27767
1,NM,0.8225204665334683,06/30/2026,10,771483,3126,702796,MidSouth Bank,Dothan,2777,AL,1,4,2777
1,SB,0.8466276876471949,06/30/2026,9.3,4043047,17009,3611517,Gate City Bank,Fargo,27774,ND,38,5,27774
1,N,0.4955674704856034,06/30/2026,6.48,238604,596,218854,The First National Bank and Trust,Atmore,2779,AL,1,4,2779
1,SB,0.454179806795612,06/30/2026,3.85,281462,638,247404,Fairfield Federal Savings and Loan Association of Lancaster,Lancaster,27806,OH,39,5,27806
1,SM,1.343942240147943,06/30/2026,14.92,5656124,37422,4929167,Independent Bank,Grand Rapids,27811,MI,26,4,27811
1,SL,0.2549597271605834,06/30/2026,2.3,579997,732,405872,Salem Co-operative Bank,Salem,27824,NH,33,4,27824
1,NM,0.8531616756755244,06/30/2026,7.04,239835,1017,208012,First Bank of Boaz,Boaz,2784,AL,1,7,2784
1,SB,0.24328137924323276,06/30/2026,0.88,41864,50,28056,Citizens Federal Savings and Loan Association,Covington,27841,KY,21,5,27841
1,NM,0.1531002806838479,06/30/2026,1.55,54677,42,35647,The Pioneer Savings Bank,Cleveland,27847,OH,39,5,27847
1,NM,1.3940162183750369,06/30/2026,12.98,193200,1338,171739,Community Neighbor Bank,Camden,2787,AL,1,8,2787
1,SB,2.584451053423047,06/30/2026,25.14,1094643,14256,850790,Pioneer Bank,Roswell,27872,NM,35,4,27872
1,SB,-0.38128689252414144,06/30/2026,-2.47,532286,-1032,422435,Huntington Federal Savings Bank,Huntington,27884,WV,54,5,27884
1,SI,-0.20609542842867848,06/30/2026,-1.71,42995,-44,37710,"Black Mountain Savings Bank, SSB",Black Mountain,27897,NC,37,5,27897
1,SL,0.9624034239060201,06/30/2026,6.68,131402,633,111607,"Home Savings and Loan Association of Carroll County, F.A.",Norborne,27898,MO,29,8,27898
1,SB,0.49020020719802576,06/30/2026,1.96,111928,291,80559,"Central Savings, f.s.b.",Chicago,27910,IL,17,4,27910
1,NM,1.061586562931724,06/30/2026,4.34,54837,292,40329,Dozier Bank,Dozier,2794,AL,1,4,2794
1,SI,0.09973061160713854,06/30/2026,1.05,1046318,517,736698,Brentwood Bank,Bethel Park,27943,PA,42,4,27943
1,SB,0.18463045648938375,06/30/2026,2.4,263888,245,240818,Greenville Federal,Greenville,27965,OH,39,4,27965
1,SB,1.3500735508112105,06/30/2026,10.74,284659,1987,219790,Community Savings,Caldwell,27969,OH,39,5,27969
1,SB,0.8986525532804502,06/30/2026,8.92,9677291,43910,6918089,Capitol Federal Savings Bank,Topeka,27981,KS,20,5,27981
1,NM,0.9547906356002892,06/30/2026,8.5,355617,1717,293477,OSB Community Bank,Ottawa,27989,IL,17,4,27989
1,SI,1.9985760744215213,06/30/2026,17.42,1394713,13769,1229875,Guardian Savings Bank,West Chester,27998,OH,39,5,27998
1,SI,0.45394800115410505,06/30/2026,3.69,161046,354,111339,"Belmont Savings Bank, SSB",Belmont,28035,NC,37,5,28035
1,N,1.425393728655456,06/30/2026,12.71,172993,1225,152323,The First National Bank of Hartford,Hartford,2804,AL,1,8,2804
1,NM,1.153872003452419,06/30/2026,12.86,282412,1631,253708,HNB First Bank,Headland,2805,AL,1,4,2805
1,SB,0.4532307493558597,06/30/2026,4.41,186142,421,161321,Citizens Federal Savings and Loan Association,Bellefontaine,28060,OH,39,5,28060
1,SB,0.9920937512541637,06/30/2026,5.44,84034,412,68412,The Covington Savings and Loan Association,Covington,28063,OH,39,5,28063
1,SL,1.0643031784841075,06/30/2026,6.93,268026,1451,201380,The Harrison Building and Loan Association,Harrison,28080,OH,39,4,28080
1,NM,0.9896750863043017,06/30/2026,8.98,27577403,135913,21051268,WaFd Bank,Seattle,28088,WA,53,4,28088
1,N,1.382408873430103,06/30/2026,10.17,3602958,24488,3078790,"Home Bank, National Association",Lafayette,28094,LA,22,4,28094
1,NM,1.5672360669252157,06/30/2026,23.73,148623,1147,134820,Hyden Citizens Bank,Hyden,281,KY,21,4,281
1,SB,0.05324691683175119,06/30/2026,0.18,117572,31,82749,Collinsville Building and Loan Association,Collinsville,28103,IL,17,5,28103
1,N,1.310818054124058,06/30/2026,16.69,512141,3330,408584,"First Robinson Savings Bank, National Association",Robinson,28105,IL,17,4,28105
1,SI,0.937767091086974,06/30/2026,3.43,1997102,9403,1370706,Yakima Federal Savings and Loan Association,Yakima,28116,WA,53,5,28116
1,SM,0.24669086829448642,06/30/2026,2.76,316635,387,280291,Profile Bank,Rochester,28155,NH,33,4,28155
1,SL,0.9287108859690781,06/30/2026,6.22,193097,880,163026,The Cincinnatus Savings & Loan Co.,Cincinnati,28157,OH,39,4,28157
1,SI,1.3237315614724483,06/30/2026,11.35,17206047,112274,14386113,Northwest Bank,Warren,28178,PA,42,4,28178
1,SI,0.8728117330575176,06/30/2026,7.42,224698,962,196050,MCS Bank,Milroy,28186,PA,42,4,28186
1,SB,1.1304505684488413,06/30/2026,6.75,390204,2221,317937,San Luis Valley Federal Bank,Alamosa,28208,CO,8,5,28208
1,SB,0.12119065004516595,06/30/2026,1.22,407948,252,299268,"Winter Hill Bank, FSB",Somerville,28213,MA,25,5,28213
1,SB,-0.08146665847689677,06/30/2026,-0.74,108524,-42,71890,Warsaw Federal Savings and Loan Association,Cincinnati,28217,OH,39,5,28217
1,SI,-0.0958525226641192,06/30/2026,-1.62,421352,-198,351251,Haddon Savings Bank,Haddon Heights,28222,NJ,34,4,28222
1,SB,0.9990355554643551,06/30/2026,5.86,115085,568,90503,Home Savings Bank,Chanute,28246,KS,20,2,28246
1,N,1.1989845982460026,06/30/2026,10.57,2167338,12840,1832036,"CFBank, National Association",Columbus,28263,OH,39,4,28263
1,SI,-1.7275890326307446,06/30/2026,-43.15,72656,-643,69726,Connect Community Bank,Raymond,28266,WA,53,5,28266
1,SB,0.8660477960996547,06/30/2026,6.14,277200,1245,227663,Ozarks Federal Savings and Loan Association,Farmington,28277,MO,29,5,28277
1,NM,1.6660121253773839,06/30/2026,12.42,221036,1810,190853,Friend Bank,Slocomb,2828,AL,1,4,2828
1,SB,0.17966293670787198,06/30/2026,2.7,103247,92,75921,"Auburn Savings Bank, FSB",Auburn,28288,ME,23,5,28288
1,NM,1.4610967453966415,06/30/2026,16.53,893481,6465,807176,First Southern State Bank,Stevenson,2829,AL,1,4,2829
1,SB,0.6066131110684616,06/30/2026,3.74,96505,295,63536,Mutual Federal Bank,Chicago,28302,IL,17,5,28302
1,SI,0.45971005077289195,06/30/2026,2.71,94550,217,72499,"Riverside Savings Bank, SSB",Roanoke Rapids,28314,NC,37,4,28314
1,SL,0.5973741954896046,06/30/2026,5.64,136694,407,121351,"RG Bank, A Savings and Loan Association",Monte Vista,28315,CO,8,5,28315
1,SI,0.12703163284978297,06/30/2026,0.65,1226355,794,857617,FIDELITY BANK,New Orleans,28316,LA,22,4,28316
1,NM,1.308894005399607,06/30/2026,16.45,1362045,8586,1213912,First Bank of Alabama,Talladega,2832,AL,1,4,2832
1,SM,1.5285399917052327,06/30/2026,14.63,5185949,39030,4421425,Southern Bank,Poplar Bluff,28332,MO,29,4,28332
1,NM,0.3631778565464234,06/30/2026,3.35,612927,1083,496681,Belmont Savings Bank,Bellaire,28348,OH,39,8,28348
1,SB,0.6647953907519574,06/30/2026,6.13,159092,525,86472,Home Federal Savings and Loan Association of Niles,Niles,28349,OH,39,5,28349
1,N,0.3451898440526621,06/30/2026,2.9,23172826,29983,17958463,"OceanFirst Bank, National Association",Toms River,28359,NJ,34,4,28359
1,NM,0.9523179095836437,06/30/2026,10.84,1360343,6426,1228247,Century Bank,Santa Fe,28362,NM,35,4,28362
1,SB,0.1365038771754659,06/30/2026,1.55,654367,440,576502,"Middlesex Federal Savings, F.A.",Somerville,28368,MA,25,4,28368
1,SB,0.3381319653920488,06/30/2026,3.38,90779,156,68474,"Rockland Savings Bank, FSB",Rockland,28369,ME,23,5,28369
1,NM,1.2327494140001942,06/30/2026,13.28,364118,2222,325057,AmeriFirst Bank,Montgomery,2838,AL,1,4,2838
1,SB,8.536154296033985,06/30/2026,9.29,160513,6641,500,Edward Jones Trust Company,Saint Louis,28390,MO,29,7,28390
1,NM,1.3615329852871383,06/30/2026,14.91,1100982,7344,993862,First Palmetto Bank,Camden,28396,SC,45,4,28396
1,NM,1.6537638369353291,06/30/2026,23.05,164254,1302,149785,Auburn Banking Company,Auburn,284,KY,21,8,284
1,NM,0.7984384499696009,06/30/2026,9.68,771888,3119,697950,Westbury Bank,Waukesha,28400,WI,55,4,28400
1,SI,0.8917692726860836,06/30/2026,4.32,435791,1942,319493,Eureka Savings Bank,La Salle,28401,IL,17,8,28401
1,NM,0.19602931313211017,06/30/2026,2.29,2106581,2062,1614303,First Fed Bank,Port Angeles,28405,WA,53,4,28405
1,SB,0.058816447968080894,06/30/2026,0.6,194646,57,171642,Central Federal Savings and Loan Association,Cicero,28425,IL,17,5,28425
1,SB,1.92180218290011,06/30/2026,14.64,192539,1899,163617,First Federal Savings Bank of Champaign Urbana,Champaign,28445,IL,17,8,28445
1,SI,1.4734543134440068,06/30/2026,11.13,2060726,15011,1764507,Timberland Bank,Hoquiam,28453,WA,53,4,28453
1,SL,0.687353863868686,06/30/2026,4.17,55743,195,46230,Liberty Bank,Ironton,28463,OH,39,8,28463
1,SI,1.1832293517216605,06/30/2026,6.97,360681,2108,292795,"Roxboro Savings Bank, SSB",Roxboro,28471,NC,37,5,28471
1,SI,-0.25116343522292917,06/30/2026,-5.38,113590,-145,105772,Farmers and Mechanics Federal Savings Bank,Bloomfield,28478,IN,18,8,28478
1,SL,-3.26647835760837,06/30/2026,-53.32,20558,-345,19309,Columbia Savings and Loan Association,Milwaukee,28480,WI,55,5,28480
1,NM,1.3087879476263193,06/30/2026,10.97,16586212,107478,13885851,Banner Bank,Walla Walla,28489,WA,53,4,28489
1,NM,1.631913776228784,06/30/2026,10.76,678408,5469,563406,Farmers Bank,Buhl,2850,ID,16,2,2850
1,SB,0.15271709158783353,06/30/2026,1.32,70405,54,56009,Argentine Federal Savings,Kansas City,28507,KS,20,5,28507
1,SI,1.2780309329785464,06/30/2026,8.57,2252894,14409,1469847,"WaterStone Bank, SSB",Wauwatosa,28513,WI,55,4,28513
1,SI,0.24265484313910463,06/30/2026,21.97,393489,463,384840,"TrustTexas Bank, SSB",Cuero,28515,TX,48,8,28515
1,SI,0.8971995631208349,06/30/2026,9.68,1283079,5486,1036932,Forward Bank,Marshfield,28530,WI,55,4,28530
1,NM,0.7202805661805262,06/30/2026,8.11,1546784,5498,1152399,First Bank Midwest,Frankfort,28533,IN,18,4,28533
1,NM,1.103765820912382,06/30/2026,9.81,120739,684,95723,Custer Federal State Bank,Broken Bow,28543,NE,31,2,28543
1,SL,0.3518152168101374,06/30/2026,1.73,186737,329,145965,Valley Central Bank,Liberty Township,28555,OH,39,4,28555
1,SB,0.6537104879676413,06/30/2026,7.3,121809,400,108415,"Maple City Savings Bank, FSB",Hornell,28585,NY,36,5,28585
1,NM,1.0262110332648777,06/30/2026,12.99,1028907,5201,893000,Sturgis Bank & Trust Company,Sturgis,28593,MI,26,4,28593
1,SI,0.3611284576625348,06/30/2026,3.13,1019363,1838,709687,Olympia Federal Savings and Loan Association,Olympia,28599,WA,53,5,28599
1,SI,0.3079604114659463,06/30/2026,3.43,327125,506,289087,"The Equitable Bank, S.S.B.",Wauwatosa,28614,WI,55,4,28614
1,NM,3.3106650579503487,06/30/2026,27.14,109487,1811,91791,First Federal Savings and Loan Bank,Olathe,28635,KS,20,5,28635
1,SB,0.24649952007290407,06/30/2026,1.69,90588,110,70964,Milton Savings Bank,Milton,28637,PA,42,5,28637
1,SB,1.4826000411833344,06/30/2026,7.06,65142,468,51364,Fairview Savings and Loan Association,Fairview,28652,OK,40,2,28652
1,NM,-0.08343634116192832,06/30/2026,-0.42,41172,-18,32371,The Brookville Building and Savings Association,Brookville,28663,OH,39,5,28663
1,SB,0.7482851797963002,06/30/2026,8.37,71589,270,64583,Homestead Savings Bank,Albion,28667,MI,26,4,28667
1,SL,0.5784734582766202,06/30/2026,4.37,76738,221,65319,Conneaut Savings Bank,Conneaut,28677,OH,39,5,28677
1,SI,1.0201809731818754,06/30/2026,6.72,2608511,13204,2172387,North Shore Bank,Brookfield,28679,WI,55,4,28679
1,SM,1.035135120167413,06/30/2026,13.01,1371632,7165,1226605,Community Financial Services Bank,Benton,287,KY,21,4,287
1,SI,0.632999185306604,06/30/2026,5.3,502301,1620,424608,Ambler Savings Bank,Ambler,28701,PA,42,4,28701
1,SL,1.222059745143096,06/30/2026,6.4,65640,390,51133,Versailles Savings and Loan Company,Versailles,28703,OH,39,5,28703
1,SB,0.4860663888433781,06/30/2026,3.25,1031873,2497,871754,First Federal Savings and Loan Association of Greene Co,Waynesburg,28706,PA,42,5,28706
1,SI,0.24695412301730651,06/30/2026,3.3,151205,188,120419,GSL Savings Bank,Guttenberg,28708,NJ,34,4,28708
1,SL,1.8593702759901525,06/30/2026,5.08,187963,1722,112251,First Federal Savings of Middletown,Middletown,28712,NY,36,4,28712
1,SI,0.23812003970389092,06/30/2026,2.58,395300,461,318797,Ascendia Bank,Glen Rock,28729,NJ,34,4,28729
1,SB,1.1530382222864706,06/30/2026,11.05,373540,2127,285205,"Golden Belt Bank, FSA",Hays,28735,KS,20,5,28735
1,SI,0.17863483199622007,06/30/2026,0.7,479907,431,346713,Hoyne Savings Bank,Chicago,28747,IL,17,4,28747
1,SI,0.4618087303028617,06/30/2026,4.9,7665322,17597,5736700,Kearny Bank,Kearny,28765,NJ,34,4,28765
1,SB,1.0285763885540133,06/30/2026,4.31,137258,711,103541,First Federal Savings Bank of Angola,Angola,28769,IN,18,5,28769
1,NM,0.33549379287560593,06/30/2026,2.14,1189079,1943,925103,Somerset Regal Bank,Bound Brook,28778,NJ,34,4,28778
1,SB,0.16238965013957574,06/30/2026,1.17,492082,382,372598,Arundel Bank,Glen Burnie,28780,MD,24,5,28780
1,SI,0.7519997445436112,06/30/2026,8.97,1143729,4239,1023230,Sturdy Savings Bank,Stone Harbor,28788,NJ,34,4,28788
1,SI,0.850410193751091,06/30/2026,4.89,98767,406,81446,Superior Savings Bank,Superior,28790,WI,55,5,28790
1,SI,0.6464219195073517,06/30/2026,6.66,172625,542,146948,Sharon Bank,Springfield,28793,PA,42,4,28793
1,NM,1.2905190066735743,06/30/2026,19.19,67248,438,58355,Farmers & Traders Bank of Campton,Campton,288,KY,21,4,288
1,SB,-0.8562915927023625,06/30/2026,-7.19,82271,-365,72235,Sunnyside Federal Savings and Loan Association of Irvington,Irvington,28805,NY,36,4,28805
1,SM,0.875551057790642,06/30/2026,10.24,516927,2186,460469,Armor Bank,Forrest City,28812,AR,5,4,28812
1,SI,0.425814357193914,06/30/2026,4.96,594240,1251,516852,Crest Savings Bank,Wildwood,28818,NJ,34,5,28818
1,SB,0.5210379101842171,06/30/2026,5.31,12166315,29694,9578993,Columbia Bank,Fair Lawn,28834,NJ,34,4,28834
1,SI,0.8352176123117913,06/30/2026,4.59,460566,1906,332127,United Savings Bank,Philadelphia,28836,PA,42,7,28836
1,SM,0.76302939291232,06/30/2026,7.59,296376,1117,262301,The Brattleboro Savings and Loan Association,Brattleboro,28837,VT,50,4,28837
1,SI,-0.21697433203425653,06/30/2026,-1.87,410173,-444,356981,Community Savings Bank,Chicago,28841,IL,17,8,28841
1,SB,1.2744500058200443,06/30/2026,13.67,1420568,9124,1251041,First Federal Savings Bank of Twin Falls,Twin Falls,28845,ID,16,4,28845
1,SB,1.761247468326883,06/30/2026,6.12,597116,5193,420475,First Piedmont Federal Savings and Loan Association of Gaffney,Gaffney,28859,SC,45,5,28859
1,SL,0.09524775440190143,06/30/2026,0.67,75330,36,61993,Century Savings and Loan Association,Trinidad,28860,CO,8,5,28860
1,SB,1.0270174201390836,06/30/2026,8.08,1070620,5403,835800,MidCountry Bank,Minneapolis,28865,MN,27,4,28865
1,SI,0.9417435559855241,06/30/2026,8.34,442833,2041,343438,Broadstreet Bank S S B,Mineola,28868,TX,48,4,28868
1,SB,0.6814302880821252,06/30/2026,7.02,484967,1619,416706,Wallkill Valley Federal Savings and Loan Association,Wallkill,28870,NY,36,5,28870
1,SB,0.7298022961362938,06/30/2026,7.79,464413,1673,400399,Security Federal Savings Bank,Logansport,28894,IN,18,4,28894
1,NM,0.47952891561874433,06/30/2026,6.56,259730,636,211360,Bank of Hindman,Hindman,289,KY,21,4,289
1,SM,2.1808314373116335,06/30/2026,18.94,2036916,21386,1678368,First Financial Bank,El Dorado,28905,AR,5,2,28905
1,SI,0.22152293120638084,06/30/2026,2.82,217455,237,191914,Iron Workers Savings Bank,Aston,28908,PA,42,5,28908
1,SB,0.8095739050879852,06/30/2026,6.24,621553,2519,536632,Evergreen Federal Bank,Grants Pass,28914,OR,41,4,28914
1,SB,0.40094419445557306,06/30/2026,3.78,421914,849,325180,First Federal Savings Bank,Ottawa,28924,IL,17,5,28924
1,SI,0.9552537604155394,06/30/2026,8.74,241397,1177,210134,Security Savings Bank,Monmouth,28925,IL,17,2,28925
1,SM,1.9237622452711272,06/30/2026,17.6,639088,6181,549451,Verimore Bank,Brookfield,28930,MO,29,2,28930
1,N,0.9612794558158706,06/30/2026,6.39,312073,1481,257367,"Carthage Savings and Loan, National Association",Carthage,28942,NY,36,5,28942
1,SM,0.6174307444191265,06/30/2026,4.78,78728,238,68092,"Amory First Savings And Loan Bank, Ssb",Amory,28949,MS,28,5,28949
1,SB,0.5698454966078065,06/30/2026,7.05,93182,265,72338,Ladysmith Federal Savings and Loan Association,Ladysmith,28983,WI,55,5,28983
1,NM,0.09813557149235325,06/30/2026,1.26,224385,111,173699,WCF Financial Bank,Webster City,28989,IA,19,2,28989
1,SI,0.40913811489787816,06/30/2026,1.74,868650,1761,656797,Liberty Bank for Savings,Chicago,29009,IL,17,5,29009
1,NM,0.7194718900019478,06/30/2026,9.14,896438,3183,790240,Mechanics Bank,Mansfield,29011,OH,39,5,29011
1,NM,1.0490213305107727,06/30/2026,7.88,8424258,41751,7043157,Heritage Bank,Olympia,29012,WA,53,4,29012
1,SI,1.6019345842394068,06/30/2026,16.23,303003,2334,261695,Bedford Federal Savings Bank,Bedford,29024,IN,18,4,29024
1,SB,0.9685428626942919,06/30/2026,5.26,508027,2401,401209,"Hancock County Savings Bank, F.S.B.",Chester,29035,WV,54,5,29035
1,SI,0.40875263200401996,06/30/2026,3.83,992550,2016,693823,First Federal Bank of Kansas City,Lees Summit,29047,MO,29,5,29047
1,NM,0.3686113196523938,06/30/2026,4.05,575607,1081,472805,First Federal Savings Bank,Evansville,29056,IN,18,4,29056
1,SB,0.08936393902225337,06/30/2026,0.59,38386,17,29227,Tucumcari Federal Savings and Loan Association,Tucumcari,29059,NM,35,5,29059
1,SI,-0.2602130570758405,06/30/2026,-2.26,54057,-71,47758,"Tarboro Savings Bank, SSB",Tarboro,29061,NC,37,5,29061
1,SL,1.2240516327234168,06/30/2026,12.57,155279,935,127165,Del Norte Bank,Del Norte,29066,CO,8,2,29066
1,SL,0.9002670377683564,06/30/2026,6.74,892796,4054,753555,Southwest Heritage Bank,Scottsdale,29087,AZ,4,4,29087
1,SB,0.833790138772684,06/30/2026,9.91,276829,1156,250512,Newport Federal Bank,Newport,29089,TN,47,8,29089
1,SB,0.504427602531869,06/30/2026,3.77,293519,743,250724,First Federal Savings and Loan Association,Newark,29090,OH,39,5,29090
1,SM,0.7311578893781658,06/30/2026,7.06,98469,383,87106,Investors Community Bank,Chillicothe,29093,MO,29,4,29093
1,NM,1.8683233055009825,06/30/2026,6.58,175869,1623,113604,Jackson County Bank,Mc Kee,291,KY,21,2,291
1,SB,0.4377725906091045,06/30/2026,4.01,588736,1300,406236,"PyraMax Bank, FSB",Greenfield,29120,WI,55,4,29120
1,SI,0.3088704063312937,06/30/2026,3.95,181994,281,166054,Union Savings Bank,Freeport,29121,IL,17,8,29121
1,SB,0.5893172113879809,06/30/2026,4.65,197408,573,169615,First Federal Savings and Loan Association of Van Wert,Van Wert,29135,OH,39,5,29135
1,SB,1.0598833675901203,06/30/2026,11.96,795836,4139,615560,American Federal Bank,Fargo,29140,ND,38,2,29140
1,NM,0.7935733754124229,06/30/2026,4.85,269095,922,226572,Arlo Bank,Springfield,29143,MO,29,4,29143
1,SI,1.9990047950782592,06/30/2026,11.98,2111015,20622,1543585,NorthEast Community Bank,White Plains,29147,NY,36,4,29147
1,SB,0.834068044300052,06/30/2026,6.92,278498,1151,208536,First Federal Savings and Loan Association of Valdosta,Valdosta,29164,GA,13,5,29164
1,SI,0.45066593703386615,06/30/2026,5.43,381162,851,303457,United Roosevelt Savings Bank,Carteret,29170,NJ,34,4,29170
1,SB,1.195113641494641,06/30/2026,14.51,330461,1941,259691,New Carlisle Federal Savings Bank,New Carlisle,29173,OH,39,4,29173
1,SM,1.0885888305243145,06/30/2026,11.14,630255,3378,548433,BankTennessee,Collierville,29177,TN,47,4,29177
1,SI,0.7301586194632252,06/30/2026,3.88,95218,349,74793,Lawrenceburg Federal Bank,Lawrenceburg,29186,TN,47,5,29186
1,SI,0.17436881850896552,06/30/2026,1.25,387333,337,301333,Fox Valley Savings Bank,Fond Du Lac,29188,WI,55,4,29188
1,SM,0.9666654855904155,06/30/2026,11.18,1067848,5320,924295,The Monticello Banking Company,Monticello,292,KY,21,4,292
1,SI,1.2378445035181067,06/30/2026,10.93,155091,967,132523,"Graham Savings and Loan, SSB",Graham,29206,TX,48,5,29206
1,SI,0.03625549086781984,06/30/2026,0.37,126298,23,95490,"Dalhart Federal Savings & Loan Association, SSB",Dalhart,29208,TX,48,5,29208
1,NM,1.0450033843783009,06/30/2026,12.13,14159389,72348,11049180,NexBank,Dallas,29209,TX,48,5,29209
1,SI,0.7673087736737442,06/30/2026,6.8,585335,2272,504352,Washington Savings Bank,Effingham,29227,IL,17,4,29227
1,SB,0.17394342378639155,06/30/2026,2.16,90360,78,82237,County Savings Bank,Essington,29231,PA,42,5,29231
1,SB,0.3276251126622501,06/30/2026,0.99,104220,166,69049,Woodruff Federal Savings and Loan Association,Woodruff,29238,SC,45,5,29238
1,SB,1.056843571859416,06/30/2026,4.13,117724,622,86718,Henderson Federal Savings Bank,Henderson,29241,TX,48,5,29241
1,SB,-0.5250977692499231,06/30/2026,-2.58,89360,-239,57762,Eureka Homestead,Metairie,29268,LA,22,5,29268
1,SB,1.3873123975280617,06/30/2026,14.71,341636,2310,287516,"Cumberland Federal Bank, FSB",Cumberland,29293,WI,55,5,29293
1,SB,0.449430760773821,06/30/2026,3.36,1028213,2262,786769,Prevail Bank,Medford,29294,WI,55,4,29294
1,NM,-2.5023123182284137,06/30/2026,-27.77,679154,-8743,577087,First Southern Bank,Florence,29332,AL,1,2,29332
1,SB,1.0670814614991353,06/30/2026,6.79,246034,1308,205856,First Federal Savings and Loan Association,Delta,29345,OH,39,5,29345
1,SB,1.3780402882767993,06/30/2026,9.85,162031,1095,138311,Family Bank,Pelham,29357,GA,13,5,29357
1,SB,1.777026392411008,06/30/2026,12.29,55559,473,44571,Sidney Federal Savings and Loan Association,Sidney,29379,NE,31,7,29379
1,SB,0.7713423046802104,06/30/2026,4.99,208480,806,172787,Peru Federal Savings Bank,Peru,29384,IL,17,8,29384
1,SB,0.2335261365479215,06/30/2026,1.58,59783,72,50594,GN Bank,Chicago,29399,IL,17,8,29399
1,SB,0.6139776308471853,06/30/2026,4.21,135399,414,113349,"Worthington Federal Savings Bank, FSB",Worthington,29426,MN,27,5,29426
1,SI,-0.3348419619531221,06/30/2026,-4.6,53523,-91,48194,Compass Savings Bank,Wilmerding,29430,PA,42,5,29430
1,SB,-0.18014743645457204,06/30/2026,-2.07,41818,-38,34557,North Side Federal Savings and Loan Association of Chicago,Chicago,29449,IL,17,5,29449
1,NM,2.398475619830159,03/31/2026,17.49,222980,1361,185401,State Bank Northwest,Spokane Valley,2945,WA,53,2,2945
1,SI,0.2657570938310873,06/30/2026,2.14,95073,127,82706,Armstrong County Building and Loan Association,Ford City,29471,PA,42,5,29471
1,SB,1.0099242224899152,06/30/2026,7.85,562858,2789,482050,Home Federal Savings and Loan Association of Grand Island,Grand Island,29476,NE,31,4,29476
1,SB,-0.6112160762017536,06/30/2026,-4.45,39329,-117,33875,Kingstree Federal Savings and Loan Association,Kingstree,29486,SC,45,5,29486
1,SB,0.5737867840879195,06/30/2026,7.3,2942482,8386,2231536,First Federal Savings and Loan Association of Lakewood,Lakewood,29488,OH,39,5,29488
1,SB,0.2985074626865672,06/30/2026,2.91,26278,40,23457,First Federal Savings & Loan Association of Ravenswood,Ravenswood,29490,WV,54,5,29490
1,SB,0.06996185291669432,06/30/2026,0.83,402263,137,335984,GreenWay Bank,Van Wert,29495,OH,39,4,29495
1,N,0.18880942686345653,06/30/2026,2.14,312481,296,246641,"Seneca Savings Bank, National Association",Baldwinsville,29496,NY,36,4,29496
1,NM,-2.1539625133823708,06/30/2026,-13.65,133546,-1348,100511,Pioneer State Bank,Deer Lodge,29517,MT,30,5,29517
1,SI,1.1523318891769363,06/30/2026,8.23,1435217,8384,1210896,Washington Financial Bank,Washington,29520,PA,42,4,29520
1,SB,0.16142050040355124,06/30/2026,1.13,131551,106,99019,Fidelity Federal Savings and Loan Association of Delaware,Delaware,29521,OH,39,5,29521
1,NM,0.4310931577664338,06/30/2026,5.02,2040214,4365,1733393,Peoples Bank,Munster,29523,IN,18,4,29523
1,SI,0.5899170453252931,06/30/2026,6.78,173232,510,141101,DeWitt Savings Bank,Clinton,29535,IL,17,8,29535
1,SB,0.6816704251160256,06/30/2026,6.47,621052,2118,551861,First Federal Bank & Trust,Sheridan,29537,WY,56,4,29537
1,NM,1.2614196241401636,06/30/2026,11.61,5526075,35361,4376365,Great Southern Bank,Reeds Spring,29546,MO,29,4,29546
1,NM,1.1463687741912731,06/30/2026,19.64,384534,2167,354956,Pinnacle Bank,Jasper,29548,AL,1,7,29548
1,SB,-0.08754778650013133,06/30/2026,-0.86,6493323,-2790,5622418,"United Fidelity Bank, fsb",Evansville,29566,IN,18,4,29566
1,NM,1.0326670276182515,06/30/2026,6.04,245018,1262,194362,"The Home Savings and Loan Company of Kenton, Ohio, DBA HSLC",Kenton,29571,OH,39,4,29571
1,SB,-0.22180229287546235,06/30/2026,-2.94,144544,-161,124473,Monroe Federal Savings and Loan Association,Tipp City,29578,OH,39,4,29578
1,SB,0.9881352930759696,06/30/2026,4.9,37051,186,29366,Pee Dee Federal Savings Bank,Marion,29582,SC,45,5,29582
1,NM,1.6106855234727953,06/30/2026,17.88,283407,2296,242731,Bank of Edmonson County,Brownsville,296,KY,21,8,296
1,SL,0.2844479675529652,06/30/2026,1.5,1360147,1909,1096846,Rosedale Bank,Nottingham,29613,MD,24,4,29613
1,SB,0.29390640072845514,06/30/2026,3.04,109885,163,90622,"First Mutual Bank, FSB",Belpre,29617,OH,39,5,29617
1,SL,0.48631745015344796,06/30/2026,4.47,678693,1643,578144,First Federal Savings and Loan Association of McMinnville,Mcminnville,29624,OR,41,4,29624
1,SB,1.166076153742656,06/30/2026,7.21,46255,260,24542,Second Federal Savings and Loan Association of Philadelphia,Philadelphia,29627,PA,42,4,29627
1,SL,0.20088066263472631,06/30/2026,2.23,895437,888,730195,Windsor Federal Bank,Windsor,29632,CT,9,4,29632
1,SB,0.4929323249441183,06/30/2026,3.24,189104,462,144364,First Federal Savings and Loan Association of Bath,Bath,29636,ME,23,5,29636
1,SB,0.9496867038836658,06/30/2026,8.65,399773,1890,338351,Big Horn Federal Savings Bank,Greybull,29637,WY,56,8,29637
1,SI,0.9616784389539454,06/30/2026,8.67,234975,1101,201549,"First Federal Savings and Loan Association of Central Illinois, S.B.",Shelbyville,29645,IL,17,4,29645
1,SI,1.140654035845866,06/30/2026,7.13,1061434,5997,620818,"Great Midwest Bank, S.S.B.",Brookfield,29657,WI,55,5,29657
1,SI,0.21474503319567287,06/30/2026,2.16,773377,813,642221,CFSBANK,Charleroi,29672,PA,42,5,29672
1,SL,1.0248313613523237,06/30/2026,6.56,208350,1084,170186,"Paper City Savings Bank, S.A.",Wisconsin Rapids,29676,WI,55,4,29676
1,SI,1.390792851623838,06/30/2026,11.06,107901,744,93874,Nashville Savings Bank,Nashville,29677,IL,17,4,29677
1,SB,0.4527412933186919,06/30/2026,2.63,250131,492,164240,Anthem Bank & Trust,Plaquemine,29679,LA,22,4,29679
1,SB,0.31331948620001726,06/30/2026,1.87,2725901,4275,2121388,Home Federal Bank of Tennessee,Knoxville,29683,TN,47,9,29683
1,SB,0.41463389477375634,06/30/2026,1.87,32068,67,24784,Martinsville First Savings Bank,Martinsville,29685,VA,51,5,29685
1,NM,1.2742919003846467,06/30/2026,13.21,553577,3547,459869,First Federal Savings Bank,Huntington,29690,IN,18,4,29690
1,SI,0.5509670538350481,06/30/2026,7.3,129488,353,99737,KeySavings Bank,Wisconsin Rapids,29691,WI,55,5,29691
1,SB,0.3772390482950503,06/30/2026,3.63,387267,729,326548,Lincoln FSB of Nebraska,Lincoln,29692,NE,31,4,29692
1,SL,2.449454047865062,06/30/2026,20.98,386718,4678,320644,THE HOME LOAN SAVINGS BANK,Coshocton,29695,OH,39,4,29695
1,SM,1.3119991240457491,06/30/2026,15.28,202578,1358,175859,Buffalo Federal Bank,Buffalo,29696,WY,56,4,29696
1,SM,1.8467519844484044,06/30/2026,23.08,246068,2166,210117,Lewisburg Banking Company,Lewisburg,297,KY,21,8,297
1,SB,1.7493370699823512,06/30/2026,14.38,916376,7890,795321,Century Next Bank,Ruston,29700,LA,22,4,29700
1,SL,0.9896392229417206,06/30/2026,12.91,373826,1783,290445,First Federal Community Bank of Bucyrus,Bucyrus,29705,OH,39,4,29705
1,SB,1.290339469678739,06/30/2026,9.28,3198829,20045,1855075,"North American Savings Bank, F.S.B.",Grandview,29708,MO,29,5,29708
1,SI,0.5015052240127501,06/30/2026,4.82,94383,236,73577,First Federal Savings Bank of Washington,Washington,29710,IN,18,5,29710
1,NM,1.3185598686045112,06/30/2026,9.8,133102,859,104777,The Southern Bank Company,Gadsden,29731,AL,1,4,29731
1,SL,0.851575446723492,06/30/2026,8.52,213977,883,184981,Aroostook County Federal Savings and Loan Association,Caribou,29743,ME,23,6,29743
1,SB,-0.0880626888474328,06/30/2026,-1.11,576306,-259,472130,First Seacoast Bank,Dover,29744,NH,33,5,29744
1,SI,0.7844245506396228,06/30/2026,5.24,261059,990,197780,Marathon Bank,Wausau,29745,WI,55,4,29745
1,SB,0.6201095430118363,06/30/2026,4.64,209556,641,179514,Southern Hills Community Bank,Leesburg,29749,OH,39,5,29749
1,SI,1.3346769626348836,06/30/2026,16.6,874460,5715,785155,"KS Bank, Inc.",Smithfield,29771,NC,37,4,29771
1,SB,-0.8007759456838022,06/30/2026,-6.72,211974,-860,164300,Vidalia Federal Savings Bank,Vidalia,29772,GA,13,8,29772
1,SB,0.729155158536008,06/30/2026,5.01,43610,154,37088,Carrollton Federal Bank,Carrollton,29774,KY,21,8,29774
1,SI,1.6100916382915516,06/30/2026,15.38,1111708,8807,978635,First Federal Bank,Dickson,29782,TN,47,4,29782
1,SM,1.0841390271129359,06/30/2026,11.82,528482,2865,450485,High Country Bank,Salida,29783,CO,8,4,29783
1,N,1.859250921281578,06/30/2026,20.97,994585,8746,897198,"First Federal Community Bank, National Association",Dover,29787,OH,39,4,29787
1,SI,0.8386188744082326,06/30/2026,3.42,544528,2294,383324,Lisle Savings Bank,Lisle,29800,IL,17,5,29800
1,SB,0.9256878374903574,06/30/2026,3.56,286787,1314,201153,Catalyst Bank,Opelousas,29804,LA,22,4,29804
1,SI,0.14682663986898287,06/30/2026,0.99,787046,582,666579,First Savings Bank of Hegewisch,Chicago,29809,IL,17,5,29809
1,NM,0.39331408216175195,06/30/2026,2.03,157364,311,126212,Peoples Savings and Loan Company,Bucyrus,29813,OH,39,8,29813
1,SB,0.3276231145277502,06/30/2026,3.01,545081,891,451529,Milford Federal Bank,Milford,29835,MA,25,5,29835
1,SB,0.07630541768465561,06/30/2026,0.82,573808,218,499761,First Federal Savings and Loan Association of Lorain,Lorain,29838,OH,39,5,29838
1,NM,1.133185692295048,06/30/2026,13.33,616124,3401,548779,Crossroads Bank,Wabash,29839,IN,18,8,29839
1,SM,0.3717760049570134,06/30/2026,2.73,204999,384,140593,Commonwealth Co-operative Bank,Hyde Park,29842,MA,25,5,29842
1,SB,0.8126801584645129,06/30/2026,6.66,543451,2169,459006,Eaton Community Bank,Charlotte,29846,MI,26,4,29846
1,NM,1.4914036422580979,06/30/2026,15.46,1553716,11372,1388978,Main Street Bank Corp.,Wooster,29847,OH,39,4,29847
1,SB,0.27735634363739803,06/30/2026,1.14,28166,39,21244,"The Liberty Savings Association, FSA",Fort Scott,29857,KS,20,5,29857
1,NM,1.5695901126876355,06/30/2026,21.78,296788,2272,262276,SSB Community Bank,Strasburg,29858,OH,39,4,29858
1,N,0.5751117122613875,06/30/2026,6.86,692859,2014,632286,Baker-Boyer National Bank,Walla Walla,2987,WA,53,4,2987
1,SB,0.06847437525524046,06/30/2026,0.26,306647,102,198246,Dearborn Federal Savings Bank,Dearborn,29874,MI,26,5,29874
1,NM,1.0764351372419725,06/30/2026,11.72,383020,2046,344779,American Community Bank of Indiana,Saint John,29878,IN,18,4,29878
1,SB,0.6483958403458111,06/30/2026,7.23,433127,1403,370895,Home Bank SB,Martinsville,29881,IN,18,8,29881
1,SB,1.1436638730390685,06/30/2026,2.71,326012,1847,187912,Elizabethton Federal Savings Bank,Elizabethton,29904,TN,47,8,29904
1,NM,0.7940411862032626,06/30/2026,9.46,276522,1095,239318,Logansport Savings Bank,Logansport,29907,IN,18,2,29907
1,SL,0.30348882452120535,06/30/2026,1.75,76943,117,61056,Scottsburg Building and Loan Association,Scottsburg,29910,IN,18,5,29910
1,NM,-0.765013215400554,06/30/2026,-6.56,1468113,-5660,1266045,Riverview Bank,Vancouver,29922,WA,53,4,29922
1,SB,1.1038561991089262,06/30/2026,11,261789,1437,233667,Union Savings and Loan Association,Connersville,29933,IN,18,5,29933
1,SB,0.6994227319368146,06/30/2026,6.63,282640,1002,207812,First Federal Savings Bank of Kentucky,Frankfort,29937,KY,21,5,29937
1,SI,0.2885131457670774,06/30/2026,1.94,871758,1274,577800,Bogota Savings Bank,Teaneck,29941,NJ,34,5,29941
1,N,0.9991464045885665,06/30/2026,7.54,103964782,523232,84392829,"Santander Bank, N.A.",Wilmington,29950,DE,10,9,29950
1,NM,-2.26027397260274,06/30/2026,-8.84,8593,-99,6354,The Equitable Savings and Loan Company,Cadiz,29966,OH,39,5,29966
1,SL,0.7158072294367613,06/30/2026,8.58,189320,662,172533,The Peoples Savings Bank,Urbana,29975,OH,39,5,29975
1,SL,-3.960729736561499,06/30/2026,-45.13,111234,-2272,100060,Midland Federal Savings and Loan Association,Bridgeview,29980,IL,17,8,29980
1,SL,1.6008706225802707,06/30/2026,7.04,398614,3197,255746,Mutual Savings Association,Leavenworth,29988,KS,20,4,29988
1,SI,0.770209906638417,06/30/2026,6.59,648020,2495,559094,Phoenixville Federal Bank and Trust,Phoenixville,29995,PA,42,4,29995
1,SB,0.6047460763592923,06/30/2026,6.13,18062658,53438,10184580,Third Federal Savings and Loan Association of Cleveland,Cleveland,30012,OH,39,5,30012
1,SI,0.2943618386293305,06/30/2026,1.3,17893,26,13800,Huntingdon Savings Bank,Huntingdon,30031,PA,42,5,30031
1,SI,-0.3529848097213011,06/30/2026,-4.03,986876,-1775,861538,Haven Savings Bank,Hoboken,30039,NJ,34,4,30039
1,SI,0.7208546535748859,06/30/2026,7.69,79471,278,60824,Beardstown Savings s.b.,Beardstown,30043,IL,17,5,30043
1,SB,0.4806145563179147,06/30/2026,4.15,159477,366,141357,First Federal Savings and Loan Association of Greensburg,Greensburg,30058,IN,18,5,30058
1,SL,0.7710828449550589,06/30/2026,2.44,42721,166,19451,"Peoples Community Bank SB of Monticello, Indiana",Monticello,30065,IN,18,5,30065
1,SM,0.6765551687604057,06/30/2026,4.56,42039,149,34590,Cornerstone Bank,Clarinda,30067,IA,19,8,30067
1,SI,0.19539047984422292,06/30/2026,1.38,151213,146,118044,Schuyler Savings Bank,Kearny,30072,NJ,34,5,30072
1,SL,0.6344673193545012,06/30/2026,5.41,4036255,12795,3039745,"Spencer Savings Bank, SLA",Elmwood Park,30076,NJ,34,4,30076
1,NM,0.7911118055145371,06/30/2026,6.12,176211,692,146446,Mercer Savings Bank,Celina,30084,OH,39,5,30084
1,SI,0.6814429730584144,06/30/2026,4.96,113969,388,87226,Monroe Savings Bank,Williamstown,30103,NJ,34,5,30103
1,SB,0.7593869915006036,06/30/2026,6.18,679380,2541,571155,Oconee Federal Savings and Loan Association,Seneca,30111,SC,45,5,30111
1,SI,0.2951498154684283,06/30/2026,2.5,648920,977,511699,Reliance Savings Bank,Altoona,30117,PA,42,4,30117
1,SI,0.4702116913347094,06/30/2026,3.81,247143,571,210034,PennCrest Bank,Altoona,30119,PA,42,5,30119
1,SI,0.4085299541349473,06/30/2026,1.95,105248,216,75538,Investment Savings Bank,Altoona,30121,PA,42,5,30121
1,SI,0.4766095084072585,06/30/2026,5.37,71510,167,53083,Boonville Federal Savings Bank,Boonville,30128,IN,18,5,30128
1,SB,0.1949813496100373,06/30/2026,1,190109,184,149126,Citizens Federal Savings Bank,Leavenworth,30150,KS,20,5,30150
1,SI,0.3114700662779327,06/30/2026,2.57,28089,43,24503,Milford Building and Loan Association,Milford,30152,IL,17,5,30152
1,SI,0.8164216666719163,06/30/2026,3.57,316317,1296,222444,Sewickley Savings Bank,Sewickley,30154,PA,42,7,30154
1,SB,0.9420235522800521,06/30/2026,3.89,597767,2785,443975,"Hatboro Federal Savings, FA",Hatboro,30155,PA,42,5,30155
1,SB,0.8068005150106303,06/30/2026,4.4,456656,1812,308242,Cullman Savings Bank,Cullman,30167,AL,1,4,30167
1,SM,2.2192925058588933,06/30/2026,22.57,643130,5715,567020,High Plains Bank,Flagler,3017,CO,8,4,3017
1,NM,0.5533268778530916,06/30/2026,4.66,45324,120,37791,Home Savings Bank of Wapakoneta,Wapakoneta,30176,OH,39,5,30176
1,N,0.8909755964404652,06/30/2026,6.77,30682,136,24954,The First National Bank of Fleming,Fleming,3018,CO,8,2,3018
1,SM,0.8521268576547574,06/30/2026,7.28,2122995,8970,1806435,Opportunity Bank of Montana,Helena,30182,MT,30,4,30182
1,SI,0.3300552070760038,06/30/2026,2.82,169906,278,149247,Millville Savings Bank,Millville,30183,NJ,34,5,30183
1,NM,1.539119281744335,06/30/2026,12.38,126515,960,109906,Rocky Mountain Bank & Trust,Florence,3019,CO,8,4,3019
1,NM,0.1851026907707958,06/30/2026,2.41,254878,232,216848,Hometown Bank,Kent,30219,OH,39,4,30219
1,N,1.085755332080893,06/30/2026,18.15,125721,655,118299,Chester National Bank,Chester,30220,IL,17,8,30220
1,SI,0.4612456393460728,06/30/2026,3.64,525421,1225,446507,Cross County Savings Bank,Middle Village,30260,NY,36,5,30260
1,SI,1.2831806617343575,06/30/2026,9.5,329090,2083,282365,Citizens Savings Bank,Bogalusa,30270,LA,22,8,30270
1,SI,0.5610611675415724,06/30/2026,3.22,67893,189,55688,"First Federal Bank Littlefield, Texas",Littlefield,30291,TX,48,2,30291
1,NM,1.9291761683835285,06/30/2026,17.69,460172,4416,399334,United Cumberland Bank,Whitley City,303,KY,21,4,303
1,SB,1.0953934912606198,06/30/2026,3.16,2211470,12121,1402049,Maspeth Federal Savings and Loan Association,Maspeth,30303,NY,36,4,30303
1,NM,1.4524806296965098,06/30/2026,17.96,877585,6215,767981,Points West Community Bank,Windsor,3031,CO,8,2,3031
1,SI,-0.3866211563100576,06/30/2026,-8.08,265761,-515,226215,East Wisconsin Savings Bank,Kaukauna,30313,WI,55,5,30313
1,SB,0.5320684333818126,06/30/2026,3.13,485771,1278,390348,First Federal Savings Bank of Lincolnton,Lincolnton,30315,NC,37,5,30315
1,SI,0.41963072496203346,06/30/2026,1.43,67904,140,46981,Abbeville Building & Loan (A State-Chartered Savings Bank),Abbeville,30332,LA,22,8,30332
1,SB,1.1420261754726126,06/30/2026,9.86,106435,589,84921,Beauregard Federal Savings Bank,Deridder,30339,LA,22,4,30339
1,N,2.0836054728485527,06/30/2026,19.69,634277,6593,532445,First National Bank Colorado,Las Animas,3034,CO,8,2,3034
1,SB,0.8564185471155903,06/30/2026,7.97,661897,2782,494298,The Bank of Bennington,Bennington,30350,VT,50,5,30350
1,SI,-18.93006226533896,06/30/2026,-80.79,137043,-13529,106468,Streator Home Savings Bank,Streator,30357,IL,17,5,30357
1,SB,0.31616387827690684,06/30/2026,1.32,55875,88,41565,First Savings and Loan Association,Mebane,30358,NC,37,5,30358
1,SI,0.16143074008775882,06/30/2026,1.66,311144,246,251201,1st Bank of Sea Isle City,Sea Isle City,30367,NJ,34,5,30367
1,NM,1.8932000222840084,06/30/2026,18.97,19222073,181130,16901080,FirstBank Puerto Rico,Santurce,30387,PR,72,4,30387
1,SL,0.300998768641401,06/30/2026,2.34,102234,154,83448,Gunnison Savings and Loan Association,Gunnison,30388,CO,8,5,30388
1,SB,-0.7242754413691986,06/30/2026,-10.1,658052,-2451,580609,Carver Federal Savings Bank,New York,30394,NY,36,4,30394
1,SB,0.26256892434263995,06/30/2026,1.26,53076,70,36348,Tecumseh Federal Bank,Tecumseh,30395,NE,31,2,30395
1,SB,0.31679065168718423,06/30/2026,2.13,685729,1060,512024,Geddes Federal Savings and Loan Association,Syracuse,30397,NY,36,5,30397
1,NM,0.7316457825245984,06/30/2026,4.77,70405,261,59174,Clinton Bank,Clinton,304,KY,21,2,304
1,SI,0.5799706154362945,06/30/2026,5.31,3069584,8814,2464900,Penn Community Bank,Doylestown,30401,PA,42,4,30401
1,SI,0.675204141888305,06/30/2026,7.5,334060,1132,301345,Franklin Bank,Pilesgrove,30402,NJ,34,4,30402
1,SB,0.9838476678240877,06/30/2026,4.42,285907,1378,205923,First Federal Bank of Wisconsin,Waukesha,30422,WI,55,4,30422
1,SI,0.5264133919068227,06/30/2026,5.39,634824,1689,489679,Century Savings Bank,Vineland,30428,NJ,34,4,30428
1,SB,1.0853487907255646,06/30/2026,7.29,199862,1086,148165,Massena Savings and Loan,Massena,30429,NY,36,5,30429
1,SI,1.2453946344247833,06/30/2026,17.29,430423,2560,378466,SSB Bank,Pittsburgh,30431,PA,42,4,30431
1,SI,0.3679102516469874,06/30/2026,1.43,114484,203,77658,"Morganton Savings Bank, S.S.B.",Morganton,30434,NC,37,8,30434
1,SL,0.32213880749692253,06/30/2026,2.97,1148244,1858,991556,First Federal Bank of Louisiana,Lake Charles,30441,LA,22,4,30441
1,SL,-1.3188432968496453,06/30/2026,-4.72,50820,-340,36118,Rayne Building and Loan Association,Rayne,30447,LA,22,5,30447
1,SI,0.6687779570663116,06/30/2026,7.18,3586933,11672,3117081,Manasquan Bank,Manasquan,30470,NJ,34,4,30470
1,SI,1.2698111504048308,06/30/2026,10.22,216709,1383,187142,Crossbridge Community Bank,Tomahawk,30516,WI,55,5,30516
1,NM,1.1346546561939639,06/30/2026,6.95,735882,4132,599082,Lake Shore Bank,Dunkirk,30530,NY,36,4,30530
1,SI,0.5295613698916489,06/30/2026,4.46,1442022,3724,1104915,Marquette Savings Bank,Erie,30544,PA,42,5,30544
1,SB,0.022701068742420533,06/30/2026,0.08,166532,19,120918,Westmoreland Federal Savings and Loan Association,Latrobe,30551,PA,42,5,30551
1,SI,1.3840337928638113,06/30/2026,10.36,84181,551,72943,Mayville Savings Bank,Mayville,30585,WI,55,8,30585
1,SM,0.8983597059782017,06/30/2026,9.83,182362,827,164325,F&M Bank and Trust Company,Hannibal,30595,MO,29,4,30595
1,NM,0.9825901608114933,06/30/2026,10.48,415985,2046,359683,Bank of Zachary,Zachary,306,LA,22,4,306
1,SI,0.8365471047061211,06/30/2026,9.66,138788,577,114370,"Abbeville First Bank, SSB",Abbeville,30619,SC,45,5,30619
1,N,1.0755227341033018,06/30/2026,9.16,243414,1336,205475,First Pioneer National Bank,Wray,3063,CO,8,2,3063
1,SI,0.7193280054095331,06/30/2026,5.68,342739,1234,256436,Greenville Savings Bank,Greenville,30637,PA,42,5,30637
1,SI,0.42057330782487706,06/30/2026,5.29,63195,133,57896,North County Savings Bank,Red Bud,30656,IL,17,8,30656
1,SM,1.7661666809300787,06/30/2026,15.35,15234117,135210,13300183,First Financial Bank,Abilene,3066,TX,48,4,3066
1,N,2.3561436882848072,06/30/2026,23.12,1025678,11884,911975,"Clear Fork Bank, National Association",Albany,3067,TX,48,4,3067
1,SB,0.7733011477165261,06/30/2026,4.55,366549,1401,303363,First Shore Federal Savings and Loan Association,Salisbury,30680,MD,24,5,30680
1,NM,0.42630302714259644,06/30/2026,4.35,99941,218,85526,Peoples First Savings Bank,Mason,30688,OH,39,5,30688
1,NM,0.7169037508275072,06/30/2026,6.08,191856,666,167134,"BankPacific, Ltd",Hagatna,30692,GU,66,8,30692
1,NM,0.7164954630123855,06/30/2026,7.08,229830,877,203965,Landmark Bank,Clinton,307,LA,22,4,307
1,SI,1.2465698757955626,06/30/2026,10.95,1047615,6565,860391,Magyar Bank,New Brunswick,30704,NJ,34,4,30704
1,SL,0.10575151136534991,06/30/2026,0.68,168344,90,128195,Equitable Savings and Loan Association,Sterling,30707,CO,8,5,30707
1,SB,0.3560022850543495,06/30/2026,2.01,388009,672,275101,Universal Bank,West Covina,30722,CA,6,4,30722
1,N,1.391213389121339,06/30/2026,12.22,230385,1596,203187,The First National Bank of Anderson,Anderson,3075,TX,48,4,3075
1,N,2.814246958676693,06/30/2026,23.28,7313151,103143,5952921,"Pathward, National Association",Sioux Falls,30776,SD,46,4,30776
1,N,2.5532159045269376,06/30/2026,34.22,105211,1335,97197,The First National Bank of Anson,Anson,3078,TX,48,7,3078
1,NM,1.1964190954489509,06/30/2026,8.91,31577225,189932,24860896,Glacier Bank,Kalispell,30788,MT,30,4,30788
1,N,1.0873195167468814,06/30/2026,27.66,133878,738,127989,The First National Bank of Aspermont,Aspermont,3079,TX,48,2,3079
1,SB,0.42007985206723736,06/30/2026,4.49,381437,797,276159,First Federal Savings and Loan Association,Pascagoula,30812,MS,28,5,30812
1,SI,0.6665220699366184,06/30/2026,6.56,288387,968,226480,Community Partners Savings Bank,Salem,30819,IL,17,8,30819
1,N,1.5414935020101432,06/30/2026,15.26,275275,2121,244941,The First National Bank of Ballinger,Ballinger,3087,TX,48,4,3087
1,SL,0.3210723293732237,06/30/2026,2.75,103234,164,73776,Bar Harbor Savings and Loan Association,Bar Harbor,30878,ME,23,5,30878
1,SB,0.6391647721456416,06/30/2026,6.46,1208112,3892,916825,"Provident Savings Bank, F.S.B.",Riverside,30879,CA,6,4,30879
1,SL,0.6875365710942072,06/30/2026,7.69,109903,376,79063,The Peoples Savings and Loan Company,West Liberty,30889,OH,39,5,30889
1,N,1.1574512374528387,06/30/2026,11.9,3298672,19276,2585726,"Fidelity Bank, National Association",Wichita,30895,KS,20,4,30895
1,N,1.4606749217379371,06/30/2026,16.12,1180522,8230,1068089,The First National Bank of Bastrop,Bastrop,3091,TX,48,4,3091
1,N,0.5984703851474169,06/30/2026,3.31,117146,349,94865,Mid-Central National Bank,Wadena,30943,MN,27,6,30943
1,SB,0.9331487167681719,06/30/2026,6.92,2438455,11485,2091824,"El Dorado Savings Bank, F.S.B.",Placerville,30953,CA,6,5,30953
1,SM,0.853115118001123,06/30/2026,8.73,207280,866,185301,First FSB of Mascoutah,Mascoutah,30969,IL,17,4,30969
1,SL,0.6155088206250501,06/30/2026,3.87,198858,615,157619,Gouverneur Savings and Loan Association,Gouverneur,30976,NY,36,5,30976
1,SM,0.3737313081855555,06/30/2026,3.28,257603,445,228505,Cendera Bank,Bells,3098,TX,48,4,3098
1,SL,0.1793111025655112,06/30/2026,0.88,154402,136,123035,Spratt Savings Bank,Chester,30987,SC,45,7,30987
1,SB,-1.232882200945736,06/30/2026,-6.99,782039,-5231,442757,Cenlar FSB,Ewing,30996,NJ,34,5,30996
1,NM,0.8496488394246527,06/30/2026,11.05,691865,2872,617506,HomeTown  Bank,Carver,31028,MN,27,4,31028
1,N,1.7889382654054555,06/30/2026,18.14,640047,5605,574872,The State National Bank of Big Spring,Big Spring,3103,TX,48,7,3103
1,NM,1.2828327413105773,06/30/2026,20.27,288388,1831,269139,Interstate Bank,Perryton,31043,TX,48,4,31043
1,SB,0.2899222725220553,06/30/2026,4.33,275578,396,250513,First Federal Bank,Dunn,31077,NC,37,4,31077
1,N,1.9544550172198856,06/30/2026,20.51,1271315,12153,1128503,"Legend Bank, N.A.",Bowie,3108,TX,48,4,3108
1,SL,0.2136391068195534,06/30/2026,1.84,167090,177,147127,Jarrettsville Federal Savings and Loan Association,Jarrettsville,31083,MD,24,4,31083
1,SB,0.7014557407842217,06/30/2026,7.43,138289,478,117237,"Pickens Savings and Loan Association, FA",Pickens,31089,SC,45,5,31089
1,N,1.227712973928844,06/30/2026,15.07,167712,1009,153248,The Brady National Bank,Brady,3109,TX,48,8,3109
1,SB,0.2900101848814928,06/30/2026,1.81,58512,84,40555,Blue Grass Federal Savings and Loan Association,Paris,31090,KY,21,5,31090
1,N,2.8983908691412372,06/30/2026,31.84,425387,5781,365224,The Commercial National Bank of Brady,Brady,3110,TX,48,4,3110
1,NM,0.8636902009389413,06/30/2026,9.08,1539653,6699,1361491,Security Federal Bank,Aiken,31100,SC,45,4,31100
1,SB,0.7421504398448333,06/30/2026,9.71,182603,661,120362,"First Federal Bank, A FSB",Tuscaloosa,31127,AL,1,5,31127
1,N,1.4116363565521473,06/30/2026,14.81,517689,3623,464456,The Brenham National Bank,Brenham,3113,TX,48,4,3113
1,NM,1.6184164023264846,06/30/2026,14.39,385970,3091,327579,Security Federal Savings Bank of McMinnville,Mcminnville,31146,TN,47,4,31146
1,NM,1.885717077301373,06/30/2026,18.75,317340,2895,271443,First Southern Bank,Columbia,31158,MS,28,8,31158
1,SB,0.24433359456464912,06/30/2026,1.63,358979,437,304014,Citizens Savings Bank,Clarks Summit,31184,PA,42,5,31184
1,N,1.150031129407334,06/30/2026,7.44,3485007,19146,2287013,"Ponce Bank, National Association",Bronx,31189,NY,36,4,31189
1,SB,0.9484547405085882,06/30/2026,4.44,81296,403,56611,First Federal Savings and Loan Association,Hazard,31197,KY,21,5,31197
1,SB,1.2373993453275234,06/30/2026,8.18,203872,1267,162267,"Greeneville Federal Bank, FSB",Greeneville,31198,TN,47,4,31198
1,NM,1.8898308686865568,06/30/2026,13.66,703566,6521,603447,First Bank,Burkburnett,3121,TX,48,4,3121
1,SM,1.1411355847666242,06/30/2026,10.42,491321,2837,429688,LifeStore Bank,West Jefferson,31217,NC,37,8,31217
1,NM,1.4192100496512534,06/30/2026,13.47,1287594,9081,1139939,First Harrison Bank,Corydon,31223,IN,18,4,31223
1,SB,0.6102642341568482,06/30/2026,2.72,78964,238,60251,Highland Federal Savings and Loan Association,Crossville,31232,TN,47,8,31232
1,NM,0.8542640063208534,06/30/2026,9.4,608940,2521,547905,Hearthside Bank Corporation,Middlesboro,31236,KY,21,4,31236
1,N,1.3860592938885818,06/30/2026,12.52,657456,4556,576166,"Classic Bank, National Association",Cameron,3126,TX,48,4,3126
1,SI,0.21795803239454675,06/30/2026,0.96,31872,34,24670,"Jackson Savings Bank, SSB",Sylva,31266,NC,37,5,31266
1,SB,0.3635890142030088,06/30/2026,1.41,67306,121,49969,Homewood Federal Savings Bank,Baltimore,31267,MD,24,4,31267
1,N,1.6069036461762525,06/30/2026,12.99,691811,5410,603962,Citizens National Bank,Cameron,3127,TX,48,4,3127
1,SM,0.7613048419626123,06/30/2026,7.72,357502,1352,301042,Community Bank,Lexington,31272,TN,47,4,31272
1,SB,1.193388084602943,06/30/2026,11.61,4485958,26213,3438371,First Federal Bank,Lake City,31313,FL,12,9,31313
1,SL,0.5849265826686186,06/30/2026,2.79,100502,291,77303,West Plains Savings and Loan Association,West Plains,31329,MO,29,5,31329
1,NM,1.3455598917805924,06/30/2026,16.24,83872,562,76271,The First Bank of Celeste,Celeste,3133,TX,48,7,3133
1,SI,-0.1189551770284336,06/30/2026,-1.09,20682,-12,18481,"Hertford Savings Bank, SSB",Hertford,31345,NC,37,5,31345
1,SL,-2.405678471007633,06/30/2026,-5.67,501794,-6836,255281,"Colonial Savings, F.A.",Fort Worth,31361,TX,48,7,31361
1,N,0.16579730035896556,06/30/2026,1.42,732391,633,636421,"Axiom Bank, National Association",Maitland,31390,FL,12,4,31390
1,NM,1.1491444157525244,06/30/2026,10.61,51815,290,44991,The Mer Rouge State Bank,Mer Rouge,314,LA,22,2,314
1,NM,2.272823977245576,06/30/2026,23.21,309769,3472,273431,Citizens Bank,Amarillo,3140,TX,48,2,3140
1,SB,0.09499640370757392,06/30/2026,0.51,222117,105,178320,First Federal Savings and Loan Association of San Rafael,San Rafael,31406,CA,6,4,31406
1,SB,0.5386611821164488,06/30/2026,2.09,41325,110,30324,First Federal Savings and Loan Association,Morehead,31409,KY,21,4,31409
1,SL,0.6061719324026451,06/30/2026,6.75,151554,451,134339,"1st Federal Savings Bank of SC, Inc.",Walterboro,31410,SC,45,5,31410
1,N,1.2443409398754914,06/30/2026,10.12,452420,2782,396035,The City National Bank of Colorado City,Colorado City,3144,TX,48,4,3144
1,SI,1.503338014158477,06/30/2026,15.24,963589,7171,719195,Harleysville Bank,Harleysville,31461,PA,42,4,31461
1,NM,1.8033874575982538,06/30/2026,16.6,12043258,109387,9992550,Oriental Bank,San Juan,31469,PR,72,9,31469
1,SM,1.0952957414161353,06/30/2026,10.5,523535,2841,448492,Equitable Bank,Grand Island,31485,NE,31,4,31485
1,SM,2.304083424074136,06/30/2026,24.19,190897,2183,170671,Progressive Ozark Bank,Salem,31488,MO,29,2,31488
1,N,0.8991131793836158,06/30/2026,6.95,57308,256,49676,The First National Bank in Cooper,Cooper,3149,TX,48,8,3149
1,SB,0.9748878337549425,06/30/2026,10.85,686611,3331,540425,First Federal Savings Bank,Rochester,31516,IN,18,5,31516
1,NM,0.7791730106879817,06/30/2026,5.42,267339,1038,228144,The Wilmington Savings Bank,Wilmington,31539,OH,39,5,31539
1,NM,0.7463139753783397,06/30/2026,6.89,160232,594,141133,Central Bank,Savannah,31545,TN,47,4,31545
1,N,2.1606755334006578,06/30/2026,12.86,77612,838,64049,Citizens National Bank of Crosbyton,Crosbyton,3158,TX,48,2,3158
1,N,1.4192429013189607,06/30/2026,14.45,936370,6713,811917,Texas Heritage National Bank,Daingerfield,3161,TX,48,4,3161
1,SM,1.772997330484725,06/30/2026,17.7,84318631,728273,70314669,East West Bank,Pasadena,31628,CA,6,4,31628
1,SI,0.9223201475712236,06/30/2026,9.08,397064,1815,353497,Volunteer Federal Savings Bank,Madisonville,31694,TN,47,5,31694
1,NM,1.492343662015689,06/30/2026,11.5,269793,1917,232912,Farmers and Merchants Bank,De Leon,3170,TX,48,8,3170
1,NM,1.2344077696251081,06/30/2026,10.56,174436,1031,150399,RiverBank,Pocahontas,31711,AR,5,2,31711
1,SB,-1.2887180646619942,06/30/2026,-11.39,25738,-171,20060,"Home Savings Bank, FSB",Ludlow,31723,KY,21,5,31723
1,NM,1.2584692154352901,06/30/2026,11.79,180242,1129,159251,Greater State Bank,Mcallen,31762,TX,48,4,31762
1,SL,0.37885711437164554,06/30/2026,2.67,40459,76,33923,Home Federal Savings and Loan Association,Bamberg,31774,SC,45,5,31774
1,N,1.5558384273204282,06/30/2026,14.17,167651,1318,147707,The First National Bank of Eagle Lake,Eagle Lake,3179,TX,48,2,3179
1,SM,0.2207067379067792,06/30/2026,1.95,1007399,1112,837457,MapleMark Bank,Tulsa,3182,OK,40,4,3182
1,SB,0.5478282522855821,06/30/2026,4.84,355678,924,306646,"Interamerican Bank, A FSB",Miami,31823,FL,12,4,31823
1,N,3.2724313949415995,06/30/2026,27.17,934933,15464,810853,NewFirst National Bank,El Campo,3183,TX,48,4,3183
1,N,3.479888384158742,06/30/2026,22.77,119617,2039,100136,"Lone Oak Bank, National Association",Eldorado,3184,TX,48,4,3184
1,SM,1.0082415468685026,06/30/2026,10.3,1123486,5613,879692,Financial Federal Bank,Memphis,31840,TN,47,4,31840
1,SB,0.3862586854257477,06/30/2026,3.57,280353,537,246859,"Grand Bank for Savings, FSB",Hattiesburg,31864,MS,28,5,31864
1,N,2.3170016894803984,06/30/2026,24.41,199410,2240,180377,The First National Bank of Evant,Evant,3190,TX,48,8,3190
1,SI,0.09618416625415521,06/30/2026,0.63,191277,91,125892,CBL State Savings Bank,Greer,31900,SC,45,5,31900
1,SI,0.59104446659101,06/30/2026,5.3,235541,684,192871,"Cypress Bank, SSB",Pittsburg,31905,TX,48,8,31905
1,SM,0.8496477502035613,06/30/2026,8.66,398049,1720,348497,First Sentinel Bank,Richlands,31928,VA,51,6,31928
1,N,2.0326152120358225,06/30/2026,12.81,597107,6052,498014,The Falls City National Bank,Falls City,3193,TX,48,5,3193
1,SI,1.8824362875016605,06/30/2026,19.31,551829,4960,495195,"Fayette Savings Bank, SSB",La Grange,31936,TX,48,5,31936
1,SB,1.0354038774594387,06/30/2026,12.45,6523938,33602,5681578,TrustCo Bank,Glenville,31945,NY,36,5,31945
1,N,2.8889332159207566,06/30/2026,29.89,216947,2969,195287,First Texas National Bank,Floydada,3197,TX,48,2,3197
1,SB,2.310556341516979,06/30/2026,13.65,63543,754,40559,First Western Federal Savings Bank,Rapid City,31972,SD,46,5,31972
1,SB,0.2773812253593011,06/30/2026,4.17,180840,250,167727,Slovenian Savings and Loan Association of Franklin-Conemaugh,Conemaugh,31994,PA,42,5,31994
1,SM,1.3327191670342442,06/30/2026,8.93,613167,4094,479216,Madison County Bank,Madison,31999,NE,31,2,31999
1,SI,1.013320702413722,06/30/2026,9.09,86908,435,76677,"Angelina Savings Bank, SSB",Lufkin,32018,TX,48,8,32018
1,SM,1.195054223094308,06/30/2026,11.53,295963,1819,260253,United Bank,Springdale,32025,AR,5,4,32025
1,N,1.028060129971555,06/30/2026,9.15,726942,3710,638588,"Texas Gulf Bank, National Association",Houston,3206,TX,48,4,3206
1,N,1.7234921022394873,06/30/2026,14.53,330259,2730,283073,"VIKING BANK, NATIONAL ASSOCIATION",Alexandria,32082,MN,27,4,32082
1,NM,2.193309505219215,06/30/2026,18.94,1031498,11241,897846,Grand Savings Bank,Grove,32084,OK,40,4,32084
1,N,0.9598744419787861,06/30/2026,6.77,1543622,7388,1314779,The Moody National Bank,Galveston,3210,TX,48,4,3210
1,SI,1.5303893800518178,06/30/2026,14.42,457435,3486,367298,"Shelby Savings Bank, SSB",Center,32135,TX,48,2,32135
1,N,1.3162234253761673,06/30/2026,14.11,356153,2348,315085,First National Bank of Giddings,Giddings,3217,TX,48,2,3217
1,N,1.4479434202529926,06/30/2026,16.14,594788,4372,536675,The First National Bank of East Texas,Gilmer,3218,TX,48,4,3218
1,SB,0.8967197472880711,06/30/2026,17.44,106188000,484000,91971000,USAA Federal Savings Bank,Phoenix,32188,AZ,4,9,32188
1,N,0.6812029387965773,06/30/2026,7.79,374499,1267,340372,"Gilmer National Bank, Gilmer, Texas",Gilmer,3219,TX,48,4,3219
1,NM,0.07438457908361036,06/30/2026,0.72,959783,367,846129,Summit State Bank,Santa Rosa,32203,CA,6,4,32203
1,SB,0.3630882422885627,06/30/2026,4.84,1111698,2023,961320,"Liberty Savings Bank, F.S.B.",Wilmington,32242,OH,39,5,32242
1,SB,0.6100169077687516,06/30/2026,5.92,12696318,38319,10012481,"Dollar Bank, Federal Savings Bank",Pittsburgh,32245,PA,42,4,32245
1,N,10.966110927825559,06/30/2026,97.55,896113,47643,771503,"Titan Bank, N.A.",Mineral Wells,3225,TX,48,8,3225
1,SB,0.2654606233408711,06/30/2026,1.48,320732,423,257900,Abacus Federal Savings Bank,New York,32257,NY,36,5,32257
1,SM,1.5006484157212732,06/30/2026,13.43,992919,7348,868790,Ciera Bank,Graham,3226,TX,48,4,3226
1,NM,0.5815191922634516,06/30/2026,3.35,125822,364,88117,Eastern International Bank,Los Angeles,32277,CA,6,4,32277
1,N,1.3249001954992514,06/30/2026,12.51,946349,6367,835284,The First National Bank of Granbury,Granbury,3228,TX,48,4,3228
1,SB,1.6862863690464631,06/30/2026,10.19,1448853,12156,942080,Malaga Bank F.S.B.,Palos Verdes Peninsula,32282,CA,6,4,32282
1,NM,0.4505561552541419,06/30/2026,3.22,119636,256,94983,Community Savings Bank,Bethel,32286,OH,39,4,32286
1,NM,1.0994258553866314,06/30/2026,13.4,123300,660,112687,Woodsfield Savings Bank,Woodsfield,32292,OH,39,5,32292
1,NM,0.9728750075515014,06/30/2026,4.49,148311,671,114923,Miami Savings Bank,Miamitown,32293,OH,39,5,32293
1,SL,2.0126837904020864,06/30/2026,19.84,4019642,40504,3534911,Union Savings Bank,Cincinnati,32296,OH,39,5,32296
1,NM,2.4417382063206134,06/30/2026,21.28,729344,8639,639641,Grandview Bank,Grandview,3230,TX,48,4,3230
1,NM,0.4816528297103746,06/30/2026,4.4,78524,190,63306,Galion Building and Loan Bank,Galion,32307,OH,39,5,32307
1,N,-0.6342332184452957,06/30/2026,-5.8,53472,-165,47224,The Granger National Bank,Granger,3232,TX,48,4,3232
1,SI,0.8772818867969523,06/30/2026,13.15,232385,981,215067,"Taylorsville Savings Bank, SSB",Taylorsville,32348,NC,37,5,32348
1,SB,2.2746453021696267,06/30/2026,7.46,336412,4007,207967,"Eastern Savings Bank, FSB",Hunt Valley,32360,MD,24,4,32360
1,SB,0.4885664705326675,06/30/2026,5.49,1012028,2517,897144,"Presidential Bank, FSB",Bethesda,32363,MD,24,4,32363
1,N,0.8313885647607935,06/30/2026,6.78,55132,247,47675,State National Bank,Groom,3237,TX,48,2,3237
1,NM,2.402380448604622,06/30/2026,19.17,466261,5696,401331,Citizens Bank,Columbia,324,MS,28,8,324
1,N,0.8581808989619029,06/30/2026,6.28,523437,2218,430765,"United Midwest Savings Bank, National Association",Degraff,32441,OH,39,4,32441
1,SB,1.4402616294809643,06/30/2026,15.76,657840,4655,572471,Homeland Federal Savings Bank,Columbia,32459,LA,22,4,32459
1,N,1.2125321848070925,06/30/2026,9.43,101984,602,88275,The First National Bank of Hebbronville,Hebbronville,3248,TX,48,7,3248
1,N,1.6085178694705538,06/30/2026,14.09,4582833,36348,4023786,"VeraBank, National Association",Henderson,3250,TX,48,4,3250
1,N,1.2351358105274006,06/30/2026,16.36,9049160,55728,8235227,"American Savings Bank, National Association",Honolulu,32526,HI,15,4,32526
1,NM,1.0097522601969304,06/30/2026,5.57,868706,4499,689121,BayVanguard Bank,Baltimore,32527,MD,24,4,32527
1,NM,1.8536610122181763,06/30/2026,20.9,269549,2435,241345,South Georgia Bank,Glennville,32532,GA,13,4,32532
1,N,0.1265292124446921,06/30/2026,1.36,87714456,55326,67521229,"Flagstar Bank, National Association",Hicksville,32541,NY,36,4,32541
1,N,1.209012318238714,06/30/2026,17.69,224367,1378,206906,The Citizens National Bank of Hillsboro,Hillsboro,3255,TX,48,7,3255
1,N,1.8241262457688405,06/30/2026,15.94,12476843,108823,10854299,"Happen Bank, National Association",Lehi,32551,UT,49,6,32551
1,SI,1.7387563733341622,06/30/2026,20.71,2553778,21261,2207935,"Horizon Bank, SSB",Austin,3256,TX,48,4,3256
1,NM,4.063214467881584,06/30/2026,12.77,3160448,66888,912992,Monet Bank,Plano,32574,TX,48,9,32574
1,N,1.372369035771598,06/30/2026,12.4,4329072,28773,3567294,"NATIONAL COOPERATIVE BANK, N.A.",Hillsboro,32612,OH,39,4,32612
1,SB,2.606229464194615,06/30/2026,13.74,1594265,20520,1271746,First Savings Bank,Beresford,32629,SD,46,4,32629
1,NM,1.3512449714349923,06/30/2026,13.67,2999288,20083,2622932,Northwest Bank,Spencer,32647,IA,19,4,32647
1,N,2.183609043128106,06/30/2026,20.51,319529,3485,283124,The First National Bank of Hughes Springs,Hughes Springs,3268,TX,48,4,3268
1,N,1.739984014642451,06/30/2026,13.05,584870,5105,501617,First National Bank of Huntsville,Huntsville,3269,TX,48,4,3269
1,NM,1.2196938248444884,06/30/2026,7.14,198973,1283,161749,Merchants and Planters Bank,Raymond,327,MS,28,4,327
1,NM,1.0892330835158832,06/30/2026,11.76,1192829,6343,1073652,Helm Bank USA,Miami,32718,FL,12,5,32718
1,N,1.4585546923512123,06/30/2026,17.91,283161,2114,256048,The Jacksboro National Bank,Jacksboro,3275,TX,48,2,3275
1,N,2.08396825267481,06/30/2026,13.87,3331259,34099,2798244,"Austin Bank, Texas National Association",Jacksonville,3276,TX,48,4,3276
1,NM,1.1314072426296764,06/30/2026,8.52,31129348,174103,26145043,Eastern Bank,Boston,32773,MA,25,4,32773
1,NM,1.0166782309253977,06/30/2026,9.66,3856103,19781,3394809,Bank of Marin,Novato,32779,CA,6,4,32779
1,N,0.6110505933249695,06/30/2026,6.94,577379,1738,525528,The Karnes County National Bank of Karnes City,Karnes City,3279,TX,48,4,3279
1,N,1.2137600244767637,06/30/2026,18.7,4644738,27981,4100094,First National Bank Texas,Killeen,3285,TX,48,9,3285
1,N,1.1974653064154184,06/30/2026,12.37,736776,4421,655486,"Kleberg  Bank, N.A.",Kingsville,3286,TX,48,4,3286
1,N,0.4298490715480067,06/30/2026,5.06,241973,521,203474,National Bank & Trust,La Grange,3289,TX,48,4,3289
1,NM,1.0992201107850677,06/30/2026,7.1,86533,467,69455,Tustin Community Bank,Tustin,32908,CA,6,4,32908
1,SM,1.4233734475218534,06/30/2026,12.34,1926362,13659,1616892,Whitaker Bank,Lexington,32912,KY,21,4,32912
1,N,2.238303279059128,06/30/2026,19.39,426846,4868,375086,The Lamesa National Bank,Lamesa,3292,TX,48,2,3292
1,NM,1.9015357424986945,06/30/2026,18.99,259704,2367,232406,First Texas Bank,Lampasas,3293,TX,48,7,3293
1,SM,2.2897591848082444,06/30/2026,19.53,3279902,36650,2848913,WestStar Bank,El Paso,32941,TX,48,4,32941
1,NM,-4.315871075464385,06/30/2026,-47.1,96958,-1930,87655,Bank47,Huntsville,32968,AL,1,4,32968
1,NM,1.106364219021976,06/30/2026,13.02,3856151,20654,3310665,Gulf Coast Bank and Trust Company,New Orleans,32974,LA,22,4,32974
1,N,1.5581251744643416,06/30/2026,15.33,419318000,2763000,278937000,"Morgan Stanley Bank, National Association",Salt Lake City,32992,UT,49,9,32992
1,NM,1.7923820321745092,06/30/2026,21.98,2641469,23434,2269637,FCB Banks,Collinsville,33005,IL,17,4,33005
1,NM,3.337544962315204,06/30/2026,23.64,696396,11385,577754,County Bank,Rehoboth Beach,33009,DE,10,4,33009
1,SM,1.3381973390445978,06/30/2026,11.94,873243,5865,763326,First Liberty Bank,Liberty,3301,TX,48,4,3301
1,NM,1.0400333566840285,06/30/2026,8.59,449359,2274,379246,First Peoples Bank,Pine Mountain,33010,GA,13,4,33010
1,N,0.9106511155476166,06/30/2026,4.64,56924,260,45135,Asian Pacific National Bank,San Gabriel,33013,CA,6,4,33013
1,N,1.3046206046012552,06/30/2026,15.14,330564,2225,291052,"Texana Bank, National Association",Linden,3302,TX,48,4,3302
1,NM,2.061901552625221,06/30/2026,18.97,213680,2162,189577,Surety Bank,Deland,33026,FL,12,4,33026
1,N,0.9170487703209671,06/30/2026,8.78,25944,121,23110,The First National Bank of Lipan,Lipan,3303,TX,48,7,3303
1,N,2.364421337269681,06/30/2026,16.58,467161,5430,398326,The First National Bank of Livingston,Livingston,3305,TX,48,8,3305
1,SB,-0.3642189049007917,06/30/2026,-3.15,288216,-507,204095,"Gateway Bank, F.S.B.",Oakland,33103,CA,6,4,33103
1,SB,0.39390128167658933,06/30/2026,3.87,2311952,4998,1609855,Colorado Federal Savings Bank,Greenwood Village,33111,CO,8,5,33111
1,NM,1.0338743135698014,06/30/2026,15.18,1993366,10497,1825441,"Heritage Bank, Inc.",Burlington,33119,KY,21,4,33119
1,SM,1.2060897371960244,06/30/2026,13.72,758788000,4333000,498804000,Goldman Sachs Bank USA,New York,33124,NY,36,9,33124
1,N,1.0234433370455476,06/30/2026,10.58,140442,726,115355,First Farmers & Merchants National Bank,Fairmont,33131,MN,27,4,33131
1,SM,1.1823467126962046,06/30/2026,15.35,640262,3724,574220,Woodlands Bank,Williamsport,33136,PA,42,4,33136
1,NM,2.523280264343647,06/30/2026,20,45181,560,39582,Sound Banking Company,Lakewood,33183,WA,53,4,33183
1,NM,0.614613812084915,06/30/2026,4.87,2234648,6253,1919786,Shinhan Bank America,New York,33188,NY,36,4,33188
1,N,1.620446610895198,06/30/2026,11.48,165392,1353,140871,"Big Bend Banks, N.A.",Marfa,3320,TX,48,7,3320
1,NM,1.9273740623283293,06/30/2026,19.39,691496,6748,620132,Premier Bank Minnesota,Hastings,33204,MN,27,4,33204
1,NM,1.9771330820555513,06/30/2026,17.64,3395565,32963,2930711,Northrim Bank,Anchorage,33216,AK,2,4,33216
1,N,2.554619094727981,06/30/2026,22.6,1774437,21618,1551146,First National Bank of Central Texas,Waco,3325,TX,48,4,3325
1,SM,1.536644360781692,06/30/2026,9.73,147495,1134,122279,Mason Bank,Mason,3327,TX,48,8,3327
1,N,1.089600776426695,06/30/2026,12.91,1075946,5692,949647,The First National Bank of McGregor,Mc Gregor,3330,TX,48,4,3330
1,SM,1.5106708337007257,06/30/2026,8.67,66504376,492511,51470552,CIBC Bank USA,Chicago,33306,IL,17,4,33306
1,NM,1.606378831839073,06/30/2026,9.13,147775,1147,121803,Bank19,Memphis,3335,TX,48,8,3335
1,SM,2.215732072628023,06/30/2026,24.67,90724,985,82244,Menard  Bank,Menard,3336,TX,48,2,3336
1,N,1.1643160680665006,06/30/2026,12.27,1216298,6920,1069775,Texas National Bank,Mcallen,3337,TX,48,4,3337
1,SM,0.9427950710614195,06/30/2026,8.64,573973,2747,457990,Enterprise Bank,Omaha,33380,NE,31,4,33380
1,N,1.7248831482132985,06/30/2026,11.18,500293,4290,420240,The First National Bank of Mertzon,Mertzon,3339,TX,48,2,3339
1,N,0.7101860119000736,06/30/2026,9.72,1071557,3757,874363,Ledyard National Bank,Norwich,33418,VT,50,4,33418
1,N,1.6013419120080186,06/30/2026,18.23,277619,2218,245778,"Incommons Bank, N.A.",Mexia,3342,TX,48,4,3342
1,NM,1.1641696386295812,06/30/2026,13.43,701698,4020,607830,Arbor Bank,Nebraska City,33450,NE,31,2,33450
1,SM,1.105780098145731,06/30/2026,10.61,2001344,11121,1764388,Oak Valley Community Bank,Oakdale,33457,CA,6,4,33457
1,NM,0.7485603508912386,06/30/2026,9.75,351031,1309,294603,Today's Bank,Huntsville,33470,AR,5,4,33470
1,NM,8.336080647785522,06/30/2026,59.15,1065126,42269,880101,Crescent Bank,Metairie,33492,LA,22,9,33492
1,SM,1.5177877318328212,06/30/2026,20.07,26576000,205000,24456000,"Charles Schwab Premier Bank, SSB",Westlake,33497,TX,48,9,33497
1,NM,1.9077172209254794,06/30/2026,16.24,3184193,29114,2464747,Unity Bank,Clinton,33503,NJ,34,4,33503
1,N,1.4142755407851397,06/30/2026,16.27,547471,3813,494670,First National Bank of Coffee County,Douglas,33506,GA,13,4,33506
1,N,0.9722067609187726,06/30/2026,5.62,54179,262,42421,The First National Bank of Moody,Moody,3351,TX,48,7,3351
1,NM,1.6883065076911115,06/30/2026,16.49,7731004,64684,6476766,Preferred Bank,Los Angeles,33539,CA,6,4,33539
1,NM,0.8781554257751034,06/30/2026,11.05,156942,719,142974,Boone Bank & Trust Co.,Boone,33552,IA,19,2,33552
1,N,1.4161049664122873,06/30/2026,9.97,68794317,481109,56375284,"SouthState Bank, National Association",Winter Haven,33555,FL,12,4,33555
1,N,1.2468223268712753,06/30/2026,6.61,362077,2194,292898,"Desjardins Bank, National Association",Hallandale,33565,FL,12,5,33565
1,NM,-2.647752231648095,06/30/2026,-15.65,48411,-657,40191,United Bank of Philadelphia,Philadelphia,33568,PA,42,4,33568
1,SI,0.9879158735652889,06/30/2026,11.58,591159,2916,519601,Lee Bank,Lee,33645,MA,25,4,33645
1,OI,0,06/30/2026,0,3660680,0,2844351,The Bank of East Asia Ltd.,New York,33646,NY,36,4,33646
1,OI,0,06/30/2026,0,7415358,0,5732970,Bank of India,New York,33648,NY,36,9,33648
1,OI,0,06/30/2026,0,48520695,0,24671853,Bank of China,New York,33653,NY,36,4,33653
1,OI,0,06/30/2026,0,31987,0,8675,Metropolitan Bank and Trust Company,New York,33656,NY,36,7,33656
1,OI,0,06/30/2026,0,7389525,0,4822342,"Mizrahi Tefahot Bank, Ltd.",Los Angeles,33661,CA,6,4,33661
1,OI,0,06/30/2026,0,4321255,0,3278047,State Bank of India,Chicago,33664,IL,17,9,33664
1,NM,0.6865844535077347,06/30/2026,5.82,165493,569,144846,Normangee State Bank,Normangee,3368,TX,48,8,3368
1,OI,0,06/30/2026,0,16237538,0,9908732,Bank of Baroda,New York,33681,NY,36,4,33681
1,OI,0,06/30/2026,0,22507930,0,13153312,State Bank of India,New York,33682,NY,36,4,33682
1,OI,0,06/30/2026,0,11040725,0,8205001,Bank Hapoalim B.M.,New York,33686,NY,36,4,33686
1,NM,1.8196484821097207,06/30/2026,15.69,982667,8899,862961,International Bank of Chicago,Chicago,33708,IL,17,4,33708
1,NM,1.7933134945583078,06/30/2026,14.55,352616,3209,303181,Citizens Community Bank,Winchester,33739,TN,47,4,33739
1,NM,-0.3023119182196938,06/30/2026,-3.33,531041,-807,446077,Citizens Community Bank,Mascoutah,33753,IL,17,4,33753
1,NM,1.1396610361114967,06/30/2026,13.67,2097919,11962,1821990,Starion Bank,Bismarck,33758,ND,38,4,33758
1,NM,0.6766631691667737,06/30/2026,7.13,346068,1149,282793,Ozona Bank,Ozona,3376,TX,48,4,3376
1,NM,0.6670283700693389,06/30/2026,9.59,411867,1379,366169,Village Bank,Saint Francis,33761,MN,27,4,33761
1,N,3.3308037983574437,06/30/2026,48.97,911012,15333,850359,"Stifel Trust Company, National Association",Saint Louis,33785,MO,29,7,33785
1,N,1.6022477200813081,06/30/2026,17.6,4790736,36670,4137857,"Wheaton Bank & Trust, National Association",Wheaton,33803,IL,17,4,33803
1,SM,0.6711591392892493,06/30/2026,11.49,194488,660,176897,Community Bank of Elmhurst,Elmhurst,33805,IL,17,4,33805
1,N,1.2589930854115714,06/30/2026,10.21,432603,2699,353475,American National Bank - Fox Cities,Appleton,33812,WI,55,4,33812
1,SB,1.6712279103903511,06/30/2026,15.85,153397,1260,129404,Priority Bank,Fayetteville,33818,AR,5,5,33818
1,NM,5.290861724893368,06/30/2026,38.07,1555310,39583,1306353,Quill Bank,Provo,33823,UT,49,4,33823
1,N,1.5492011977091507,06/30/2026,13.26,452142,3526,364661,The Liberty National Bank in Paris,Paris,3384,TX,48,4,3384
1,N,1.4767425863209516,06/30/2026,14.28,6800738,47802,5574222,"Hinsdale Bank & Trust Company, National Association",Hinsdale,33849,IL,17,4,33849
1,NM,1.9936005548287439,06/30/2026,29.19,101069,1054,88862,The Bank of Milan,Milan,33851,TN,47,8,33851
1,N,22.53781047368995,06/30/2026,23.43,39766,4478,500,Credit First National Association,Brook Park,33855,OH,39,7,33855
1,N,1.3688418367578312,06/30/2026,18.16,3037564,21129,2672154,The National Bank of Indianapolis,Indianapolis,33860,IN,18,4,33860
1,SM,1.504385044057241,06/30/2026,13.89,2774878,21460,2393789,Quad City Bank and Trust Company,Bettendorf,33867,IA,19,4,33867
1,NM,1.3156460138649728,06/30/2026,14.03,1876348,12268,1671479,FirstBank Southwest,Amarillo,3387,TX,48,4,3387
1,N,1.710378485222111,06/30/2026,11.9,212650,1771,181142,The Perryton National Bank,Perryton,3388,TX,48,2,3388
1,SM,0.9538271553876196,06/30/2026,12.96,1161379,5381,968349,Pointbank,Pilot Point,3389,TX,48,4,3389
1,SM,1.6652058289174345,06/30/2026,22.98,45602712,373877,41395171,Raymond James Bank,Saint Petersburg,33893,FL,12,9,33893
1,SB,0.4726667149373687,06/30/2026,7.06,349155,816,323837,Frontier Bank,Sioux Falls,33922,SD,46,2,33922
1,NM,2.31239098445723,06/30/2026,23.53,248313,2826,220954,Charlevoix State Bank,Charlevoix,33926,MI,26,4,33926
1,N,0.6998366212756457,06/30/2026,8.15,1322925,4190,1209461,"Patriot Bank, National Association",Stamford,33928,CT,9,4,33928
1,N,1.976241891529023,06/30/2026,17.21,9567734,93615,8285568,"Wintrust Bank, National Association",Chicago,33935,IL,17,4,33935
1,N,0.4088878280430988,06/30/2026,3.55,32125899,67791,27178460,"TD Bank USA, National Association",Wilmington,33947,DE,10,9,33947
1,N,0.529852630413956,06/30/2026,1.79,296528,766,206751,"Natbank, National Association",Hollywood,33959,FL,12,5,33959
1,SM,1.6689090112016445,06/30/2026,18.63,107268,920,96775,First Capital Bank,Quanah,3399,TX,48,2,3399
1,NM,0.6684593185443201,06/30/2026,5.07,770659,2546,610137,"The Peoples Bank, Biloxi, Mississippi",Biloxi,340,MS,28,7,340
1,N,1.7798706687334618,06/30/2026,13.17,510633,4547,389175,"Texas Republic Bank, National Association",Frisco,3400,TX,48,4,3400
1,N,1.3793861121453115,06/30/2026,13.07,167122,1130,147444,The First National Bank of Quitaque,Quitaque,3401,TX,48,2,3401
1,NM,1.0118769187756398,06/30/2026,4.36,1125370,5646,848571,EverTrust Bank,City Of Industry,34010,CA,6,4,34010
1,N,2.0856697375176774,06/30/2026,20.63,3625764,36817,2960588,"Village Bank and Trust, National Association",Arlington Heights,34011,IL,17,4,34011
1,N,0.38154666920713554,06/30/2026,5.3,139101,267,128081,Texas National Bank,Sweetwater,34014,TX,48,7,34014
1,SM,2.141574716803979,06/30/2026,19.33,188796,1992,162932,Community Bank,Topeka,34020,KS,20,4,34020
1,NM,0.7195930043867662,06/30/2026,8.34,318094,1116,277009,TNBANK,Oak Ridge,34023,TN,47,4,34023
1,NM,2.0238782247046814,06/30/2026,15.17,712767,7207,608222,Time Bank,Park Ridge,34038,IL,17,4,34038
1,SM,0.44065659249183514,06/30/2026,4.93,276885,622,207141,First American State Bank,Greenwood Village,34040,CO,8,4,34040
1,NM,1.2535271626063085,06/30/2026,13.39,2380900,14289,2030816,First Community Bank,Lexington,34047,SC,45,4,34047
1,SM,1.6391799769054503,06/30/2026,18.91,5137149,41001,4637531,Vantage Bank Texas,San Antonio,3405,TX,48,4,3405
1,NM,1.1231475421020427,06/30/2026,11.35,315703,1756,264914,Bay Bank,Green Bay,34052,WI,55,8,34052
1,SI,0.4768500647153659,06/30/2026,3.29,418125,980,353547,Lusitania Savings Bank,Newark,34058,NJ,34,5,34058
1,N,2.3985113728455665,06/30/2026,23.8,2181324,25438,1867881,Thomasville National Bank,Thomasville,34068,GA,13,4,34068
1,N,1.7799163158127702,06/30/2026,2.03,772076,6836,4936,"Wilmington Trust, National Association",Wilmington,34069,DE,10,7,34069
1,N,1.499010930703459,06/30/2026,16.75,3338776,24056,2855371,"Libertyville Bank & Trust Company, National Association",Libertyville,34073,IL,17,4,34073
1,NM,1.1188828393790844,06/30/2026,9.73,565303,3335,472995,Capitol Bank,Madison,34074,WI,55,4,34074
1,NM,0.827209632726342,06/30/2026,9.78,536110,2230,474718,Pan American Bank & Trust,Melrose Park,34108,IL,17,4,34108
1,NM,1.9790754007112301,06/30/2026,13.82,3496950,33536,2843062,Bank of Ann Arbor,Ann Arbor,34120,MI,26,4,34120
1,NM,1.36842433350634,06/30/2026,14.09,495508,3366,440938,People's Bank of Seneca,Seneca,34146,MO,29,4,34146
1,SM,2.765202496023492,06/30/2026,26.48,420019,5650,368924,Bank of Star Valley,Afton,34148,WY,56,4,34148
1,NM,1.4522921201008172,06/30/2026,24.62,591360,4335,525049,First United Bank and Trust Company,Madisonville,34150,KY,21,4,34150
1,NM,1.659125521930474,06/30/2026,14.63,297295,2502,259928,Community Banking Company,Fitzgerald,34160,GA,13,8,34160
1,NM,2.330915527923494,06/30/2026,12.39,368823,4319,260236,West Pointe Bank,Oshkosh,34162,WI,55,4,34162
1,NM,1.1714419313236748,06/30/2026,10.61,508184,2071,420760,Eagle Rock Bank,Rochester,34171,MN,27,4,34171
1,NM,2.5384548612203153,06/30/2026,15.67,274127,3363,228601,Applied Bank,Wilmington,34193,DE,10,7,34193
1,SM,0.9760915889481874,06/30/2026,14.22,790327,3821,664252,Farmers State Bank,Victor,342,MT,30,4,342
1,N,1.8112620691816745,06/30/2026,17.72,1928955,17144,1708398,Great Plains National Bank,Elk City,34207,OK,40,4,34207
1,SM,1.2265637632820188,06/30/2026,12.79,1248096,7459,1072009,Platte Valley Bank,Scottsbluff,34211,NE,31,2,34211
1,N,1.142904601222474,06/30/2026,16.07,250425000,1422000,211668000,"Morgan Stanley Private Bank, National Association",Purchase,34221,NY,36,9,34221
1,NM,1.8566146659279974,06/30/2026,17.94,598515,5686,531294,The Citizens Bank of Georgia,Cumming,34229,GA,13,4,34229
1,NM,1.8534877007988484,06/30/2026,15.97,385789,3553,297550,Wolf River Community Bank,Hortonville,34240,WI,55,4,34240
1,SM,0.6701815832981608,06/30/2026,5.45,1207585,3832,652957,Pacific Coast Bankers' Bank,Walnut Creek,34252,CA,6,4,34252
1,NM,1.282430706172192,06/30/2026,10.93,1960775,12487,1714430,"Planters Bank, Inc.",Hopkinsville,34254,KY,21,4,34254
1,NM,2.33104508468287,06/30/2026,8.97,614282,7329,428271,Crown Bank,Elizabeth,34259,NJ,34,4,34259
1,NM,1.466253255848932,06/30/2026,13.33,6121189,42991,5105134,CFG Bank,Lutherville,34294,MD,24,4,34294
1,SM,1.8382985019216584,06/30/2026,17.41,5768175,53676,4776021,Westamerica Bank,San Rafael,3430,CA,6,9,3430
1,NM,4.543486673493264,06/30/2026,20.19,755671,16809,519406,Eaglemark Savings Bank,Reno,34313,NV,32,6,34313
1,N,1.4570444750842797,06/30/2026,12.42,1391657,10092,1212689,Southwestern National Bank,Houston,34319,TX,48,4,34319
1,N,2.841677943166441,06/30/2026,3.4,4418,63,500,DSRM National Bank,Albuquerque,34331,NM,35,7,34331
1,NM,1.0662025001189335,06/30/2026,7.91,119082,635,87968,American Metro Bank,Chicago,34334,IL,17,4,34334
1,N,0.324864010816794,06/30/2026,2.5,1562007,2345,1182775,"City First Bank, National Association",Washington,34352,DC,11,4,34352
1,NM,0.7248676364972525,06/30/2026,7.82,1066282,3906,833721,Core Bank,Omaha,34363,NE,31,4,34363
1,SM,1.0300902399632281,06/30/2026,9.55,33622998,168407,29376565,Texas Capital Bank,Dallas,34383,TX,48,4,34383
1,NM,2.2407706919233505,06/30/2026,21.87,826499,9107,671728,Premier Bank,Rock Valley,34384,IA,19,2,34384
1,NM,2.903707798208718,06/30/2026,8.47,113582,1681,67015,Spring Valley Bank,Wyoming,34386,OH,39,4,34386
1,NM,1.3868311249090366,06/30/2026,8.32,130024,883,87678,1st Equity Bank,Skokie,34393,IL,17,4,34393
1,N,2.4763184214883487,06/30/2026,18.45,251458,3066,194732,Security National Bank of South Dakota,Dakota Dunes,34394,SD,46,4,34394
1,N,1.2668719963800965,06/30/2026,12.04,5165793,31381,4140561,"Barrington Bank & Trust Company, National Association",Barrington,34395,IL,17,4,34395
1,NM,1.134481899621822,06/30/2026,10.24,1925947,10892,1692489,First Northern Bank of Dixon,Dixon,3440,CA,6,4,3440
1,NM,0.7112537476305681,06/30/2026,8.43,1353120,4821,1112611,Fortis Bank,Denver,34401,CO,8,4,34401
1,SM,-1.1026287957085543,06/30/2026,-11.91,5452231,-29127,4902267,Coastal Community Bank,Everett,34403,WA,53,4,34403
1,NM,4.684357266375391,06/30/2026,28.37,2861274,65537,2263576,WebBank,Salt Lake City,34404,UT,49,4,34404
1,NM,1.753908814326942,06/30/2026,13.68,461983,3923,396317,The Bank,Jennings,34409,LA,22,4,34409
1,SB,2.306695000989482,06/30/2026,25.13,1081696,12472,966124,First Command Bank,Fort Worth,34415,TX,48,9,34415
1,SM,1.283182326382737,06/30/2026,12.52,1111851,7001,914842,American Bank,Allentown,34422,PA,42,4,34422
1,NM,1.0930604490085496,06/30/2026,11.5,115395,606,103987,State Bank,Green River,34441,WY,56,4,34441
1,SM,1.145029763262881,06/30/2026,13.06,26503549,147417,21876344,Customers Bank,Malvern,34444,PA,42,4,34444
1,N,0.7146404053101464,06/30/2026,12.07,96486,343,90399,First National Bank,Rotan,34455,TX,48,2,34455
1,NM,0.7459693994828885,06/30/2026,9.54,201328,741,183864,Millennial Bank,Leeds,34460,AL,1,4,34460
1,N,4.7887921884950115,06/30/2026,6.74,15981,376,2000,Cedar Hill National Bank,Charlotte,34478,NC,37,7,34478
1,NM,1.3303740594380988,06/30/2026,12.7,156920,1024,133904,Hiawatha Bank and Trust Company,Hiawatha,34488,IA,19,4,34488
1,N,0.6125434400545662,06/30/2026,7.36,453745,1386,399027,Edison National Bank,Fort Myers,34489,FL,12,7,34489
1,NM,1.1010784374681062,06/30/2026,4.85,849866,4693,646751,First Commercial Bank (USA),Alhambra,34496,CA,6,4,34496
1,SB,1.6849395646323733,06/30/2026,33.04,9836922,80807,9259461,Principal Bank,Des Moines,34507,IA,19,5,34507
1,NM,1.526310171843313,06/30/2026,15.73,456076,3432,407158,Peoples Bank of East Tennessee,Madisonville,34517,TN,47,4,34517
1,NM,2.549600832718772,06/30/2026,13.48,9129523,116070,7405289,Merrick Bank,South Jordan,34519,UT,49,3,34519
1,NM,0.7133130604728609,06/30/2026,8.82,187517,674,170876,Prairie Community Bank,Marengo,34526,IL,17,4,34526
1,NM,1.3166151863944648,06/30/2026,16.94,3629998,23159,2866370,First Community Bank,Batesville,34533,AR,5,4,34533
1,N,-1.1387391210967082,06/30/2026,-5.88,382352,-2218,279595,"TCM Bank, National Association",Tampa,34535,FL,12,3,34535
1,N,0.6480646486142028,06/30/2026,5.33,227987,739,177735,Neighborhood National Bank,El Cajon,34548,CA,6,4,34548
1,SM,0.3730858259539232,06/30/2026,4.49,3702801,6788,3350134,ENCORE BANK,Little Rock,34562,AR,5,4,34562
1,NM,1.4145721948730794,06/30/2026,10.95,391276,2805,334847,Alliance Bank,Cape Girardeau,34566,MO,29,2,34566
1,SI,0.5911538274257664,06/30/2026,5.77,318490,951,239883,Pacific Crest Bank,Lynnwood,34585,WA,53,4,34585
1,SM,1.618884453979564,06/30/2026,10.57,38020862,304209,30583038,Atlantic Union Bank,Richmond City,34589,VA,51,4,34589
1,NM,1.6105855923045378,06/30/2026,13.9,6240347,50569,4927922,Mercantile Bank,Grand Rapids,34598,MI,26,4,34598
1,NM,5.342305223064306,06/30/2026,55.69,796327,21677,676387,"The Pitney Bowes Bank, Inc.",Salt Lake City,34599,UT,49,4,34599
1,NM,1.4313416736634208,06/30/2026,14.24,3497075,23952,3116825,"MVB Bank, Inc",Fairmont,34603,WV,54,4,34603
1,NM,0.31741834037872046,06/30/2026,4.12,5526397,8866,4837281,First Internet Bank of Indiana,Fishers,34607,IN,18,4,34607
1,NM,1.437769405326761,06/30/2026,15.74,307347,2207,262232,Community First Banking Company,West Plains,34610,MO,29,8,34610
1,N,1.7689305300911218,06/30/2026,11.42,3689079,31937,3067806,"Macatawa Bank, National Association",Holland,34618,MI,26,4,34618
1,NM,61.629120027067415,06/30/2026,64.93,45190,10929,500,ITS Bank,Johnston,34619,IA,19,7,34619
1,NM,1.0112779373096143,06/30/2026,8.05,580359,2896,502735,Sunstate Bank,Miami,34643,FL,12,4,34643
1,NM,-0.11153757832234361,06/30/2026,-1.13,121022,-68,107643,Key Community Bank,Inver Grove Heights,34644,MN,27,4,34644
1,N,2.13341516655183,06/30/2026,15.49,2886145,30705,2439538,American First National Bank,Houston,34656,TX,48,4,34656
1,NM,1.1416425253269795,06/30/2026,10.23,173528,999,152232,The Community Bank,Liberal,34666,KS,20,4,34666
1,N,1.5423693553135438,06/30/2026,16.71,2259402,16669,1866772,"Crystal Lake Bank and Trust Company, National Association",Crystal Lake,34681,IL,17,4,34681
1,NM,1.3355232377375519,06/30/2026,9.17,776717,5219,618237,People's Bank of Commerce,Medford,34685,OR,41,4,34685
1,NM,1.7495833271877166,06/30/2026,17.37,227541,1977,203460,Charter Bank,Johnston,34686,IA,19,4,34686
1,NM,4.296823850261071,06/30/2026,51.92,10708586,205418,7905789,WEX Bank,Sandy,34697,UT,49,4,34697
1,SM,1.2302617577224237,06/30/2026,12.09,8857429,53220,7775575,Metropolitan Commercial Bank,New York,34699,NY,36,4,34699
1,SB,18.149843450820548,06/30/2026,46.47,153595,14724,500,"Nationwide Trust Company, FSB",Columbus,34710,OH,39,5,34710
1,SI,0.5112580894400272,06/30/2026,2.5,122893,311,96364,Farmers Building and Savings Bank,Rochester,34711,PA,42,8,34711
1,N,1.417493677519533,06/30/2026,13.73,4708678,32450,3813803,"Town Bank, National Association",Hartland,34717,WI,55,4,34717
1,NM,1.6906712730611513,06/30/2026,15.27,650814,5432,511322,Farmers & Merchants Bank of Colby,Colby,34719,KS,20,2,34719
1,NM,1.26145249156819,06/30/2026,11.56,1853799,11117,1618477,Independent Bank,Memphis,34728,TN,47,9,34728
1,SM,0.523309927281024,06/30/2026,4.5,9618012,26136,8201597,EagleBank,Bethesda,34742,MD,24,4,34742
1,NM,1.0264829646721245,06/30/2026,9.77,133283,694,103205,First Community Bank of Hillsboro,Hillsboro,34752,IL,17,2,34752
1,N,1.861551564771451,06/30/2026,16.19,1636058,15296,1410120,Virginia National Bank,Charlottesville,34755,VA,51,4,34755
1,SM,1.338777326846887,06/30/2026,7.25,685892,4532,456786,Asian Bank,Philadelphia,34759,PA,42,4,34759
1,SM,1.0553877434595949,06/30/2026,10.68,552199,2886,489557,Portage Community Bank,Ravenna,34760,OH,39,4,34760
1,N,0.9993625971243784,06/30/2026,11.14,46690554,233113,37809298,"EverBank, National Association",Jacksonville,34775,FL,12,9,34775
1,NM,1.0450659368757895,06/30/2026,11.87,406261,2064,324350,First Trust Bank of Illinois,Kankakee,34778,IL,17,7,34778
1,NM,1.045150038668629,06/30/2026,9.46,1591983,8336,1376506,"Transportation Alliance Bank, Inc. d/b/a TAB Bank",Ogden,34781,UT,49,4,34781
1,NM,1.907770376834151,06/30/2026,17.46,611382,5524,453337,Commercial Capital Bank,Delhi,34784,LA,22,2,34784
1,NM,0.7800343750635755,06/30/2026,9.59,524622,1981,415662,Enterprise Bank,Allison Park,34786,PA,42,4,34786
1,NM,1.4596236717310909,06/30/2026,15.17,4417375,32100,3938208,American Business Bank,Los Angeles,34788,CA,6,4,34788
1,SB,8.05831225960006,06/30/2026,10.3,15466,632,2000,Thrivent Trust Company,Appleton,34799,WI,55,5,34799
1,NM,1.4803030287130095,06/30/2026,11.95,980745,7053,803005,Resource Bank,Covington,34803,LA,22,4,34803
1,SM,1.669207627803063,06/30/2026,14.7,2010002,16173,1767556,Mission Bank,Bakersfield,34805,CA,6,4,34805
1,SM,0.5219235322248093,06/30/2026,5.99,1064337,2663,853747,Nebraskaland Bank,North Platte,34811,NE,31,4,34811
1,SM,2.130387558244951,06/30/2026,32,1473505,15580,1085744,North American Banking Company,Roseville,34836,MN,27,4,34836
1,SM,1.2694825872502806,06/30/2026,13.32,533381,3176,469352,Southern Bank of Tennessee,Mount Juliet,34847,TN,47,4,34847
1,SM,1.1471089469924067,06/30/2026,14.28,357734,2090,304823,Premier Bank,Dubuque,34849,IA,19,4,34849
1,NM,1.0935124303968262,06/30/2026,8.24,95037,543,75013,Community Bank of Oelwein,Oelwein,34857,IA,19,4,34857
1,NM,1.8766224484620457,06/30/2026,11.27,176317,2035,137966,New Republic Bank,Roanoke Rapids,34860,NC,37,4,34860
1,N,0.2558761483626769,06/30/2026,1.88,526018,675,445804,"Connecticut Community Bank, National Association",Norwalk,34876,CT,9,4,34876
1,SM,0.9246018486566766,06/30/2026,9.03,2990330,13522,2662363,Susser Bank,Dallas,34885,TX,48,4,34885
1,NM,2.181008250629674,06/30/2026,14.16,2302646,24588,1763048,Parke Bank,Sewell,34888,NJ,34,4,34888
1,SM,1.4790263577794267,06/30/2026,14.43,942461,6884,828386,"New Peoples Bank, Inc.",Honaker,34890,VA,51,4,34890
1,NM,2.2161731339588258,06/30/2026,23.54,2454078,27092,2188638,Cogent Bank,Orlando,34908,FL,12,4,34908
1,N,2.203123354585545,06/30/2026,19.96,344568,3975,294401,First National Bank of Hereford,Hereford,34918,TX,48,2,34918
1,NM,1.0445600889553386,06/30/2026,10.84,927663,4816,824118,Legends Bank,Clarksville,34936,TN,47,4,34936
1,SM,2.479899175199379,06/30/2026,24.42,167901,2030,148976,Commerce Bank,Corinth,34938,MS,28,4,34938
1,NM,1.3165112302041144,06/30/2026,14.05,7529347,48157,5253877,Northpointe Bank,Grand Rapids,34953,MI,26,9,34953
1,N,0.7830825865635195,06/30/2026,9.47,480853,1845,387769,"American Bank and Trust Company, National Association",Davenport,34955,IA,19,4,34955
1,SM,1.1353353731256908,06/30/2026,12.23,1318461,6997,1108599,First Capital Bank,Charleston,34966,SC,45,4,34966
1,SM,0.979647299356898,06/30/2026,6.92,15032815,73551,11930781,Popular Bank,New York,34967,NY,36,4,34967
1,SM,1.3780866801282294,06/30/2026,21.78,63342000,422000,58725000,Banco Popular de Puerto Rico,San Juan,34968,PR,72,9,34968
1,SI,0.9711513509471805,06/30/2026,9.83,1025375,4784,890951,First Central Savings Bank,Glen Cove,34969,NY,36,4,34969
1,NM,0.9686526003165744,06/30/2026,14.47,610436,2968,533741,Peoples Savings Bank,Indianola,34973,IA,19,4,34973
1,NM,1.6044379352753528,06/30/2026,11.84,1282792,10117,1093071,Synergy Bank,Houma,34978,LA,22,4,34978
1,NM,1.4610116539711764,06/30/2026,13.35,3310081,24363,2913549,Red River Bank,Alexandria,34980,LA,22,4,34980
1,NM,0.6561119764439798,06/30/2026,5.98,122772,410,105784,First Central Bank McCook,Mccook,34995,NE,31,2,34995
1,N,-6.31534144545297,06/30/2026,-79.98,1136157,-38133,1001436,BayFirst National Bank,Saint Petersburg,34997,FL,12,4,34997
1,SM,0.8836210890644302,06/30/2026,10.15,1085002,4609,990462,AuburnBank,Auburn,35,AL,1,4,35
1,NM,2.227771010308327,06/30/2026,13.46,1241298,13832,1006201,nbkc bank,Leawood,35014,KS,20,4,35014
1,NM,1.9534414875311954,06/30/2026,12.56,248548,2403,203204,Currency Bank,Baton Rouge,35019,LA,22,4,35019
1,NM,1.8532906625920318,06/30/2026,20.54,781602,7148,706834,Community First Bank,New Iberia,35020,LA,22,4,35020
1,NM,1.9162275055566904,06/30/2026,16.64,261184,2595,227920,AB&T,Albany,35029,GA,13,4,35029
1,SM,1.3339550746766309,06/30/2026,14.47,269251,1807,206399,Freedom Financial Bank,West Des Moines,35031,IA,19,4,35031
1,NM,1.1153177228037654,06/30/2026,8.93,306516,1771,249361,American Community Bank,Glen Cove,35033,NY,36,4,35033
1,NM,0.825055532583924,06/30/2026,13.45,211682,858,196948,Madison County Community Bank,Madison,35056,FL,12,4,35056
1,SM,1.8304585441657708,06/30/2026,11.27,142448,1280,119057,The Settlers Bank,Marietta,35060,OH,39,5,35060
1,NM,14.18467062693545,06/30/2026,20.3,27694,1962,6031,The Philadelphia Trust Company,Philadelphia,35075,PA,42,7,35075
1,SM,1.9656210546761193,06/30/2026,11.68,259952,2530,210545,Petit Jean State Bank,Morrilton,35084,AR,5,4,35084
1,NM,1.0756623438618824,06/30/2026,8.04,63699,338,55032,Community Bank of Memphis,Memphis,35094,MO,29,2,35094
1,NM,2.1729177832246838,06/30/2026,16.91,22616959,234179,18822283,TowneBank,Portsmouth,35095,VA,51,4,35095
1,N,1.126140493190317,06/30/2026,12.31,2654645000,14947000,2121804000,"Bank of America, National Association",Charlotte,3510,NC,37,9,3510
1,SM,0.7149912849320991,06/30/2026,5.85,238254,871,206595,Buckeye Community Bank,Elyria,35101,OH,39,4,35101
1,NM,0.868408860121118,06/30/2026,8.15,255617,1059,225521,Idaho Trust  Bank,Boise,35103,ID,16,4,35103
1,N,1.3764987837774905,06/30/2026,14.88,1907928000,12808000,1563534000,"Wells Fargo Bank, National Association",Sioux Falls,3511,SD,46,9,3511
1,NM,1.2656342269203964,06/30/2026,16.2,128329,793,117643,"Community Bank of Wichita, Inc.",Wichita,35118,KS,20,4,35118
1,NM,0.8102273830101429,06/30/2026,10.38,790755,3089,670090,Sauk Valley Bank & Trust Company,Sterling,35131,IL,17,2,35131
1,NM,-0.6371929634384708,06/30/2026,-7.07,780768,-2508,704276,Millennium Bank,Chattanooga,35138,TN,47,4,35138
1,SI,0.9824068464559084,06/30/2026,10.46,891449,4881,785211,Seattle Bank,Seattle,35139,WA,53,4,35139
1,NM,2.2860786840081824,06/30/2026,17.05,13795765,150972,9524512,BMW Bank of North America,Salt Lake City,35141,UT,49,6,35141
1,NM,1.309229829004947,06/30/2026,9.47,899076,6059,761701,New Millennium Bank,Fort Lee,35151,NJ,34,4,35151
1,N,-0.12832754409356165,06/30/2026,-0.26,978322,-590,460379,"BTG Pactual Bank, National Association",New York,35154,NY,36,4,35154
1,SB,0.37952871009419553,06/30/2026,3.99,1060938,2045,906536,Farm Bureau Bank FSB,Reno,35157,NV,32,9,35157
1,SB,1.817913610541695,06/30/2026,21.32,534147,4950,476732,The Murray Bank,Murray,35161,KY,21,4,35161
1,SB,81.13791585821086,06/30/2026,114.52,266069,92486,500,Capital Bank and Trust Company,Irvine,35164,CA,6,7,35164
1,NM,1.524693404043752,06/30/2026,13.91,160896,1242,142179,The Bank of Baker,Baker,352,MT,30,2,352
1,SB,33.30514494469438,06/30/2026,34.58,74632,11487,500,"Fidelity Personal Trust Company, FSB",Merrimack,35206,NH,33,7,35206
1,SM,1.00589239760456,06/30/2026,13.08,1033600,5228,938136,Bank of the James,Lynchburg,35207,VA,51,4,35207
1,NM,0.8488290591242681,06/30/2026,10.57,266460,1098,242817,Community Bank of the South,Merritt Island,35212,FL,12,7,35212
1,NM,1.2137934013482394,06/30/2026,12.09,1125355,6744,922041,First Reliance Bank,Florence,35214,SC,45,4,35214
1,SM,1.5472144458332904,06/30/2026,19.6,262448,1997,234325,Wyoming Community Bank,Riverton,35220,WY,56,2,35220
1,NM,2.25923875242523,06/30/2026,19.35,585737,6583,505700,Freedom Bank,Huntingburg,35221,IN,18,4,35221
1,NM,0.279726110992137,06/30/2026,3.15,528760,738,427818,First Secure Community Bank,Sugar Grove,35223,IL,17,4,35223
1,NM,1.1340725806451613,06/30/2026,7.26,136492,780,114130,Southern Illinois Bank,Johnston City,35229,IL,17,4,35229
1,SB,3.114811493409213,06/30/2026,15.03,4934911,64575,1561885,"John Deere Financial, f.s.b.",Middleton,35237,WI,55,2,35237
1,NM,0.9544094602206933,06/30/2026,7.6,764188,3702,646445,OPTUS Bank,Columbia,35241,SC,45,4,35241
1,NM,0.3911218794617748,06/30/2026,3.15,150650,226,135364,Increase Bank,Longview,35261,WA,53,4,35261
1,N,0.011802641290613205,06/30/2026,0.11,2310031,140,1891519,"Blue Ridge Bank,  National Association",Martinsville,35274,VA,51,4,35274
1,NM,1.932087900017919,06/30/2026,22.65,850072,8033,760096,Freedom Bank of Southern Missouri,Cassville,35276,MO,29,2,35276
1,N,1.2427822554152606,06/30/2026,13.52,3837265,23077,3392888,"Capital Bank, National Association",Rockville,35278,MD,24,4,35278
1,NM,2.9831614904575177,06/30/2026,22.24,513206,7525,421257,Great American Bank,Lawrence,35292,KS,20,4,35292
1,NM,0.9596360237026912,06/30/2026,11.01,4703075,21898,4004963,Southern First Bank,Greenville,35295,SC,45,4,35295
1,NM,-3.9464122677895985,06/30/2026,-27.73,17400,-353,14248,BHM Bank,Birmingham,35314,AL,1,4,35314
1,NM,1.8031863661005172,06/30/2026,13.56,374987,3426,321651,Georgia Community Bank,Albany,35320,GA,13,8,35320
1,NM,1.416727497251804,06/30/2026,8.14,915475,6547,722978,FinWise Bank,Murray,35323,UT,49,4,35323
1,N,-0.4397042782693007,06/30/2026,-3.15,399182,-907,336266,"Liberty Bank, National Association",Irvine,35331,CA,6,4,35331
1,NM,1.2806284698651629,06/30/2026,11.8,486337,3031,419565,Oak Bank,Fitchburg,35333,WI,55,4,35333
1,NM,1.6235396361757854,06/30/2026,15.97,5377033,41024,4809754,Five Star Bank,Roseville,35361,CA,6,4,35361
1,SM,1.2283998995609597,06/30/2026,10,658107,4036,509602,Bank of Oak Ridge,Oak Ridge,35365,NC,37,4,35365
1,N,1.536372958805712,06/30/2026,13.6,516688,3778,397231,"Chino Commercial Bank, N.A.",Chino,35366,CA,6,4,35366
1,NM,0.6827036703366133,06/30/2026,4.57,237315,778,200959,Alpine Capital Bank,New York,35377,NY,36,4,35377
1,SB,53.7271580952269,06/30/2026,58.84,208453,60930,500,SEI Private Trust Company,Oaks,35388,PA,42,5,35388
1,SB,1.1539347408829175,06/30/2026,12.07,178170,1002,126103,United Trust Bank,Palos Heights,35393,IL,17,5,35393
1,SB,6.002508252728085,06/30/2026,20.59,93701,2776,50500,"MassMutual Private Wealth & Trust, FSB",Springfield,35394,MA,25,7,35394
1,NM,1.2372101356778116,06/30/2026,12.84,651092,3982,540621,BankVista,Sartell,35406,MN,27,4,35406
1,NM,2.255872663076055,06/30/2026,27.15,687604,7734,614070,Yampa Valley Bank,Steamboat Springs,35407,CO,8,4,35407
1,NM,1.382320593896068,06/30/2026,13.7,1177625,8044,1014288,American Community Bank & Trust,Woodstock,35412,IL,17,4,35412
1,NM,0.8315564260088549,06/30/2026,10.12,562678,2297,466292,TriStar Bank,Dickson,35417,TN,47,4,35417
1,NM,1.4523238238185334,06/30/2026,16.14,414146,2977,372942,Branson Bank,Branson,35420,MO,29,4,35420
1,N,1.2288956900110621,06/30/2026,8.29,308720,1920,255918,United National Bank,Cairo,35427,GA,13,2,35427
1,NM,1.9453588647081923,06/30/2026,19.31,1386526,12212,1216561,OptimumBank,Fort Lauderdale,35430,FL,12,4,35430
1,NM,1.281294760182901,06/30/2026,11.82,262205,1643,229511,Bank of Brookhaven,Brookhaven,35439,MS,28,4,35439
1,NM,2.056354140528443,06/30/2026,23.29,662303,6597,569134,Four Corners Community Bank,Farmington,35441,NM,35,4,35441
1,NM,2.0621659742614247,06/30/2026,17.46,94878,982,80460,"Citizens Bank of Cumberland County, Inc.",Burkesville,35442,KY,21,8,35442
1,N,2.9373300978653165,06/30/2026,31.84,9205913,139301,7487810,"The Bancorp Bank, National Association",Sioux Falls,35444,SD,46,4,35444
1,NM,2.1666821336641644,06/30/2026,23.77,208077,2218,187978,"Century Bank of Kentucky, Inc.",Lawrenceburg,35450,KY,21,4,35450
1,NM,0.7792528105429105,06/30/2026,11.76,302268,1169,268111,"Hometown Bank of Corbin, Inc.",Corbin,35455,KY,21,4,35455
1,NM,1.1340537467020668,06/30/2026,17.74,361256,2041,278670,Citizens First Bank,Clinton,35477,IA,19,4,35477
1,NM,0.449300361806667,06/30/2026,5.91,402028,962,332778,Crown Bank,Edina,35480,MN,27,4,35480
1,SI,0.4395658441969623,06/30/2026,4.2,631468,1430,556835,Quaint Oak Bank,Southampton,35497,PA,42,4,35497
1,NM,1.264000163059224,06/30/2026,10.39,256842,1447,219309,Cypress Bank & Trust,Melbourne,35506,FL,12,4,35506
1,SB,3.498450386090245,06/30/2026,4.55,13207,222,500,Davidson Trust Co.,Great Falls,35510,MT,30,5,35510
1,NM,2.354442827713451,06/30/2026,17.49,628587,7446,537826,Community Bank of Pickens County,Jasper,35513,GA,13,4,35513
1,SB,0.05289834276180423,06/30/2026,0.35,1080675,290,741148,The Federal Savings Bank,Chicago,35518,IL,17,4,35518
1,SM,0.790596870426239,06/30/2026,9.28,1461914,5670,1226703,North State Bank,Raleigh,35519,NC,37,4,35519
1,SM,0.9358173275594555,06/30/2026,9.52,1078594,5001,905769,InsBank,Nashville,35521,TN,47,4,35521
1,NM,0.7771572409300842,06/30/2026,6.19,3405879,13136,2870251,First Carolina Bank,Rocky Mount,35530,NC,37,4,35530
1,NM,7.941597581885351,06/30/2026,19.26,502862,18720,285634,First Electronic Bank,Salt Lake City,35533,UT,49,8,35533
1,NM,-0.498777062877324,06/30/2026,-4.67,3117295,-8034,2636843,BCB Community Bank,Bayonne,35541,NJ,34,4,35541
1,NM,0.7424233050210794,06/30/2026,8.34,419387,1540,357494,Bank of Franklin County,Washington,35543,MO,29,4,35543
1,SB,2.1579449555699846,06/30/2026,22.41,28870387,303239,24832413,Axos Bank,San Diego,35546,CA,6,4,35546
1,SM,0.49628593307248164,06/30/2026,5.45,101101,256,86985,Century Bank of Florida,Tampa,35558,FL,12,4,35558
1,NM,1.0399146553824758,06/30/2026,11.35,924409,4666,799996,"American Bank & Trust Company, Inc.",Bowling Green,35568,KY,21,4,35568
1,SM,1.082525031185846,06/30/2026,9.24,128791735,557603,102245160,Pinnacle Bank,Nashville,35583,TN,47,4,35583
1,N,1.8813633950428257,06/30/2026,17.39,374680,3461,326694,Community First National Bank,Manhattan,35585,KS,20,4,35585
1,SM,1.0220592559150636,06/30/2026,11.41,175707,898,158858,NEW FRONTIER BANK,Saint Charles,35597,MO,29,4,35597
1,SB,24.715031072413677,06/30/2026,29.47,42296,4958,798,Country Trust Bank,Bloomington,35602,IL,17,7,35602
1,N,0.6660333239975771,06/30/2026,6.51,358045,1193,317571,The First National Bank of Mount Dora,Mount Dora,3579,FL,12,7,3579
1,N,1.8369557553887668,06/30/2026,22.04,158691,1433,143666,The First National Bank of Arenzville,Arenzville,3599,IL,17,2,3599
1,N,1.0574725304987194,06/30/2026,10.83,25167,128,22723,The First National Bank of Assumption,Assumption,3600,IL,17,7,3600
1,N,0.563574625842141,06/30/2026,5.23,81266,226,68975,The Atlanta National Bank,Atlanta,3601,IL,17,8,3601
1,N,1.6859359035731813,06/30/2026,12.59,6861243,57905,5467167,Old Second National Bank,Aurora,3603,IL,17,4,3603
1,N,0.845914883211216,06/30/2026,8.43,685045,2802,613023,MidAmerica National Bank,Canton,3612,IL,17,4,3612
1,NM,1.6817423318492981,06/30/2026,16.18,496687,4169,442801,Casey State Bank,Casey,3614,IL,17,2,3614
1,SM,1.0672386074761886,06/30/2026,11.22,530272,2901,437877,"First Montana Bank, Inc.",Missoula,363,MT,30,4,363
1,N,0.49312329550016365,06/30/2026,72.37,388108,952,364930,First National Bank & Trust Company,Clinton,3639,IL,17,2,3639
1,NM,1.5182301552594626,06/30/2026,18.3,8626339,63163,5551784,First American Bank,Elk Grove Village,3657,IL,17,9,3657
1,N,1.518948359232777,06/30/2026,15.51,421761,3058,376926,Union National Bank and Trust Company of Elgin,Elgin,3661,IL,17,4,3661
1,N,1.1987131905714554,06/30/2026,12.75,2684002,15471,2421298,"INB, National Association",Springfield,3664,IL,17,4,3664
1,N,1.7162554757155997,06/30/2026,12.85,443317,3769,379423,Grand Ridge National Bank,Wheaton,3674,IL,17,4,3674
1,N,1.6282950551524136,06/30/2026,14.66,332832,2711,234221,The Havana National Bank,Havana,3677,IL,17,2,3677
1,N,1.1802109763718756,06/30/2026,13.08,103739,576,92661,The First National Bank of Lacon,Lacon,3688,IL,17,2,3688
1,N,1.0718238234513784,06/30/2026,10.13,307234,1690,265806,Hometown National Bank,La Salle,3691,IL,17,4,3691
1,NM,1.1415037300032278,06/30/2026,10.08,151145,837,125965,First Security Bank,Mackinaw,3698,IL,17,2,3698
1,N,1.3822701128391628,06/30/2026,18.59,868634,5980,799767,"Resource Bank, National Association",Dekalb,3701,IL,17,4,3701
1,SM,1.4206667764032566,06/30/2026,14.96,265939,1870,239304,First Bank of Manhattan,Manhattan,3702,IL,17,4,3702
1,N,1.1021265963701472,06/30/2026,9.42,9142999,50735,7634153,"First Mid Bank & Trust, National Association",Mattoon,3705,IL,17,4,3705
1,SM,1.0193166098201634,06/30/2026,12.09,736415,3640,578122,Midwest Bank,Monmouth,3711,IL,17,2,3711
1,SM,2.9230289809909626,06/30/2026,23.04,504711,6097,449331,Grundy Bank,Morris,3713,IL,17,8,3713
1,N,1.3381797946351934,06/30/2026,14.97,2069383,13691,1844041,"American Commercial Bank & Trust, National Association",Ottawa,3719,IL,17,4,3719
1,N,1.5814374874169517,06/30/2026,15.29,394831,3142,350673,First National Bank of Pana,Pana,3720,IL,17,4,3720
1,NM,0.2611556111906087,06/30/2026,4.28,715630,911,603388,Prospect Bank,Paris,3722,IL,17,4,3722
1,N,1.1706030375931753,06/30/2026,8.41,895663,5290,637196,Farmers National Bank,Prophetstown,3732,IL,17,2,3732
1,NM,1.2394480720154493,06/30/2026,16.96,119743,752,109672,First Community Bank of Moultrie County,Sullivan,3745,IL,17,8,3745
1,N,1.2195716775287284,06/30/2026,11.52,736010,4459,604162,"First Neighbor Bank, National Association",Toledo,3747,IL,17,2,3747
1,N,0.9237428299961291,06/30/2026,9.5,187618,875,166145,The First National Bank in Tremont,Tremont,3749,IL,17,2,3749
1,N,1.1951717776482507,06/30/2026,9.65,234192,1408,203869,Anna-Jonesboro National Bank,Anna,3759,IL,17,8,3759
1,N,1.0505811588929084,06/30/2026,9.59,78310,409,69537,The First National Bank of Ava,Ava,3761,IL,17,2,3761
1,NM,1.8285604709056855,06/30/2026,16.54,194555,1780,167872,Great Rivers Bank,Barry,3762,IL,17,2,3762
1,N,1.2836555927824649,06/30/2026,12.5,57408,371,50854,The First National Bank of Brownstown,Brownstown,3770,IL,17,2,3770
1,N,1.1918925466340071,06/30/2026,10,622202,3690,545549,The First National Bank of Carmi,Carmi,3777,IL,17,4,3777
1,SM,0.6847731720974196,06/30/2026,7.88,1553674,5332,1327210,Dieterich Bank,Effingham,3787,IL,17,4,3787
1,N,0.6873425107236972,06/30/2026,6.6,620899,2144,410213,The Fairfield National Bank,Fairfield,3792,IL,17,2,3792
1,N,1.4293192160409245,06/30/2026,15.88,722824,5047,602249,The Bradford National Bank of Greenville,Greenville,3799,IL,17,8,3799
1,SM,2.1354357019788024,06/30/2026,15.45,80069,818,69004,Kinmundy Bank,Kinmundy,3805,IL,17,8,3805
1,N,1.3883480503928927,06/30/2026,12.89,150367,1028,131768,The First National Bank of Litchfield,Litchfield,3807,IL,17,2,3807
1,N,0.746486070846925,06/30/2026,9.6,135659,521,120592,The Litchfield National Bank,Litchfield,3808,IL,17,2,3808
1,N,1.4641261009657494,06/30/2026,16.71,2083619,14852,1843656,"Peoples National Bank , N.A.",Mount Vernon,3809,IL,17,2,3809
1,N,0.7543634193898168,06/30/2026,7.05,444355,1672,343890,The City National Bank of Metropolis,Metropolis,3814,IL,17,8,3814
1,NM,0.27222683963911876,06/30/2026,3.47,83079,113,76110,The First Bank and Trust Company of Murphysboro,Murphysboro,3818,IL,17,4,3818
1,N,1.6118088237779833,06/30/2026,16.43,270290,2225,242564,The Farmers and Merchants National Bank of Nashville,Nashville,3821,IL,17,2,3821
1,N,0.5494104066513729,06/30/2026,5.13,66271,188,58701,The First National Bank of Okawville,Okawville,3826,IL,17,2,3826
1,N,1.1196510921245488,06/30/2026,13.44,91307,522,80100,The Old Exchange National Bank of Okawville,Okawville,3827,IL,17,2,3827
1,N,1.3296218049271447,06/30/2026,17.69,187057,1222,172292,The First National Bank of Raymond,Raymond,3830,IL,17,2,3830
1,N,1.4064154686484507,06/30/2026,12.44,73857462,511569,56985995,Old National Bank,Evansville,3832,IN,18,4,3832
1,N,0.029649151704826224,06/30/2026,0.42,122601,18,108496,Midwest National Bank,Sandoval,3834,IL,17,8,3834
1,N,1.9521955598846403,06/30/2026,18.09,114585,1109,101090,The First National Bank of Sparta,Sparta,3837,IL,17,8,3837
1,SM,0.8874481998917706,06/30/2026,8.81,1646225,7213,1413087,The Ohio Valley Bank Company,Gallipolis,384,OH,39,4,384
1,SM,1.2894243237456862,06/30/2026,13.05,498909,3192,423124,The FNB Community Bank,Vandalia,3840,IL,17,2,3840
1,N,0.9622106699326795,06/30/2026,10.05,929324,4503,779636,First National Bank of Waterloo,Waterloo,3842,IL,17,4,3842
1,SM,2.2196407293105254,06/30/2026,21.33,266760,2968,237872,Community First Bank of the Heartland,Mount Vernon,3846,IL,17,4,3846
1,SM,1.762172040203629,06/30/2026,18.25,55539,495,47309,"First Community Bank, Xenia-Flora",Xenia,3850,IL,17,8,3850
1,SM,2.014426871765674,06/30/2026,18.49,339236,3373,298804,Bank of 1889,Berryville,3854,AR,5,8,3854
1,N,1.1564816296059297,06/30/2026,10.61,589488,3470,520265,First National Bank of Eastern Arkansas,Forrest City,3863,AR,5,4,3863
1,N,2.035351359297796,06/30/2026,16.48,2311601,23352,2010993,The First National Bank of Fort Smith,Fort Smith,3864,AR,5,4,3864
1,SM,1.9138006846185953,06/30/2026,20.37,1180508,11164,1057092,Anstaff Bank,Green Forest,3869,AR,5,2,3869
1,SM,1.0375813730580294,06/30/2026,7.78,505674,2598,433023,Eagle Bank and Trust Company,Little Rock,3873,AR,5,4,3873
1,N,1.1963304317122339,06/30/2026,10.46,2585603,15337,2122623,First National Bank,Paragould,3887,AR,5,4,3887
1,NM,0.2931019961256633,06/30/2026,3.01,60436,87,54294,The Peoples Bank,Gambier,389,OH,39,5,389
1,SM,1.205466317174143,06/30/2026,9.24,24732685,148434,19932156,Simmons Bank,Pine Bluff,3890,AR,5,4,3890
1,N,1.5240109893764926,06/30/2026,18,296625,2291,268762,First National Bank Of Commerce,Walnut Ridge,3896,AR,5,2,3896
1,NM,2.041270588536485,06/30/2026,19.34,462662,4784,399516,Robertson Banking Company,Demopolis,39,AL,1,4,39
1,N,1.2868422116589753,06/30/2026,9.71,175932,1114,150976,First National Bank and Trust Co. of Bottineau,Bottineau,3902,ND,38,2,3902
1,NM,0.6749365586207203,06/30/2026,7.58,75645,254,68280,Heartland State Bank,Edgeley,3919,ND,38,2,3919
1,N,1.7785140523275043,06/30/2026,16.35,5276612,46733,4239064,"Alerus Financial, National Association",Grand Forks,3931,ND,38,4,3931
1,NM,1.0351966873706004,06/30/2026,8.96,60903,320,48801,Aspire Bank,Fargo,3934,ND,38,4,3934
1,NM,1.309306980698913,06/30/2026,11.72,4784894,31316,4168214,First Bank & Trust,Brookings,3973,SD,46,4,3973
1,N,2.01157473524249,06/30/2026,30.94,124137,1209,114348,DNB NATIONAL BANK,Clear Lake,3977,SD,46,2,3977
1,N,0.294015704741302,06/30/2026,2.51,28844,41,25491,The First National Bank of Frederick,Frederick,3985,SD,46,2,3985
1,NM,0.6837307152875175,06/30/2026,5.02,33759,117,28998,First Summit Bank,Ryan,399,OK,40,2,399
1,N,2.1500375430063543,06/30/2026,19.97,458390,5116,400611,First National Bank in Philip,Philip,3999,SD,46,2,3999
1,NM,0.6876412682905947,06/30/2026,8.39,1934619,6586,1645029,"BankWest, Inc.",Pierre,4009,SD,46,2,4009
1,N,1.1530523030392414,06/30/2026,12.49,2119293,12131,1766553,The First National Bank in Sioux Falls,Sioux Falls,4016,SD,46,2,4016
1,NM,2.0609545401776876,06/30/2026,17.16,354635,3521,310956,Sooner State Bank,Tuttle,402,OK,40,4,402
1,N,1.678572313284357,06/30/2026,17.36,3390171,27782,2960038,First Dakota National Bank,Yankton,4028,SD,46,4,4028
1,SM,1.2855302608983867,06/30/2026,17.45,999611,6322,835979,Vision Bank,Ada,4029,OK,40,4,4029
1,SM,0.5145047656568069,06/30/2026,5.05,354251,912,317125,Frazer Bank,Altus,4031,OK,40,4,4031
1,N,1.5642367308322958,06/30/2026,15.4,686745,5390,587571,First National Bank and Trust Company of Ardmore,Ardmore,4037,OK,40,4,4037
1,SM,1.586176431308493,06/30/2026,32.05,193946,1544,182146,The Farmers State Bank,Quinton,404,OK,40,8,404
1,NM,1.1124861534201052,06/30/2026,13.18,334957,1714,277361,The First Security Bank,Beaver,4041,OK,40,4,4041
1,NM,0.22428170330636693,06/30/2026,2.62,686469,763,624807,Legacy Bank,Hinton,4042,OK,40,4,4042
1,NM,0.8560959814336829,06/30/2026,9.45,912801,3979,819218,SpiritBank,Tulsa,4048,OK,40,4,4048
1,NM,-0.26762825990361283,06/30/2026,-2.51,189692,-261,167893,First Enterprise Bank,Oklahoma City,4049,OK,40,4,4049
1,N,2.438076237558403,06/30/2026,15.97,269479,3324,224165,The First National Bank and Trust Company of Broken Arrow,Broken Arrow,4050,OK,40,4,4050
1,SM,1.1693739983409708,06/30/2026,14.27,84527,484,76881,AllNations Bank,Calumet,4051,OK,40,2,4051
1,NM,0.9015157527180382,06/30/2026,7.97,139619,568,121135,The Farmers Bank,Carnegie,4054,OK,40,4,4054
1,N,1.445504368453649,06/30/2026,8.98,171848,1237,139277,The Peoples National Bank of Checotah,Checotah,4059,OK,40,7,4059
1,NM,2.2913454332451826,06/30/2026,14.59,122528,1330,103896,Cleo State Bank,Cleo Springs,406,OK,40,2,406
1,NM,1.3983960132449704,06/30/2026,11.9,135464,984,114778,ACB Bank,Cherokee,4061,OK,40,2,4061
1,N,2.0986076292622684,06/30/2026,16.37,1070151,11170,897054,"Brooks Bank, National Association",Chickasha,4062,OK,40,4,4062
1,SB,1.4583192147916293,06/30/2026,15.13,42834126,307004,25329496,MidFirst Bank,Oklahoma City,4063,OK,40,4,4063
1,NM,1.4151311172908492,06/30/2026,11.05,202258,1452,173904,Oklahoma Bank and Trust Company,Clinton,4067,OK,40,2,4067
1,SM,2.1649271194265065,06/30/2026,24.39,127803,1360,115713,FNB Coweta,Coweta,4071,OK,40,4,4071
1,SM,1.3639557138357925,06/30/2026,10.32,86014,563,74987,Southwest Bank of Weatherford,Weatherford,4076,OK,40,8,4076
1,SM,0.543330363933656,06/30/2026,7.19,432358,1168,387780,The Citizens Bank of Edmond,Edmond,4084,OK,40,4,4084
1,N,2.121852907995215,06/30/2026,22.12,293960,3119,264956,The First National Bank & Trust,Elk City,4086,OK,40,2,4086
1,SM,2.1897700698557228,06/30/2026,25.93,469696,5108,426288,Bank of Western Oklahoma,Elk City,4087,OK,40,2,4087
1,N,1.962177278599018,06/30/2026,27.72,5417575,52055,4956794,"Stride Bank, National Association",Enid,4091,OK,40,3,4091
1,NM,2.8800889388140334,06/30/2026,19.93,118005,1658,100143,First Bank,Erick,4092,OK,40,4,4092
1,SM,-0.036321673823802046,06/30/2026,-0.33,87125,-16,76973,Bank of Eufaula,Eufaula,4094,OK,40,7,4094
1,N,1.0916745145223123,06/30/2026,18.82,118663,682,103192,The Farmers and Merchants National Bank of Fairview,Fairview,4097,OK,40,2,4097
1,N,0.8581436077057794,06/30/2026,9.54,23369,98,21234,The First National Bank of Fletcher,Fletcher,4098,OK,40,7,4098
1,NM,1.0436229344962755,06/30/2026,43.88,342259,1794,323551,Phenix-Girard Bank,Phenix City,41,AL,1,7,41
1,SM,1.7400156469446042,06/30/2026,18.43,112826,923,91741,Monument Bank,Poteau,4111,OK,40,2,4111
1,SM,1.232116567890982,06/30/2026,15.74,45270,272,41604,1st Bank in Hominy,Hominy,4122,OK,40,7,4122
1,N,1.3602302942404465,06/30/2026,8.66,91175,619,76145,The First National Bank of Hooker,Hooker,4123,OK,40,2,4123
1,N,1.656394946811519,06/30/2026,12.56,446240,3661,373940,"The City National Bank and Trust Company of Lawton, Oklahoma",Lawton,4132,OK,40,4,4132
1,NM,1.7521119206186029,06/30/2026,16.62,22022,196,19606,Farmers and Merchants Bank,Maysville,4144,OK,40,2,4144
1,N,1.9433946906359376,06/30/2026,17.56,580353,5571,504171,First National Bank & Trust Company of McAlester,Mcalester,4145,OK,40,4,4145
1,N,1.6324505347861513,06/30/2026,18.82,488053,3937,442751,"The Bank, National Association",Mcalester,4146,OK,40,4,4146
1,SM,2.098139643330694,06/30/2026,15.78,1913316,20352,1637843,Bank 7,Oklahoma City,4147,OK,40,4,4147
1,N,1.9896220941284986,06/30/2026,14.96,191416,2006,162578,The First National Bank and Trust Company of Miami,Miami,4148,OK,40,2,4148
1,NM,0.9384650896936355,06/30/2026,9.65,2241430,9832,1938474,Regent Bank,Tulsa,4160,OK,40,4,4160
1,N,1.0824214752420689,06/30/2026,11.1,314467,1650,275417,"Patrons Bank, National Association",Okmulgee,4170,OK,40,4,4170
1,N,1.1160851632617705,06/30/2026,17.52,356587,1965,327373,The Pauls Valley National Bank,Pauls Valley,4173,OK,40,4,4173
1,SM,2.1759614092314172,06/30/2026,18.73,938970,9984,827504,Security Bank,Tulsa,4178,OK,40,4,4178
1,NM,1.6596696583569912,06/30/2026,13.81,330216,2849,285023,High Plains Bank,Okeene,418,OK,40,2,418
1,SM,1.326016699083695,06/30/2026,13.17,558094,3586,483443,First Pryority Bank,Pryor,4185,OK,40,4,4185
1,NM,1.6996013791866111,06/30/2026,16.87,294010,2463,265769,McClain Bank,Purcell,4187,OK,40,4,4187
1,SM,0.9462757323122751,06/30/2026,10.43,1484205,6975,1159703,American Heritage Bank,Sapulpa,4190,OK,40,9,4190
1,NM,1.5962190721997755,06/30/2026,17.04,195039,1575,175151,THE SEILING STATE BANK,Seiling,4193,OK,40,2,4193
1,N,0.01217044711180077,06/30/2026,0.11,129448,8,111346,"SNB Bank, National Association",Shattuck,4196,OK,40,2,4196
1,NM,-0.8698561391769822,06/30/2026,-13.25,28851,-130,26773,Bank of Vici,Vici,420,OK,40,4,420
1,SM,1.7962425230143575,06/30/2026,18.23,404513,3560,330110,Anchor D Bank,Texhoma,4208,OK,40,2,4208
1,SM,1.1842918278142665,06/30/2026,9.17,63194,345,55674,First  Bank of Thomas,Thomas,4209,OK,40,8,4209
1,NM,2.1436722563305874,06/30/2026,21.01,279534,3015,247854,Security State Bank,Cheyenne,421,OK,40,2,421
1,N,2.3339499101106087,06/30/2026,22.8,949873,10784,806951,First National Bank of Oklahoma,Oklahoma City,4211,OK,40,4,4211
1,N,1.2297025345060022,06/30/2026,11.57,52984896,324811,40020634,"BOKF, National Association",Tulsa,4214,OK,40,4,4214
1,NM,0.6669657544489308,06/30/2026,5.97,67252,223,59356,COMMUNITY BANK OF OKLAHOMA,Verden,4217,OK,40,4,4217
1,N,1.6201493630106898,06/30/2026,11.02,55522,461,47073,The First Farmers National Bank of Waurika,Waurika,4222,OK,40,2,4222
1,SM,1.1874919254240306,06/30/2026,20.43,316798,1823,272896,First Bethany Bank & Trust,Bethany,4228,OK,40,4,4228
1,NM,2.1063585584206903,06/30/2026,15.38,111375,1147,95807,The State Bank of Wynnewood,Wynnewood,4232,OK,40,2,4232
1,NM,0.5520429947691748,06/30/2026,7.05,261368,718,232527,YNB,Yukon,4235,OK,40,4,4235
1,N,1.7561847004729427,06/30/2026,20.52,501461,4365,452860,"Shamrock Bank, N.A.",Coalgate,4236,OK,40,4,4236
1,SM,0.9161495391609389,06/30/2026,9.48,16594244,75233,13326353,First United Bank and Trust Company,Durant,4239,OK,40,4,4239
1,N,0.9161802249731441,06/30/2026,6.15,242273,1140,201672,The Idabel National Bank,Idabel,4241,OK,40,4,4241
1,N,1.3461052605337955,06/30/2026,12.7,6940603,46798,5592615,The Camden National Bank,Camden,4255,ME,23,4,4255
1,N,1.2176304737494927,06/30/2026,14.86,3180486,19231,2680703,First National Bank,Damariscotta,4256,ME,23,4,4256
1,NM,1.9859370303085753,06/30/2026,14.74,103691,1013,89001,American Exchange Bank,Henryetta,428,OK,40,6,428
1,N,1.6038190813180384,06/30/2026,14.77,631070,4933,556514,First National Bank of Louisiana,Crowley,4288,LA,22,4,4288
1,N,2.1404059973969303,06/30/2026,22.75,646453,6833,577781,The First National Bank of Jeanerette,Jeanerette,4290,LA,22,4,4290
1,N,1.6717593968867013,06/30/2026,11.35,662157000,5552000,512600000,"Capital One, National Association",Mclean,4297,VA,51,3,4297
1,N,1.0936516579801567,06/30/2026,14.56,384342,2062,346892,The Riddell National Bank,Brazil,4318,IN,18,4,4318
1,N,1.0625382636551566,06/30/2026,13.48,812493,4255,706478,"FCN Bank, National Association",Brookville,4319,IN,18,4,4319
1,N,1.9093296243450317,06/30/2026,19.24,137726,1327,121871,Security First National Bank of Hugo,Hugo,432,OK,40,4,432
1,N,0.4242415614367268,06/30/2026,5.58,418537,894,383066,First National Bank,Cloverdale,4324,IN,18,8,4324
1,NM,1.75164866978103,06/30/2026,14.53,6548335,56936,5478939,Horizon Bank,Michigan City,4360,IN,18,4,4360
1,N,1.0959332923780047,06/30/2026,9.73,430515,2334,379751,The First National Bank of Monterey,Monterey,4364,IN,18,2,4364
1,NM,0.7795317911947262,06/30/2026,6.04,21320482,79747,16778991,First Merchants Bank,Muncie,4365,IN,18,4,4365
1,N,1.4480529661443176,06/30/2026,13.45,6171777,43547,4850806,"First Financial Bank, National Association",Terre Haute,4382,IN,18,4,4382
1,NM,1.6400673960675989,06/30/2026,18.02,180959,1512,161284,LNB Community Bank,Lynnville,4398,IN,18,5,4398
1,NM,1.8482870726848288,06/30/2026,15.83,675306,6049,589604,Springs Valley Bank & Trust Company,French Lick,4419,IN,18,4,4419
1,SB,1.7472389384677716,06/30/2026,13.26,768310,5096,649582,"Midwest Heritage Bank, FSB",West Des Moines,4432,IA,19,2,4432
1,SM,2.093944393397193,06/30/2026,18.57,1797291,19021,1576073,First Citizens Bank,Mason City,4433,IA,19,4,4433
1,N,0.7672088189383952,06/30/2026,7.16,396417,1581,340729,The Clinton National Bank,Clinton,4439,IA,19,2,4439
1,NM,1.9845691808318082,06/30/2026,19.36,674545,6542,587957,PS Bank,Wyalusing,444,PA,42,4,444
1,NM,1.0946377223051353,06/30/2026,13.89,611253,3303,530328,Mercer County State Bank,Sandy Lake,445,PA,42,4,445
1,SM,1.8237337516808605,06/30/2026,18.96,72145,651,59889,First Heritage Bank,Shenandoah,4457,IA,19,2,4457
1,SM,1.627707083223744,06/30/2026,14.9,240875,2001,208195,First Bank Hampton,Hampton,4464,IA,19,2,4464
1,N,1.4912934823617938,06/30/2026,14.41,653874,4763,570206,"Midstates Bank, National Association",Council Bluffs,4465,IA,19,2,4465
1,SM,1.3461545593105315,06/30/2026,15.22,92183,605,83563,Logan State Bank,Logan,4476,IA,19,2,4476
1,N,1.0369652278939674,06/30/2026,7.05,87720,435,74549,The First National Bank of Manning,Manning,4477,IA,19,2,4477
1,SM,1.406977368901755,06/30/2026,16.29,109451,742,89264,FNNB Bank,Newton,4482,IA,19,4,4482
1,N,0.872603444300587,06/30/2026,6.32,36340,164,29914,The First National Bank of Primghar,Primghar,4494,IA,19,2,4494
1,N,1.7942736273158355,06/30/2026,14.99,1690263,15266,1311765,"The Security National Bank of Sioux City, Iowa",Sioux City,4506,IA,19,2,4506
1,N,2.497671739422905,06/30/2026,16.62,256452,3187,210488,The Citizens First National Bank of Storm Lake,Storm Lake,4511,IA,19,2,4511
1,NM,1.0728577507279082,06/30/2026,10.83,134638,748,120199,The State Bank of Toledo,Toledo,4514,IA,19,2,4514
1,SM,1.536847536641866,06/30/2026,12.11,739902,5679,619771,First Bank,Waverly,4519,IA,19,2,4519
1,NM,2.832659138592573,06/30/2026,27.74,399474,5441,342763,Pony Express Bank,Braymer,4526,MO,29,4,4526
1,SM,1.2917240374629344,06/30/2026,11.22,566542,3665,478428,Farmers Bank of Northern Missouri,Unionville,4539,MO,29,2,4539
1,N,2.6581371317587985,06/30/2026,22.82,1314273,14521,1162910,HNB National Bank,Hannibal,4540,MO,29,2,4540
1,NM,1.362766936803293,06/30/2026,18.31,812872,5714,696778,CNB St Louis Bank,Maplewood,4549,MO,29,4,4549
1,SM,0.9235149116411484,06/30/2026,7.1,111952,532,94124,TPNB Bank,Paris,4556,MO,29,2,4556
1,N,0.8275838677674738,06/30/2026,5.97,122201,488,104589,"The First National Bank of Nevada, Missouri",Nevada,4598,MO,29,2,4598
1,N,1.3264622639683135,06/30/2026,6.58,172526,1142,136658,Farmers National Bank,Phillipsburg,4611,KS,20,2,4611
1,NM,1.6971050881329934,06/30/2026,13.75,626801,5333,539715,Exchange Bank & Trust,Atchison,4619,KS,20,2,4619
1,NM,1.4318273226974125,06/30/2026,19.04,159001,1157,144801,Farmers Bank & Trust,Atwood,4621,KS,20,2,4621
1,SM,1.3831418942778344,06/30/2026,14.86,170241,1273,152336,American Bank of Baxter Springs,Baxter Springs,4624,KS,20,2,4624
1,NM,1.5125148947180804,06/30/2026,21.98,303425,2270,280069,First Heritage Bank,Centralia,4636,KS,20,2,4636
1,N,2.099874912394319,06/30/2026,34.13,143475,1578,131346,The First National Bank in Cimarron,Cimarron,4638,KS,20,2,4638
1,NM,1.3184670499299758,06/30/2026,14.7,44591,284,40525,NINNESCAH VALLEY BANK,Cunningham,4652,KS,20,2,4652
1,N,1.208018580023304,06/30/2026,7.96,88525,508,66459,The First National Bank of Dighton,Dighton,4654,KS,20,2,4654
1,SM,1.3450788340450917,06/30/2026,12.51,241229,1631,212339,FirstOak Bank,Independence,4660,KS,20,4,4660
1,NM,2.173089255523815,06/30/2026,26.79,183321,1988,166838,Home Bank and Trust Company,Eureka,4664,KS,20,4,4664
1,N,1.700175754794076,06/30/2026,13.41,1423100,12150,1218337,"Armed Forces Bank, National Association",Fort Leavenworth,4666,KS,20,4,4666
1,N,0.7368096466884139,06/30/2026,11.98,61566,227,55440,First National Bank in Frankfort,Frankfort,4668,KS,20,2,4668
1,N,1.524549734698453,06/30/2026,12.6,1053271,7990,851058,"GNBank, National Association",Girard,4673,KS,20,2,4673
1,N,0.9141349428957531,06/30/2026,13.08,228968,1044,214662,The Citizens National Bank,Greenleaf,4678,KS,20,2,4678
1,N,-0.4608325978427106,06/30/2026,-2.61,41719,-114,32761,Ventura National Bank & Trust,Harveyville,4683,KS,20,4,4683
1,N,0.8238219925662635,06/30/2026,9.11,83394,355,74087,The First National Bank of Hope,Hope,4690,KS,20,2,4690
1,NM,2.314724286272976,06/30/2026,26.37,80211,947,71089,"The Howard State Bank, Howard, Kansas",Howard,4693,KS,20,2,4693
1,N,1.4205585990588712,06/30/2026,13.93,1208135,8733,1039282,The First National Bank of Hutchinson,Hutchinson,4697,KS,20,4,4697
1,N,1.3313329972832628,06/30/2026,13.58,1388578,9266,1197702,Central National Bank,Junction City,4702,KS,20,2,4702
1,NM,1.557228174689575,06/30/2026,13.5,3858042,29741,3186900,Security Bank of Kansas City,Kansas City,4705,KS,20,4,4705
1,SM,1.0085371951332431,06/30/2026,16.67,548444,2723,498604,Citizens Bank of Kansas,Kingman,4707,KS,20,8,4707
1,N,1.8377290723107933,06/30/2026,18.36,201286,1784,171488,The First National Bank of Louisburg,Louisburg,4722,KS,20,8,4722
1,N,1.2448615527805784,06/30/2026,8.18,35410,214,29753,The Marion National Bank,Marion,4728,KS,20,2,4728
1,NM,1.283902773047876,06/30/2026,18.96,186552,1175,172765,Southwind Bank,Natoma,4735,KS,20,2,4735
1,SM,1.43709249113388,06/30/2026,22.51,817581,5796,722092,First Option Bank,Osawatomie,4746,KS,20,4,4746
1,NM,2.911065610255497,06/30/2026,33.64,225593,2180,191418,The First Security Bank,Overbrook,4752,KS,20,4,4752
1,N,1.369318075868799,06/30/2026,10,322199,2203,259469,First National Bank and Trust,Phillipsburg,4756,KS,20,2,4756
1,NM,0.9122628160621534,06/30/2026,10.34,302913,1384,259562,SJN Bank of Kansas,Saint John,4766,KS,20,2,4766
1,N,0.3353733103468091,06/30/2026,2.63,15653917,18267,13475417,"Sunflower Bank, National Association",Dallas,4767,TX,48,4,4767
1,N,1.6709329472656667,06/30/2026,13.11,173764,1435,140405,The First National Bank of Scott City,Scott City,4769,KS,20,2,4769
1,N,0.6352481268324465,06/30/2026,5.08,60987,195,53008,"Elevate Bank, National Association",Sedan,4770,KS,20,4,4770
1,NM,2.2528462789573167,06/30/2026,12.05,182641,2050,146822,The Solomon State Bank,Solomon,4773,KS,20,5,4773
1,N,1.391855177323512,06/30/2026,12.01,62117,479,53638,The First National Bank of Spearville,Spearville,4774,KS,20,2,4774
1,N,1.5114695715931707,06/30/2026,15.94,257355,1924,231986,Western National Bank,Chester,4778,NE,31,2,4778
1,N,1.071149847365394,06/30/2026,10.82,963672,5044,850448,"Dream First Bank, National Association",Syracuse,4779,KS,20,2,4779
1,NM,1.576054024771938,06/30/2026,21.01,2820619,21922,2512987,Emprise Bank,Wichita,4789,KS,20,4,4789
1,SM,1.5586837189980436,06/30/2026,19.78,544519,4096,472965,Bank of the Flint Hills,Wamego,4791,KS,20,2,4791
1,SM,1.9361401396672522,06/30/2026,7.57,87794,847,57394,FNB Washington,Washington,4792,KS,20,2,4792
1,N,0.783151448535762,06/30/2026,19.05,105593,399,94684,First National Bank of Kansas,Burlington,4794,KS,20,2,4794
1,NM,0.6995567716099473,06/30/2026,11.9,112753,398,104394,Bank of Commerce and Trust Company,Wellington,4796,KS,20,2,4796
1,N,1.3982498407590223,06/30/2026,19.88,6761946,47811,5950382,"Intrust Bank, National Association",Wichita,4799,KS,20,4,4799
1,N,1.1303658264069751,06/30/2026,11.61,502120,2858,403829,Southwest National Bank,Wichita,4801,KS,20,4,4801
1,N,1.2822774024195747,06/30/2026,12.02,6148263,39756,5426116,"Shore United Bank, National Association",Easton,4832,MD,24,4,4832
1,NM,0.7337868936983614,06/30/2026,8.18,304087,1167,238800,Security Bank Midwest,Tyndall,485,SD,46,2,485
1,NM,1.2486391654069973,06/30/2026,12.02,2054956,12754,1743782,First United Bank & Trust,Oakland,4857,MD,24,4,4857
1,NM,0.670781715371002,06/30/2026,5.76,78111,259,68562,Bank of Evergreen,Evergreen,49,AL,1,8,49
1,NM,1.1050020526947855,06/30/2026,12.18,85563,480,77319,Western Dakota Bank,Timber Lake,492,SD,46,2,492
1,NM,3.104231476884014,06/30/2026,26.62,232002,3574,190457,Peoples Bank of the South,La Follette,4945,TN,47,4,4945
1,N,1.0367541462570193,06/30/2026,10.75,952383,4891,827746,The First National Bank of Middle Tennessee,Mcminnville,4952,TN,47,4,4952
1,N,1.965480145778142,06/30/2026,20.9,367780,3581,327972,The First National Bank of Oneida,Oneida,4958,TN,47,4,4958
1,NM,1.5250693064872363,06/30/2026,16.14,363464,2724,302145,BankStar Financial,Elkton,496,SD,46,4,496
1,NM,0.8166709403493289,06/30/2026,8.33,226356,913,202771,First Farmers & Commercial Bank,Pikeville,4960,TN,47,4,4960
1,SM,1.3955578737238654,06/30/2026,12.53,84116168,585001,68788699,First Horizon Bank,Memphis,4977,TN,47,4,4977
1,SM,1.3296346554703848,06/30/2026,11.39,19190322,126533,16216956,Trustmark Bank,Jackson,4988,MS,28,4,4988
1,N,1.5940000568040256,06/30/2026,15.54,1888606,14779,1631587,The Citizens National Bank of Meridian,Meridian,4993,MS,28,4,4993
1,NM,1.3873624540030167,06/30/2026,17.21,228823,1559,205693,Community Spirit Bank,Red Bay,50,AL,1,4,50
1,SM,0.826700283942323,06/30/2026,7.4,939718,3833,786945,FNB Oxford Bank,Oxford,5005,MS,28,4,5005
1,SM,0.3797024868984299,06/30/2026,4.6,561000,1035,510008,First Choice Bank,Pontotoc,5006,MS,28,4,5006
1,NM,2.455427634959758,06/30/2026,24.31,180435,2190,137272,Farmers and Merchants State Bank,Plankinton,501,SD,46,2,501
1,NM,1.8530963054736678,06/30/2026,13.44,493988,4527,419043,Century Bank and Trust,Coldwater,5015,MI,26,4,5015
1,N,0.7319524636353355,06/30/2026,16.39,470958,1715,435798,Citizens National Bank of Cheboygan,Cheboygan,5018,MI,26,4,5018
1,NM,0.8494045284634824,06/30/2026,9.43,1681505,7187,1404337,Southern Michigan Bank & Trust,Coldwater,5019,MI,26,4,5019
1,NM,0.9653761128738815,06/30/2026,11.76,1472234,6875,1269500,The Dart Bank,Mason,5033,MI,26,4,5033
1,NM,1.8543034745175744,06/30/2026,10.61,150436,1410,120561,Great Plains Bank,Eureka,505,SD,46,2,505
1,N,1.1704300108096226,06/30/2026,10.33,1042146,6105,881463,Superior National Bank,Hancock,5058,MI,26,4,5058
1,N,0.8453311292693428,06/30/2026,9.48,386385,1708,337614,First National Bank & Trust Co.,Iron Mountain,5062,MI,26,4,5062
1,NM,1.471922298523561,06/30/2026,14.09,604142,4508,521491,Range Bank,Marquette,5072,MI,26,4,5072
1,N,0.6307916257381919,06/30/2026,11.97,335817,1066,316268,The First National Bank of St. Ignace,St. Ignace,5074,MI,26,7,5074
1,N,0.6493996828513177,06/30/2026,7.12,52648,172,47695,The First National Bank of Wakefield,Wakefield,5076,MI,26,8,5076
1,N,1.2037806235207449,06/30/2026,17.57,129185,768,119715,The First National Bank of Bagley,Bagley,5087,MN,27,8,5087
1,N,1.4220825292405626,06/30/2026,17.92,1078508,7396,844391,The First National Bank of Bemidji,Bemidji,5093,MN,27,4,5093
1,NM,0.519914707663148,06/30/2026,5.41,445778,1185,384621,Star Bank,Maple Lake,5095,MN,27,2,5095
1,SM,0.4812872415409886,06/30/2026,6.66,322701,775,283154,First Bank Blue Earth,Blue Earth,5097,MN,27,2,5097
1,NM,1.266054789371415,06/30/2026,7.88,445356,2717,373643,The Bank of Vernon,Vernon,51,AL,1,4,51
1,N,-1.4712869533005306,06/30/2026,-11.15,114588,-609,103824,B2 Bank National Association,Holladay,5105,UT,49,7,5105
1,NM,2.0583912580747024,06/30/2026,14.8,85158,880,72509,First Security Bank - Canby,Canby,5107,MN,27,2,5107
1,N,1.3222877170622909,06/30/2026,12.93,37113,249,33034,Western National Bank,Cass Lake,5110,MN,27,4,5110
1,N,1.4985443587517238,06/30/2026,20.85,138153,978,128071,The First National Bank of Cokato,Cokato,5115,MN,27,4,5115
1,NM,1.3652676147215932,06/30/2026,15.69,353169,2391,289318,Granite Bank,Cold Spring,5116,MN,27,4,5116
1,N,0.6510334932520289,06/30/2026,11.18,111974,363,105149,The First National Bank of Coleraine,Coleraine,5117,MN,27,7,5117
1,NM,1.7885929411388584,06/30/2026,20.33,1517800,13427,1378249,Deerwood Bank,Waite Park,5123,MN,27,4,5123
1,N,0.13730382531410096,06/30/2026,1.29,135773,93,108757,Western National Bank,Duluth,5131,MN,27,4,5131
1,NM,0.567928212121461,06/30/2026,6.71,369202,1037,269904,First Bank Elk River,Elk River,5136,MN,27,4,5136
1,N,1.0317546626067098,06/30/2026,10.89,96602,506,84361,The Miners National Bank of Eveleth,Eveleth,5141,MN,27,5,5141
1,N,1.1009998876530727,06/30/2026,2.9,35649,196,21938,The First National Bank of Fairfax,Fairfax,5142,MN,27,2,5142
1,N,1.6215375960442358,06/30/2026,5.69,2590233,21906,1673209,"Wells Fargo Bank South Central, National Association",Houston,5146,TX,48,5,5146
1,N,0.6588664712751231,06/30/2026,9.35,86028,284,76019,The First National Bank of Gilbert,Gilbert,5150,MN,27,5,5150
1,N,1.4148889338362145,06/30/2026,17.9,422558,2973,385638,"My Kind of Bank, National Association",Ottertail,5162,MN,27,4,5162
1,SM,1.0074168918459063,06/30/2026,10.28,1345670,6735,1149783,Bank Midwest,Spirit Lake,5170,IA,19,4,5170
1,NM,1.3737355258983164,06/30/2026,17.68,120071,801,109401,Global Innovations Bank,Kiester,5175,MN,27,2,5175
1,N,1.5673427015316104,06/30/2026,17.79,178155,1389,139565,The First National Bank of Le Center,Lonsdale,5180,MN,27,2,5180
1,N,1.264712193770423,06/30/2026,12.15,242610,1552,213502,First Farmers & Merchants National Bank,Luverne,5186,MN,27,2,5186
1,SM,1.5749526186185197,06/30/2026,15.82,883758,6997,762954,Pioneer Bank,Mapleton,5193,MN,27,2,5193
1,N,1.714148282572097,06/30/2026,8.38,47021,392,37383,The First National Bank of McIntosh,Mcintosh,5196,MN,27,2,5196
1,NM,1.8416683410708432,06/30/2026,14.84,126499,1161,108430,COMMUNITY FIRST BANK,Menahga,5197,MN,27,4,5197
1,N,1.9482754424817217,06/30/2026,19.05,293216,2802,259783,The First National Bank of Milaca,Milaca,5198,MN,27,4,5198
1,NM,0.4290962329263891,06/30/2026,4.56,301260,636,215178,The Citizens Bank of Winfield,Winfield,52,AL,1,7,52
1,N,2.1151465378816665,06/30/2026,15.67,133658,1438,112361,The First National Bank of Moose Lake,Moose Lake,5214,MN,27,4,5214
1,SM,1.4027601234792084,06/30/2026,12.37,556392,3914,471756,Community Resource Bank,Northfield,5219,MN,27,4,5219
1,N,1.1222281379863508,06/30/2026,11.97,97563,541,80949,The First National Bank of Osakis,Osakis,5221,MN,27,4,5221
1,N,1.926671209747078,06/30/2026,16.29,396998,3699,348056,The Citizens National Bank of Park Rapids,Park Rapids,5223,MN,27,4,5223
1,NM,1.182330083914088,06/30/2026,12.61,433789,2527,345268,Foresight Bank,Plainview,5229,MN,27,8,5229
1,N,0.5707629586488061,06/30/2026,6.93,33993,98,31090,The First National Bank of Proctor,Proctor,5232,MN,27,5,5232
1,N,1.3533299217889596,06/30/2026,13.83,437787,2984,373149,First National Bank Minnesota,Saint Peter,5247,MN,27,4,5247
1,N,1.656455586941083,06/30/2026,16.2,298434,2418,253886,Minnesota National Bank,Sauk Centre,5249,MN,27,4,5249
1,NM,1.5417804449431125,06/30/2026,10.49,182788,1452,153341,First Security Bank - Sleepy Eye,Sleepy Eye,5252,MN,27,2,5252
1,SM,1.098624297616741,06/30/2026,9.6,35408,189,31172,Farmers State Bank,Pine Bluffs,526,WY,56,8,526
1,N,2.5392002221300167,06/30/2026,21.57,864309,10791,756276,First National Bank North,Walker,5269,MN,27,4,5269
1,N,2.0374228704223096,06/30/2026,24.6,201067,2034,181527,"Keen Bank, National Association",Waseca,5270,MN,27,4,5270
1,NM,1.27278685131849,06/30/2026,11.29,58149,369,47700,First Financial Bank in Winnebago,Winnebago,5278,MN,27,2,5278
1,N,0.9962592827761367,06/30/2026,9.74,583746,2887,512856,"WNB FINANCIAL, N.A.",Winona,5280,MN,27,4,5280
1,NM,1.4025062078143624,06/30/2026,11.72,750376,5185,608803,Fortifi Bank,Berlin,5286,WI,55,4,5286
1,NM,2.1934650567740563,06/30/2026,26.08,202520,2236,182299,Central Bank and Trust,Lander,529,WY,56,4,529
1,NM,1.0972644967499254,06/30/2026,13.08,583852,3200,444152,PremierBank,Fort Atkinson,5295,WI,55,4,5295
1,N,1.0457155861160559,06/30/2026,9.94,51756540,248252,40118466,"Associated Bank, National Association",Green Bay,5296,WI,55,4,5296
1,NM,1.1053933743917201,06/30/2026,10.87,404487,2292,336251,FORTE BANK,Hartford,5297,WI,55,4,5297
1,N,1.6726556061906415,06/30/2026,12.52,5944186,46031,5029078,"Bank First, N.A.",Manitowoc,5304,WI,55,4,5304
1,N,1.4095284826393757,06/30/2026,15.79,676836,4826,588025,The Stephenson National Bank and Trust,Marinette,5306,WI,55,4,5306
1,N,0.6647411331842097,06/30/2026,9.42,299973,1000,250849,The Peshtigo National Bank,Peshtigo,5317,WI,55,2,5317
1,SM,3.4284183105530683,06/30/2026,36.88,734754,12027,600679,WOODTRUST BANK,Wisconsin Rapids,5335,WI,55,4,5335
1,SM,0.9688707497945613,06/30/2026,12.78,267046,1293,195774,Pillar Bank,Baldwin,5336,WI,55,2,5336
1,N,3.3806075318306603,06/30/2026,11.22,363672,6225,225589,The First National Bank of Bangor,Bangor,5337,WI,55,4,5337
1,N,1.3471564691076887,06/30/2026,17.29,345349,2248,311833,First National Community Bank,New Richmond,5357,WI,55,4,5357
1,N,1.2875350423398166,06/30/2026,17.91,325271,2079,286582,The First National Bank of River Falls,River Falls,5364,WI,55,4,5364
1,SM,1.3472814305044303,06/30/2026,9.23,139328,926,110490,West Plains Bank,Ainsworth,5369,NE,31,2,5369
1,SM,1.3327819620231711,06/30/2026,13.92,152162,983,128002,Farmers and Merchants Bank of Ashland,Ashland,5377,NE,31,4,5377
1,SM,0.9888771040252976,06/30/2026,10.13,342330,1672,300230,First Community Bank,Beemer,5384,NE,31,2,5384
1,NM,1.7726160863212876,06/30/2026,16.49,391485,3569,324567,Waypoint Bank,Cozad,5394,NE,31,2,5394
1,NM,0.9420766867463157,06/30/2026,8.84,323243,1548,288374,City Bank & Trust Co.,Lincoln,5396,NE,31,4,5396
1,NM,1.2142403751873947,06/30/2026,9.18,392537,2388,336397,The Exchange Bank of Alabama,Altoona,54,AL,1,4,54
1,NM,1.457602055479272,06/30/2026,12.69,135277,989,115087,F&M Bank,Falls City,5401,NE,31,2,5401
1,SM,1.0603174214256401,06/30/2026,8.1,108276,577,83877,First Bank and Trust of Fullerton,Fullerton,5405,NE,31,2,5405
1,NM,1.520409224572385,06/30/2026,12.73,70451,536,59677,Genoa Community Bank,Genoa,5408,NE,31,2,5408
1,N,2.728535892195975,06/30/2026,19.85,357544,4978,305595,The First National Bank of Gordon,Gordon,5410,NE,31,2,5410
1,NM,0.8080065613375617,06/30/2026,9.07,2321341,8970,2030796,Security First Bank,Lincoln,5415,NE,31,4,5415
1,N,0.5169732546898861,06/30/2026,3.31,95593,246,78315,The First National Bank of Johnson,Johnson,5422,NE,31,2,5422
1,SM,1.339572709029818,06/30/2026,11.34,309903,2115,269704,Security Bank,Laurel,5424,NE,31,2,5424
1,NM,0.596639020365626,06/30/2026,5.26,157807,458,136733,Legends West Bank,Lewellen,5425,NE,31,4,5425
1,SM,1.322907922391052,06/30/2026,9.96,472630,3207,361049,First Northeast Bank of Nebraska,Lyons,5432,NE,31,2,5432
1,SM,1.0558112531237642,06/30/2026,9.55,594103,3137,494916,MNB BANK,Mccook,5434,NE,31,2,5434
1,SM,1.0089091440510083,06/30/2026,10.13,91188,466,66311,First Bank and Trust Company,Minden,5438,NE,31,2,5438
1,NM,1.5929832878985422,06/30/2026,8.3,201419,1568,146477,Minden Exchange Bank & Trust Company,Minden,5439,NE,31,2,5439
1,SM,1.9541494057370632,06/30/2026,20.79,809176,7803,692961,Platte Valley Bank,Torrington,5442,WY,56,4,5442
1,N,1.789113706601248,06/30/2026,15.91,34201445,308623,27775472,First National Bank of Omaha,Omaha,5452,NE,31,9,5452
1,N,1.9343282122136565,06/30/2026,17.03,165570,1582,146127,First National Bank in Ord,Ord,5460,NE,31,2,5460
1,NM,0.8930512032530613,06/30/2026,9.32,242288,1082,199786,Citizens Bank & Trust Company,Saint Paul,5469,NE,31,2,5469
1,NM,2.139508756383833,06/30/2026,18.56,421932,4507,347193,Cattle Bank and Trust,Seward,5472,NE,31,2,5472
1,SM,1.3039732769391965,06/30/2026,15.98,441170,2823,370780,JONES BANK,Seward,5473,NE,31,2,5473
1,SM,1.2838394725163254,06/30/2026,13.74,64804,405,58446,Stanton State Bank,Stanton,5478,NE,31,2,5478
1,SM,1.8484370271836712,06/30/2026,19.97,498084,4449,390069,FirstBank of Nebraska,Wahoo,5486,NE,31,2,5486
1,NM,1.1978674085623844,06/30/2026,12.62,243966,1484,203794,State Nebraska Bank & Trust,Wayne,5490,NE,31,2,5490
1,SM,1.2166572332244805,06/30/2026,14.2,652991,3948,592186,Citizens State Bank,Wisner,5495,NE,31,2,5495
1,SM,1.2425878879200916,06/30/2026,13.7,2730249,16853,2312054,Cornerstone Bank,York,5496,NE,31,2,5496
1,SM,1.313547249901908,06/30/2026,15.3,53950075,349946,43669523,Frost  Bank,San Antonio,5510,TX,48,4,5510
1,N,2.206830809184889,06/30/2026,15.96,1701346,16236,1220063,"Servbank, National Association",Oswego,55130,IL,17,4,55130
1,N,0.8602679120068821,06/30/2026,7.25,80028,350,70497,The City National Bank of San Saba,San Saba,5518,TX,48,2,5518
1,N,0.5703243684306792,06/30/2026,7.58,721953,2006,640687,The First National Bank of Sonora,Sonora,5531,TX,48,4,5531
1,N,2.521279671088555,06/30/2026,16.4,394887,5233,328417,The First National Bank of Stanton,Stanton,5536,TX,48,7,5536
1,N,1.672056643101188,06/30/2026,19.2,240137,2075,218370,The First National Bank of Sterling City,Sterling City,5538,TX,48,2,5538
1,N,2.2804646100907475,06/30/2026,23.56,1374878,15583,1230950,The City National Bank of Sulphur Springs,Sulphur Springs,5544,TX,48,4,5544
1,N,1.2642647538311054,06/30/2026,10.94,250346,1551,220778,The City National Bank of Taylor,Taylor,5548,TX,48,8,5548
1,N,0.782861479152646,06/30/2026,9.27,2574832,9847,2094293,"Extraco Banks, National Association",Temple,5551,TX,48,9,5551
1,N,1.0542694597808357,06/30/2026,8.65,155559,795,135700,The First National Bank of Tom Bean,Tom Bean,5557,TX,48,2,5557
1,N,0.8279688444713162,06/30/2026,12.95,92793,388,86044,The First National Bank of Trinity,Trinity,5559,TX,48,8,5559
1,N,2.119479176763271,06/30/2026,17.12,182292,1968,158294,First National Bank of Bosque County,Valley Mills,5564,TX,48,4,5564
1,NM,0.14919398623585883,06/30/2026,1.32,540503,387,477026,Herring Bank,Amarillo,5568,TX,48,4,5568
1,N,2.4679833798167223,06/30/2026,19.22,353736,4336,304842,The Waggoner National Bank of Vernon,Vernon,5569,TX,48,4,5569
1,N,2.4917950723504103,06/30/2026,20.55,2188815,26548,1886288,Citizens National Bank of Texas,Waxahachie,5574,TX,48,4,5574
1,N,0.4532199734042279,06/30/2026,4.65,968323,2200,869722,First National Bank and Trust Company of Weatherford,Weatherford,5575,TX,48,4,5575
1,NM,1.4644505921644078,06/30/2026,22.18,159091,1124,147142,Fannin Bank,Bonham,5589,TX,48,8,5589
1,N,1.9241893225356423,06/30/2026,9.18,158219,1508,121423,The First National Bank of Winnsboro,Winnsboro,5590,TX,48,4,5590
1,NM,1.314490908191351,06/30/2026,15.6,385821,2524,350438,Yoakum Bank,Yoakum,5595,TX,48,4,5595
1,NM,1.3650260715590516,06/30/2026,11.29,1600939,10885,1394276,Troy Bank & Trust Company,Troy,5598,AL,1,4,5598
1,NM,0.42663286397411826,06/30/2026,8,212452,451,191657,Union State Bank,Pell City,5602,AL,1,4,5602
1,NM,1.1368266644935212,06/30/2026,6.13,49594,279,40310,Bank of Brewton,Brewton,5605,AL,1,7,5605
1,SM,1.7627326432516406,06/30/2026,13.73,1587615,13765,1325159,Chambers Bank,Danville,5615,AR,5,4,5615
1,NM,0.8274905616765544,06/30/2026,7.91,89773,358,76288,COMMUNITY STATE BANK,Bradley,5619,AR,5,4,5619
1,NM,1.1745989976436253,06/30/2026,11.53,252371,1473,210413,Smackover State Bank,Smackover,5623,AR,5,4,5623
1,NM,1.210655381564947,06/30/2026,11.79,247272,1500,220423,Bodcaw Bank,Stamps,5624,AR,5,4,5624
1,NM,1.2514641340088342,06/30/2026,7.65,120834,739,101015,Logan County Bank,Scranton,5632,AR,5,8,5632
1,SM,1.850782171712864,06/30/2026,13.27,8583002,78191,6801862,First Security Bank,Searcy,5633,AR,5,4,5633
1,SM,2.142149710865699,06/30/2026,17.27,123872,1341,107166,Connect Bank,Star City,5634,AR,5,4,5634
1,SM,2.091746663733292,06/30/2026,17.72,628453,6497,485521,CS Bank,Eureka Springs,5635,AR,5,4,5635
1,NM,1.4307631099920428,06/30/2026,36.22,1480129,10501,1397842,Citizens Bank and Trust,Frostproof,5673,FL,12,4,5673
1,NM,1.9652122913326537,06/30/2026,57.25,1030928,10231,991931,Brannen Bank,Inverness,5676,FL,12,5,5676
1,NM,1.7125642077825636,06/30/2026,14.06,624919,5335,544101,Southeastern Bank,Darien,5685,GA,13,4,5685
1,NM,1.803109298711952,06/30/2026,31.7,83948,762,78555,The Bank of Edison,Edison,5686,GA,13,2,5686
1,NM,1.9167793730680647,06/30/2026,17.55,1601685,14718,1327227,PrimeSouth Bank,Blackshear,5694,GA,13,4,5694
1,NM,1.2678197515991165,06/30/2026,13.03,438449,2873,367285,The Bank of Clovis,Clovis,57022,NM,35,2,57022
1,NM,1.8479874122596558,06/30/2026,18.42,153231,1380,137155,American Heritage Bank,Clovis,57025,NM,35,2,57025
1,NM,-2.117331607415284,06/30/2026,-5.61,41706,-458,25281,Champion Bank,Parker,57031,CO,8,4,57031
1,NM,0.5346052391313435,06/30/2026,3.2,465422,1215,358780,Willamette Valley Bank,Salem,57033,OR,41,4,57033
1,N,1.1685593699051047,06/30/2026,8.08,15390715,78117,12950153,Nicolet National Bank,Green Bay,57038,WI,55,4,57038
1,NM,1.4963404384111838,06/30/2026,16.94,333753,2439,301106,Bank of Newington,Newington,5704,GA,13,4,5704
1,N,1.4514713841580267,06/30/2026,9.68,4022876,29272,3363122,"California Bank of Commerce, National Association",San Diego,57044,CA,6,4,57044
1,NM,3.4120878389083296,06/30/2026,19.32,5333882,85823,3900657,Celtic Bank,Salt Lake City,57056,UT,49,4,57056
1,SM,1.8207330770918093,06/30/2026,14.44,313758,2753,272115,PEOPLES BANK,Sheridan,57058,AR,5,4,57058
1,N,1.1515482635064154,06/30/2026,11.49,1007582,5870,897015,Cornerstone National Bank & Trust Company,Palatine,57061,IL,17,4,57061
1,NM,0.8813076892623997,06/30/2026,8.36,1009751,4341,890359,Story Bank DBA Story Financial Partners,Jackson,57069,MS,28,4,57069
1,NM,1.054255702960564,06/30/2026,10.81,3258872,15161,2877460,Georgia Banking Company,Atlanta,57071,GA,13,4,57071
1,NM,1.068440845227249,06/30/2026,11.14,396520,2191,350357,Community Bank of Santa Maria,Santa Maria,57073,CA,6,4,57073
1,NM,0.8431176879764756,06/30/2026,6.86,238879,1004,210277,bankcda,Coeur D Alene,57074,ID,16,4,57074
1,N,1.4179902733376384,06/30/2026,17.31,6366430,44968,5359106,"Northbrook Bank and Trust Company, National Association",Northbrook,57082,IL,17,4,57082
1,NM,0.5951855898566308,06/30/2026,2.83,5679354,17161,4184612,Emigrant Bank,Miami,57083,FL,12,4,57083
1,NM,1.039103841660367,06/30/2026,11.89,148267,882,132298,The Farmers Bank,Greensboro,5709,GA,13,4,5709
1,NM,0.8393700818941604,06/30/2026,8.88,336575,1397,300080,Traditions First Bank,Erin,57092,TN,47,4,57092
1,SB,38.87941657757369,06/30/2026,61.55,557733,100067,50500,Northwestern Mutual Wealth Management,Milwaukee,57093,WI,55,5,57093
1,SM,1.2991743811929044,06/30/2026,15.12,1161394,7448,973567,Northstar Bank,Bad Axe,57097,MI,26,4,57097
1,NM,0.8177816958469187,06/30/2026,7.68,782004,3154,615310,Mission Valley Bank,Sun Valley,57101,CA,6,4,57101
1,N,1.7711468541820259,06/30/2026,17.97,2559637,21417,2208199,"Schaumburg Bank & Trust Company, National Association",Schaumburg,57103,IL,17,4,57103
1,SB,19.633099952215733,06/30/2026,23.41,16159,1575,500,Everence Trust Company,Goshen,57109,IN,18,7,57109
1,N,1.642211260205002,06/30/2026,11.06,831624,7329,693167,"First Century Bank, National Association",Commerce,57123,GA,13,7,57123
1,NM,2.441989687700392,06/30/2026,37.87,694298,8416,638312,First Community Bank of Central Alabama,Wetumpka,57124,AL,1,4,57124
1,NM,1.5412867409003577,06/30/2026,17.73,597901,4598,524348,Guardian Bank,Valdosta,57127,GA,13,4,57127
1,SB,-0.6547656982082457,06/30/2026,-6.07,826976,-2774,714878,Community Federal Savings Bank,Woodhaven,57129,NY,36,4,57129
1,N,0.8365089945925525,06/30/2026,7.84,5284723,21463,4262435,"Leader Bank, National Association",Arlington,57134,MA,25,4,57134
1,NM,0.5434468195886727,06/30/2026,7.88,185097,501,171045,Mission Bank,Kingman,57137,AZ,4,4,57137
1,NM,1.8274176771490858,06/30/2026,13.46,94118,855,80578,Community Bank of Missouri,Richmond,57141,MO,29,4,57141
1,NM,1.6333092195161163,06/30/2026,18.63,861957,6604,784687,Farmers and Merchants Bank,Lakeland,5716,GA,13,4,5716
1,N,21.174460672651747,06/30/2026,26.42,21588,2107,500,National Advisors Trust Company,Leawood,57160,KS,20,7,57160
1,SM,1.1971950295209766,06/30/2026,11.52,1196315,7832,1055805,Commerce West Bank,Irvine,57176,CA,6,4,57176
1,SM,0.44537201214547173,06/30/2026,4.55,1037780,2341,874979,The Freedom Bank of Virginia,Fairfax,57184,VA,51,4,57184
1,N,1.1370053368492183,06/30/2026,10.3,1045071,6074,915777,BNC National Bank,Glendale,57197,AZ,4,4,57197
1,NM,2.3962531314671605,06/30/2026,17.4,43454000,550000,35315000,Barclays Bank Delaware,Wilmington,57203,DE,10,3,57203
1,NM,1.0063112838767443,06/30/2026,9.94,156573,768,130259,Philo Exchange Bank,Philo,5722,IL,17,2,5722
1,NM,0.8919619329293604,06/30/2026,12.93,1860416,8183,1698344,Embassy Bank for the Lehigh Valley,Bethlehem,57228,PA,42,5,57228
1,N,3.5129370191911575,06/30/2026,36.56,326931,5756,294673,Douglas National Bank,Douglas,57230,GA,13,4,57230
1,SM,2.715223178091777,06/30/2026,16.35,2900018,39089,2075076,Cedar Rapids Bank and Trust Company,Cedar Rapids,57244,IA,19,4,57244
1,NM,1.4682077029349327,06/30/2026,16.83,504939,3631,298395,Cornerstone Bank,Overland Park,57250,KS,20,4,57250
1,N,0.7362782244606263,06/30/2026,6.14,1811475,6640,1579554,CCFBank National Association,Altoona,57265,WI,55,4,57265
1,N,1.5710425277081306,06/30/2026,12.79,1309420,10205,1142597,"Signature Bank, National Association",Toledo,57269,OH,39,4,57269
1,NM,1.7490569163867233,06/30/2026,15.07,138492,1214,120580,First Commerce Bank,Marysville,57273,KS,20,2,57273
1,SM,1.5079529781658103,06/30/2026,19.43,370310,2737,336129,FlatIrons Bank,Boulder,57280,CO,8,4,57280
1,N,2.423002569609471,06/30/2026,15.24,722874,9112,591572,AMG National Trust Bank,Boulder,57295,CO,8,4,57295
1,NM,1.530953793722519,06/30/2026,18.35,524948,4025,447148,"United Community Bank of West Kentucky, Inc.",Morganfield,57301,KY,21,4,57301
1,SM,1.861798954838493,06/30/2026,27.27,19620017,183374,17528088,Stifel Bank and Trust,Saint Louis,57311,MO,29,9,57311
1,NM,2.311334225121368,06/30/2026,16.95,206946,2563,169899,Town & Country Bank,Las Vegas,57312,NV,32,4,57312
1,SM,1.7566699450258954,06/30/2026,26.44,297306,2575,275867,Farmers Bank,Ault,57335,CO,8,2,57335
1,NM,-1.2411321918662266,06/30/2026,-17.71,247441,-1576,211561,Drake Bank,Saint Paul,57336,MN,27,4,57336
1,SM,0.7512870469312017,06/30/2026,8.91,3583462,13328,3228362,SouthEast Bank,Farragut,57348,TN,47,4,57348
1,SM,1.3817464402920447,06/30/2026,21.1,14623006,88664,13666306,Stifel Bank,Saint Louis,57358,MO,29,9,57358
1,NM,-0.19032817685712616,06/30/2026,-2.21,484737,-467,363101,American Eagle Bank,South Elgin,57359,IL,17,4,57359
1,NM,1.6066994613011432,06/30/2026,15.51,3466328,27271,3035317,Bankwell Bank,New Canaan,57368,CT,9,4,57368
1,NM,1.491358116062363,06/30/2026,16.79,3015990,21494,2482206,U. S. Century Bank,Doral,57369,FL,12,4,57369
1,NM,1.1203055378739657,06/30/2026,12.73,446289,2508,403962,Oregon Coast Bank,Newport,57373,OR,41,4,57373
1,NM,1.2442949133378376,06/30/2026,12.66,120144,752,106726,United Bank & Trust Co.,Marshalltown,57391,IA,19,4,57391
1,NM,1.9406183670270658,06/30/2026,15.53,230065,2208,198274,Bank of Lincoln County,Fayetteville,57396,TN,47,4,57396
1,NM,2.552020745050914,06/30/2026,17.52,21430000,269000,16518000,"Optum Bank, Inc.",Draper,57408,UT,49,4,57408
1,SM,1.1627318933781838,06/30/2026,12.22,655440,3717,589396,Worthington Bank,Arlington,57414,TX,48,4,57414
1,N,0.7421976847067491,06/30/2026,8.45,1645945,6125,1487724,"Forcht Bank, National Association",Lexington,57415,KY,21,4,57415
1,SM,0.38317135866751206,06/30/2026,4.11,451158,835,402327,Patriot Bank,Millington,57416,TN,47,4,57416
1,NM,1.3418519757503995,06/30/2026,14.75,3979541,25899,3455518,Commercial Bank of California,Irvine,57417,CA,6,4,57417
1,SM,0.38851077906264736,06/30/2026,3.61,188921,368,167279,Highlands Community Bank,Covington,57420,VA,51,8,57420
1,NM,1.879935300842166,06/30/2026,20.24,976168,9486,805900,Sanibel Captiva Community Bank,Sanibel,57425,FL,12,4,57425
1,SM,0.9113307017776247,06/30/2026,12.14,197945,860,168773,Commerce Bank & Trust,Winter Park,57429,FL,12,4,57429
1,N,1.426410913779969,06/30/2026,13.56,2811675,19030,2381148,"State Bank of the Lakes, National Association",Antioch,5744,IL,17,4,5744
1,NM,1.4940212891469464,06/30/2026,9.31,385265,2845,316728,American Continental Bank,City Of Industry,57444,CA,6,4,57444
1,NM,2.14581489857692,06/30/2026,12.95,2834690,28991,2299388,Medallion Bank,Salt Lake City,57449,UT,49,6,57449
1,SM,1.3267978927484971,06/30/2026,18.03,250828000,1653000,225247000,"Charles Schwab Bank, SSB",Westlake,57450,TX,48,5,57450
1,NM,0.868226877786792,06/30/2026,8.13,1065857,4732,937088,Sound Community Bank,Seattle,57451,WA,53,4,57451
1,NM,1.2768364689430185,06/30/2026,11.25,3469065,21589,2933655,PCB Bank,Los Angeles,57463,CA,6,4,57463
1,NM,1.9136544528974972,06/30/2026,18.29,935084,8819,824791,First Commerce Bank,Lewisburg,57465,TN,47,4,57465
1,NM,0.806462292259816,06/30/2026,11.59,103259,406,94652,Community Bank Owatonna,Owatonna,57468,MN,27,4,57468
1,SB,-1.0734282978908585,06/30/2026,-1.28,34263,-185,500,Members Trust Company,Tampa,57470,FL,12,5,57470
1,NM,0.6023500330684961,06/30/2026,9.27,1201077,3470,1102667,Citizens Bank & Trust,Guntersville,57483,AL,1,4,57483
1,NM,1.0195896964289994,06/30/2026,10.4,1710720,8718,1491637,Foresight Bank,Winnebago,5749,IL,17,2,5749
1,NM,0.22092731023922105,06/30/2026,2.19,333981,378,294008,Bank of Commerce,Duncan,57491,OK,40,4,57491
1,NM,1.718744271148112,06/30/2026,14.58,279739,2422,244240,PrimeBank of Texas,Austin,57495,TX,48,4,57495
1,NM,0.9371304046907941,06/30/2026,9.64,1485888,6743,1181842,Pathfinder Bank,Oswego,57497,NY,36,4,57497
1,N,1.2581589028714646,06/30/2026,7.44,624382,3842,457279,Liberty National Bank,Sioux City,57505,IA,19,2,57505
1,NM,1.35169285199179,06/30/2026,11.72,2652805,17544,2324663,Avidbank,San Jose,57510,CA,6,4,57510
1,NM,1.1402619475618476,06/30/2026,10.56,980300,5470,814145,Community First Bank of Indiana,Kokomo,57511,IN,18,4,57511
1,SM,1.162331872328228,06/30/2026,14.37,98568765,561931,82322362,Western Alliance Bank,Phoenix,57512,AZ,4,4,57512
1,NM,1.5003738558721156,06/30/2026,17.31,981963,7274,857360,Tolleson Private Bank,Dallas,57522,TX,48,5,57522
1,NM,0.3051958843881729,06/30/2026,4.28,198636,303,165530,Fidelity Bank,Savanna,5753,IL,17,4,5753
1,NM,0.9667806001405668,06/30/2026,10.26,660676,3150,563850,The Hometown Bank of Alabama,Oneonta,57540,AL,1,8,57540
1,NM,0.39247128011583154,06/30/2026,3.88,16786286,31606,14280397,Toyota Financial Savings Bank,Henderson,57542,NV,32,9,57542
1,N,1.689553326044878,06/30/2026,14.06,569129,4747,495813,"Trinity Bank, N.A.",Fort Worth,57543,TX,48,4,57543
1,SM,1.7385685209613988,06/30/2026,16.03,324903,2816,278620,Heritage Bank,Topeka,57548,KS,20,4,57548
1,NM,1.1161364624407955,06/30/2026,11.02,890938,4878,756144,Traditions Bank,Cullman,57554,AL,1,4,57554
1,N,1.0922915258152996,06/30/2026,14.19,124438468,666331,109326784,"UBS Bank USA, National Association",Salt Lake City,57565,UT,49,9,57565
1,NM,1.0791457433975307,06/30/2026,10.28,201213,1072,177557,PeoplesTrust Bank,Hamilton,57569,AL,1,4,57569
1,NM,1.6539667825653803,06/30/2026,12.74,13859050,112461,10991696,Comenity Capital Bank,Draper,57570,UT,49,3,57570
1,NM,2.626510052479321,06/30/2026,16.87,181836,2409,140958,Continental Bank,Salt Lake City,57571,UT,49,4,57571
1,NM,1.176897483507929,06/30/2026,13.67,423969,2492,376945,Heritage Bank of the Ozarks,Lebanon,57576,MO,29,4,57576
1,NM,1.8544101325324802,06/30/2026,17.85,269494,2367,239622,Community Bank of Georgia,Baxley,57579,GA,13,2,57579
1,NM,1.2594645124117503,06/30/2026,11.63,1000102,6146,856560,Golden State Bank,Glendale,57585,CA,6,4,57585
1,NM,0.905034030840979,06/30/2026,10.52,459560,2048,372599,Integrity Bank & Trust,Monument,57587,CO,8,4,57587
1,NM,2.0241678543325503,06/30/2026,15.04,2944293,29428,2523670,West Coast Community Bank,Santa Cruz,57591,CA,6,4,57591
1,NM,1.063269967601271,06/30/2026,12.28,953357,4984,863243,Mainstreet Community Bank of Florida,Deland,57598,FL,12,4,57598
1,N,1.1953181691945207,06/30/2026,11.8,872309,5337,768701,Falcon National Bank,Foley,57603,MN,27,4,57603
1,NM,0.8252070496277188,06/30/2026,8.59,3236756,13241,2854088,First Western Trust Bank,Denver,57607,CO,8,4,57607
1,NM,1.1644962106647379,06/30/2026,11.54,566043,3185,504886,Redwood Capital Bank,Eureka,57610,CA,6,4,57610
1,NM,0.6162915457404338,06/30/2026,5.25,8480361,25308,7325126,Forbright Bank,Potomac,57614,MD,24,4,57614
1,NM,0.5492775337108611,06/30/2026,8.32,261603,721,234584,Clarion County Community Bank,Clarion,57624,PA,42,4,57624
1,NM,1.3494953827625886,06/30/2026,11.39,490075,3272,428759,1st State Bank,Saginaw,57626,MI,26,4,57626
1,NM,0.9122776305628535,06/30/2026,15.77,244059,1077,227210,Homeland Community Bank,Mcminnville,57632,TN,47,4,57632
1,SI,1.0930993898793195,06/30/2026,9.81,3178672,17450,2465359,1st Security Bank of Washington,Mountlake Terrace,57633,WA,53,4,57633
1,NM,1.4853590482084758,06/30/2026,14.03,98542,716,87944,Bank of Walker County,Jasper,57640,AL,1,4,57640
1,NM,1.3559634127541496,06/30/2026,12.06,319549,2111,269708,Gateway Bank,Mendota Heights,57644,MN,27,4,57644
1,NM,0.8668990161909383,06/30/2026,8.61,184398,786,152069,Heritage Community Bank,Greeneville,57656,TN,47,4,57656
1,SM,0.8020152056035663,06/30/2026,7.97,617793,2511,511621,Empire State Bank,Staten Island,57672,NY,36,4,57672
1,NM,1.0409996223502946,06/30/2026,9.62,844615,4121,744135,The Fountain Trust Company,Covington,5768,IN,18,2,5768
1,N,1.787401151145186,06/30/2026,10.61,495670,4374,392105,"American Commerce Bank, National Association",Bremen,57686,GA,13,4,57686
1,N,0.2634001589292098,06/30/2026,4.2,359565,474,330843,First National Bank of Decatur County,Bainbridge,57694,GA,13,4,57694
1,N,1.6223855163419079,06/30/2026,15.97,2692444,21290,2272697,"Beverly Bank & Trust Company, National Association",Chicago,57701,IL,17,4,57701
1,N,1.2199654058738436,06/30/2026,9.9,1102281,6363,955645,"T Bank, National Association",Dallas,57703,TX,48,4,57703
1,NM,1.3595653999930255,06/30/2026,12.22,1329158,8967,1162185,Summit Bank,Eugene,57706,OR,41,4,57706
1,NM,1.3719444204917473,06/30/2026,15.21,1319910,9228,1192996,Greene County Commercial Bank,Catskill,57710,NY,36,9,57710
1,SM,0.11808553251558458,06/30/2026,0.93,2564693,1530,2172982,United Business Bank,Walnut Creek,57716,CA,6,4,57716
1,NM,0.8682592787302084,06/30/2026,7.38,653300,2882,570547,Pacific Valley Bank,Salinas,57740,CA,6,4,57740
1,NM,0.5973501923575361,06/30/2026,4.48,657464,1959,491675,First Southwest Bank,Durango,57741,CO,8,4,57741
1,SM,0.9032808376514878,06/30/2026,7.19,2238825,10039,1938183,MainStreet Bank,Fairfax,57742,VA,51,4,57742
1,NM,1.6374253556128062,06/30/2026,13.58,1558709,12809,1346263,Providence Bank & Trust,South Holland,57754,IL,17,4,57754
1,SM,1.1731833143489605,06/30/2026,10.69,2418168,13822,2053019,Coastal States Bank,Hilton Head Island,57756,SC,45,4,57756
1,NM,0.7596426788268854,06/30/2026,7.95,2591552,9783,2200060,Meridian Bank,Wayne,57777,PA,42,4,57777
1,NM,1.4725365266769967,06/30/2026,15.86,288750,2097,260379,Nantahala Bank & Trust Company,Franklin,57784,NC,37,4,57784
1,NM,1.1217651706546232,06/30/2026,13.73,218334,1150,195785,Lakeview Bank,Lakeville,57785,MN,27,4,57785
1,NM,1.3231645685932187,06/30/2026,18.2,323797,2136,298585,The Peoples Bank,Brownstown,5779,IN,18,8,5779
1,SM,1.2021572222540537,06/30/2026,14.53,188184000,1119000,156614000,Ally Bank,Sandy,57803,UT,49,6,57803
1,SB,0.36872362719832347,06/30/2026,3.55,787018,1519,693923,Quontic Bank,Astoria,57807,NY,36,5,57807
1,NM,1.628248552414038,06/30/2026,14.6,1563784,12647,1375687,Sterling Bank,Poplar Bluff,57813,MO,29,4,57813
1,NM,1.4663613884395428,06/30/2026,13.92,5980882,42118,5168561,Banesco USA,Miami,57815,FL,12,4,57815
1,SM,1.9778807842052815,06/30/2026,23.45,1365858,13685,1126297,Truxton Trust Company,Nashville,57825,TN,47,4,57825
1,NM,8.194961757327201,06/30/2026,37.98,11045111,526987,1650244,Beal Bank USA,Las Vegas,57833,NV,32,4,57833
1,NM,0.28653295128939826,06/30/2026,0.34,3489,5,500,Emigrant Mercantile Bank,New York,57834,NY,36,7,57834
1,NM,0.62778204323656,06/30/2026,6.78,923291,2686,733017,Valliance Bank,Oklahoma City,57841,OK,40,4,57841
1,NM,2.1226566263481765,06/30/2026,27.1,832564,8776,699554,Timberline Bank,Grand Junction,57857,CO,8,4,57857
1,NM,0.7868732463096254,06/30/2026,5.58,131170,516,111649,Spencer County Bank,Santa Claus,5786,IN,18,5,5786
1,NM,1.9607513814275672,06/30/2026,16.92,286209,2724,243473,United Citizens Bank of Southern Kentucky,Columbia,57867,KY,21,8,57867
1,NM,0.7522586697666017,06/30/2026,8.59,351712,1291,309152,"1st Trust Bank, Inc.",Hazard,57869,KY,21,4,57869
1,SM,1.0923438679985567,06/30/2026,7.98,1966224,10858,1664464,Commonwealth Business Bank,Los Angeles,57873,CA,6,4,57873
1,SM,0.9039152180631312,06/30/2026,10.68,908076,4051,765335,Paragon Bank,Memphis,57874,TN,47,4,57874
1,NM,1.1064181205816654,06/30/2026,9.75,205854,1112,180250,Legacy State Bank,Loganville,57882,GA,13,4,57882
1,NM,-3.9261709988379767,06/30/2026,-30.44,86553,-1695,74695,Paramount Bank,Hazelwood,57884,MO,29,6,57884
1,N,0.9752119390042708,06/30/2026,10.02,173101278,822541,141192598,"HSBC Bank USA, National Association",Tysons,57890,VA,51,9,57890
1,NM,1.2940614761520604,06/30/2026,11.97,278497,1834,192338,SouthernTrust Bank,Marion,57897,IL,17,4,57897
1,NM,1.045324209891759,06/30/2026,11.32,211989,1104,190903,1st Advantage Bank,Saint Peters,57899,MO,29,4,57899
1,NM,-1.3038066133250121,06/30/2026,-9.89,290110,-1922,245028,One World Bank,Dallas,57901,TX,48,4,57901
1,NM,1.289339922465934,06/30/2026,14.33,8318539,50929,6293974,Poppy Bank,Santa Rosa,57903,CA,6,4,57903
1,NM,0.7079679035895092,06/30/2026,7.64,141706,506,117801,First State Bank,Belmond,5791,IA,19,8,5791
1,NM,1.6191727956598339,06/30/2026,15.15,72459,579,61700,First State Bank,Nashua,57910,IA,19,2,57910
1,NM,1.1225498588873364,06/30/2026,10.69,249136,1355,218780,Bank of Grand Lake,Grove,57915,OK,40,8,57915
1,NM,1.2401545023704692,06/30/2026,10.13,14402382,88044,11795842,ConnectOne Bank,Englewood Cliffs,57919,NJ,34,4,57919
1,NM,1.624177499855842,06/30/2026,20.92,105991,845,84663,Breda Savings Bank,Breda,5792,IA,19,2,5792
1,NM,3.4067174368719937,06/30/2026,33.32,1086025,18276,966101,Prime Alliance Bank,Woods Cross,57920,UT,49,4,57920
1,NM,1.1556322329114528,06/30/2026,7.04,855269,4834,707657,Harmony Bank,Dallas,57922,TX,48,4,57922
1,SM,3.5209762000806775,06/30/2026,41.85,805517,11638,656402,Anchor Bank,Palm Beach Gardens,57931,FL,12,4,57931
1,NM,0.5557567484748029,06/30/2026,5.54,240765,665,211543,Valley Bank of Nevada,North Las Vegas,57933,NV,32,4,57933
1,NM,1.2020402075779668,06/30/2026,12.57,2745961,16220,2369409,Open Bank,Los Angeles,57944,CA,6,4,57944
1,NM,0.841821808092311,06/30/2026,8.24,108427,446,96398,Bank of Bozeman,Bozeman,57952,MT,30,4,57952
1,SM,1.4043141232404823,06/30/2026,15.48,1269326,8582,1145605,Legacy Bank,Springdale,57953,AR,5,4,57953
1,N,0.9921233340926747,06/30/2026,8.5,232517438,1133526,188731766,"Citizens Bank, National Association",Providence,57957,RI,44,9,57957
1,NM,1.0573422316830108,06/30/2026,11.21,382508,2015,343937,Earlham Savings Bank,West Des Moines,5796,IA,19,2,5796
1,NM,1.3658741254209885,06/30/2026,16.78,840919,5621,749908,First Resource Bank,Exton,57967,PA,42,4,57967
1,SM,1.0235341129248057,06/30/2026,9.1,4336833,21503,3455967,Primis Bank,Tappahannock,57968,VA,51,4,57968
1,NM,1.0263165033502224,06/30/2026,10.58,221446,1135,189651,Farmers State Bank,Northwood,5797,IA,19,2,5797
1,N,1.7138278746189322,06/30/2026,13.21,120902,877,105911,"California International Bank, N.A.",Westminster,57974,CA,6,4,57974
1,NM,0.9526860847523111,06/30/2026,9.82,291906,1348,261445,Huron Valley State Bank,Milford,57990,MI,26,4,57990
1,NM,1.8756708711134138,06/30/2026,17.46,18344113,169561,14573353,ServisFirst Bank,Birmingham,57993,AL,1,4,57993
1,NM,1.5890449100122999,06/30/2026,16.94,2937170,23171,2343350,Bryant Bank,Tuscaloosa,57997,AL,1,4,57997
1,NM,1.3074797102223756,06/30/2026,8.81,1480601,9542,1224410,United Bank,Atmore,58,AL,1,4,58
1,N,1.8484602897500373,06/30/2026,17.48,533050,5033,445029,"American Bank, National Association",Le Mars,5800,IA,19,2,5800
1,NM,1.8443734554879152,06/30/2026,15.38,157269,1377,138843,Freedom Bank,Columbia Falls,58010,MT,30,4,58010
1,NM,0.9208712668076099,06/30/2026,10.71,1109444,5073,995251,St. Louis Bank,Saint Louis,58018,MO,29,4,58018
1,SM,1.0211754997737374,06/30/2026,5.5,202364,1023,162856,Verus Bank of Commerce,Fort Collins,58025,CO,8,4,58025
1,NM,1.29318715172979,06/30/2026,14.88,622885,3929,544152,Sunrise Bank,Orlando,58029,FL,12,4,58029
1,SM,2.223663485592514,06/30/2026,31.51,415216,4800,381197,Paradise Bank,Boca Raton,58030,FL,12,4,58030
1,NM,0.7157267749063311,06/30/2026,5.13,130475,447,108427,California Business Bank,Irvine,58037,CA,6,4,58037
1,NM,0.8956252152945229,06/30/2026,10.08,1084566,4147,893252,First Resource Bank,Lino Lakes,58039,MN,27,4,58039
1,NM,0.5836795327282336,06/30/2026,6.61,485690,1423,341265,"Eclipse Bank, Inc.",Louisville,58049,KY,21,4,58049
1,NM,0.9626236009456337,06/30/2026,9.69,1964972,8952,1440053,First Commerce Bank,Lakewood,58054,NJ,34,4,58054
1,NM,0.91070989309853,06/30/2026,10.98,2717129,12199,2098005,Tradition Capital Bank,Wayzata,58057,MN,27,4,58057
1,NM,2.3114919527155586,06/30/2026,8.88,1174806,13297,837772,First General Bank,Rowland Heights,58060,CA,6,4,58060
1,NM,2.1315824623064255,06/30/2026,21.48,253884,2713,183590,VisionBank,Saint Louis Park,58063,MN,27,4,58063
1,NM,0.9316801713621499,06/30/2026,8.64,863552,3671,740699,Bank of San Francisco,San Francisco,58069,CA,6,4,58069
1,NM,2.0996548591491133,06/30/2026,23.07,357109,3644,310416,Flint Community Bank,Albany,58074,GA,13,4,58074
1,NM,1.9346532322077603,06/30/2026,20.44,178915,1698,159820,Putnam 1st Mercantile Bank,Cookeville,58079,TN,47,4,58079
1,SI,0.9477509368344745,06/30/2026,9.55,395450,2033,308399,Austin Capital Bank SSB,Austin,58082,TX,48,6,58082
1,NM,-1.7060899210069789,06/30/2026,-22.09,1360933,-12421,1247267,SouthPoint Bank,Birmingham,58088,AL,1,4,58088
1,NM,1.3252084857965447,06/30/2026,10.67,1618057,10533,1388534,FFB Bank,Fresno,58090,CA,6,4,58090
1,NM,0.8408099898557566,06/30/2026,8.56,1358688,5860,1209882,Idaho First Bank,Mccall,58095,ID,16,4,58095
1,SM,1.7371224287956737,06/30/2026,21.16,444047,3829,396553,NobleBank & Trust,Anniston,58111,AL,1,4,58111
1,NM,0.9638587695083711,06/30/2026,7.72,802809,3700,670390,Flagship Bank,Clearwater,58113,FL,12,4,58113
1,NM,0.9953870397208723,06/30/2026,14.02,562888,2753,411443,Bank of Belleville,Belleville,58114,IL,17,4,58114
1,SM,1.478653403870408,06/30/2026,14.62,3287696,23319,2849812,Oakstar Bank,Springfield,58115,MO,29,4,58115
1,NM,1.3837626720996916,06/30/2026,13.34,1105166,7119,896713,Triad Bank,Frontenac,58121,MO,29,4,58121
1,NM,2.378006221934894,06/30/2026,20.39,155349,1925,130983,Audubon State Bank,Audubon,5814,IA,19,2,5814
1,N,2.3353978155810773,06/30/2026,21.06,2494969,28204,2198857,"Esquire Bank, National Association",Jericho,58140,NY,36,4,58140
1,NM,0.6889797585507474,06/30/2026,4.71,342168,1237,282808,Milestone Bank,Salt Lake City,58148,UT,49,4,58148
1,N,-0.33230318231330536,06/30/2026,-2.35,200758,-331,167240,"SmartBiz Bank, National Association",Northbrook,58158,IL,17,4,58158
1,NM,1.2096364733631477,06/30/2026,11.07,410812,2442,322157,"Bank of Lexington, Inc.",Lexington,58164,KY,21,4,58164
1,NM,1.4147451061865337,06/30/2026,13.3,1050480,7309,925118,Belmont Bank & Trust Company,Chicago,58165,IL,17,4,58165
1,NM,1.1739679320868,06/30/2026,21.09,402273,2362,324446,Hardin County Savings Bank,Eldora,5817,IA,19,8,5817
1,NM,2.765216006270305,06/30/2026,27.51,28541289,404334,20327301,Sallie Mae Bank,Salt Lake City,58177,UT,49,6,58177
1,NM,1.9367762256124723,06/30/2026,17.77,4465591,44587,3527311,Metro City Bank,Doraville,58181,GA,13,4,58181
1,NM,1.9082299994203114,06/30/2026,33.21,505964,4828,393712,Merchants Commercial Bank,St Thomas,58184,VI,78,8,58184
1,N,4.563903459051154,06/30/2026,4.67,57157,1295,500,"HSBC Trust Company (Delaware), National Association",Wilmington,58188,DE,10,7,58188
1,NM,1.568056902683479,06/30/2026,9.24,63214,485,50571,State Central Bank,Bonaparte,5820,IA,19,4,5820
1,SM,1.0053289876189881,06/30/2026,8.39,414171,2117,357046,First Vision Bank of Tennessee,Tullahoma,58201,TN,47,4,58201
1,NM,0.8296788591835447,06/30/2026,5.76,617994,2585,517677,NewBank,Flushing,58203,NY,36,4,58203
1,NM,1.9876336798534524,06/30/2026,16.41,817794,7872,710028,First Freedom Bank,Lebanon,58208,TN,47,4,58208
1,NM,2.1090234662692438,06/30/2026,19.85,384245,4052,308052,First State Bank,Lynnville,5821,IA,19,2,5821
1,NM,1.295610896339575,06/30/2026,11.37,5377688,34764,4360405,Bridgewater Bank,Saint Louis Park,58210,MN,27,4,58210
1,NM,0.25135825096550374,06/30/2026,2.19,180647,224,138287,Town Center Bank,Frankfort,58214,IL,17,4,58214
1,N,0.5846053913608316,06/30/2026,0.67,8216,24,1000,BMO Harris Central National Association,Roselle,58216,IL,17,7,58216
1,SM,0.23946225456123366,06/30/2026,2.64,514360,596,420102,First Pacific Bank,Whittier,58218,CA,6,4,58218
1,NM,1.2841365494184829,06/30/2026,16.32,417808,2658,377343,Heritage Bank & Trust,Columbia,58220,TN,47,4,58220
1,N,8.13488167011563,06/30/2026,73.35,1768904,54334,1529576,Column National Association,Salt Lake City,58224,UT,49,9,58224
1,NM,1.2286066700536988,06/30/2026,10.3,8893460,53250,7271493,b1BANK,Baton Rouge,58228,LA,22,4,58228
1,NM,1.5571335539755748,06/30/2026,12.01,454372,3491,369168,Pacific Alliance Bank,San Gabriel,58234,CA,6,4,58234
1,NM,1.795939543461244,06/30/2026,14.35,1514517,13108,1292956,Providence Bank,Rocky Mount,58239,NC,37,4,58239
1,SM,1.1918357218049438,06/30/2026,9.75,2398504,14056,1996957,John Marshall Bank,Reston,58243,VA,51,4,58243
1,NM,1.4923808052211487,06/30/2026,16.87,4017745,29152,3506396,River Bank & Trust,Prattville,58255,AL,1,4,58255
1,NM,2.4867747959654802,06/30/2026,26.11,912610,10826,754505,DR Bank,Darien,58257,CT,9,6,58257
1,N,0.9817705955750328,06/30/2026,10.85,988867,4839,807175,First National Bank of Michigan,Kalamazoo,58259,MI,26,4,58259
1,N,1.3312581298981043,06/30/2026,11.71,1601369,10659,1311438,Landmark National Bank,Manhattan,5826,KS,20,4,5826
1,NM,-0.02452150945070651,06/30/2026,-0.19,304249,-35,212752,Global Bank,New York,58263,NY,36,4,58263
1,NM,0.6669209619264764,06/30/2026,8.6,793113,2576,704922,River Valley Community Bank,Yuba City,58276,CA,6,4,58276
1,NM,0.9615200336402365,06/30/2026,11.98,604748,2843,553238,Golden Valley Bank,Chico,58278,CA,6,4,58278
1,NM,1.1089629594273431,06/30/2026,10.86,1442372,7822,1239018,American Riviera Bank,Santa Barbara,58281,CA,6,4,58281
1,NM,2.2859691976258993,06/30/2026,20.96,179515,2101,157735,Eagle Bank,Polson,58282,MT,30,4,58282
1,NM,1.7138579247152657,06/30/2026,18.71,423439,3537,380916,River City Bank,Rome,58289,GA,13,4,58289
1,NM,2.0216996263938407,06/30/2026,18.54,2707809,26740,2384272,CalPrivate Bank,La Jolla,58291,CA,6,4,58291
1,NM,0.6058204196820958,06/30/2026,5.19,936970,2800,810318,Pinnacle Bank,Gilroy,58297,CA,6,4,58297
1,NM,2.1013121272365805,06/30/2026,11.86,103622,1101,79602,Citizens State Bank and Trust Company,Hiawatha,5830,KS,20,2,5830
1,NM,1.3550276460961004,06/30/2026,18.17,568924,3734,503850,Table Rock Community Bank,Kimberling City,58300,MO,29,4,58300
1,SB,3.0538500392508126,06/30/2026,50.95,25480877,388395,23942567,"Ameriprise Bank, FSB",Minneapolis,58303,MN,27,5,58303
1,NM,0.8173604284642487,06/30/2026,8.93,812287,3301,680687,The First Bank of Greenwich,Cos Cob,58307,CT,9,4,58307
1,NM,1.2732446365074774,06/30/2026,5.78,2845758,17961,2184125,American Momentum Bank,College Station,58309,TX,48,4,58309
1,NM,1.0102531142951363,06/30/2026,10.08,1640896,8006,1437567,US Metro Bank,Garden Grove,58310,CA,6,4,58310
1,NM,0.5172749737883086,06/30/2026,6.61,443590,1115,373247,Community Bank Delaware,Lewes,58311,DE,10,4,58311
1,N,1.1942420198965291,06/30/2026,13.91,3532211,20157,3118425,"Old Plank Trail Community Bank, National Association",New Lenox,58314,IL,17,4,58314
1,N,1.3221275807216093,06/30/2026,11.66,3851603,23236,3215541,"Investar Bank, National Association",Baton Rouge,58316,LA,22,4,58316
1,NM,1.7843830953892723,06/30/2026,17.32,310228,2637,275238,RiverBank,Spokane,58322,WA,53,4,58322
1,NM,1.1850799145961164,06/30/2026,9.56,202282,1173,176007,Lone Star Bank,Houston,58324,TX,48,4,58324
1,NM,1.4957290475234717,06/30/2026,12.99,896432,6471,709065,Mountain Pacific Bank,Everett,58341,WA,53,4,58341
1,NM,0.5923291091978827,06/30/2026,6.19,844463,2459,693157,Millennium Bank,Des Plaines,58348,IL,17,4,58348
1,NM,1.8506264045464293,06/30/2026,17.7,493174,4661,406600,The First State Bank,Norton,5835,KS,20,2,5835
1,NM,1.1082314034079581,06/30/2026,9.94,395277,2205,336477,Southern Independent Bank,Opp,58357,AL,1,4,58357
1,NM,0.1544581527987713,06/30/2026,1.16,185768,148,147365,United Republic Bank,Elkhorn,58359,NE,31,4,58359
1,NM,0.6012573700636932,06/30/2026,6.78,569877,1677,461833,Hyperion Bank,Philadelphia,58371,PA,42,4,58371
1,NM,0.8404755708404581,06/30/2026,9.61,386770,1604,325226,Central Bank,Tampa,58377,FL,12,4,58377
1,NM,1.1293186250254679,06/30/2026,14.64,69334,388,62510,Farmers State Bank,Booneville,5838,KY,21,8,5838
1,SM,2.0523511122080973,06/30/2026,22.72,562802,5779,507965,Jonah Bank of Wyoming,Casper,58396,WY,56,4,58396
1,NM,1.1539561319097988,06/30/2026,8.11,506664,2946,426080,Mega Bank,San Gabriel,58401,CA,6,4,58401
1,N,0.6258855092997317,06/30/2026,5.66,551943,1661,408324,"Goldwater Bank, N.A.",Phoenix,58405,AZ,4,4,58405
1,SM,-0.24922594575015763,06/30/2026,-3.54,392997,-500,322551,UniBank,Lynnwood,58407,WA,53,4,58407
1,NM,0.12280124415822362,06/30/2026,0.99,8527799,5177,6684846,Cross River Bank,Fort Lee,58410,NJ,34,9,58410
1,N,1.5219969212412259,06/30/2026,14.25,227868,1722,198835,Embassy National Bank,Lawrenceville,58413,GA,13,4,58413
1,NM,1.051597004013692,06/30/2026,18.33,133423,724,125049,Community Bank of Pleasant Hill,Pleasant Hill,58423,MO,29,4,58423
1,NM,0.6590388080038192,06/30/2026,6.56,1597811,5156,1335058,Alma Bank,Astoria,58424,NY,36,4,58424
1,N,-1.752616480882334,06/30/2026,-18.94,74287,-669,59424,West Valley National Bank,Goodyear,58426,AZ,4,4,58426
1,N,1.2861839054004174,06/30/2026,12.68,1771847,11139,1563860,"Waterford Bank, N.A.",Toledo,58433,OH,39,4,58433
1,NM,2.1649776929414255,06/30/2026,7.74,297657,3206,211263,First Security Bank of Nevada,Las Vegas,58443,NV,32,4,58443
1,SM,0.9903208565987663,06/30/2026,11.14,739604,3499,660169,Commencement Bank,Tacoma,58446,WA,53,4,58446
1,N,0.36127218663257593,06/30/2026,3.14,192075,341,169677,"Texas Advantage Community Bank, National Association",Alvin,58450,TX,48,4,58450
1,SM,0.7418967840199802,06/30/2026,10.62,24258271,87598,22317596,TriState Capital Bank,Pittsburgh,58457,PA,42,9,58457
1,SM,1.1194273018344265,06/30/2026,10.34,6107436,33324,5393737,SmartBank,Pigeon Forge,58463,TN,47,4,58463
1,N,1.8073638043760394,06/30/2026,11.09,935046,8112,747993,"American Plus Bank, N.A.",Arcadia,58469,CA,6,4,58469
1,NM,1.758832330758191,06/30/2026,21.82,119964,1056,109569,"Peoples Bank, Mt. Washington",Mount Washington,5847,KY,21,4,5847
1,NM,1.3537483440557736,06/30/2026,16.9,453854,3035,415136,Hometown Bank of Pennsylvania,Bedford,58470,PA,42,4,58470
1,NM,1.32010615954997,06/30/2026,16.71,1247505,8145,1137884,Bank of Central Florida,Lakeland,58479,FL,12,4,58479
1,NM,0.9239525101192541,06/30/2026,8.25,4087406,18504,3323677,First Bank,Hamilton,58481,NJ,34,4,58481
1,NM,3.264593696681007,06/30/2026,34.09,308595,5131,278912,Bank of Montana,Missoula,58482,MT,30,7,58482
1,SM,1.603413851884701,06/30/2026,14.58,1458168,12010,1271482,Pegasus Bank,Dallas,58483,TX,48,4,58483
1,NM,2.214212925577299,06/30/2026,23.61,542962,5653,489689,Austin County State Bank,Bellville,58484,TX,48,4,58484
1,NM,0.14056100752098305,06/30/2026,1.51,2027009,1402,1700462,Beneficial State Bank,Oakland,58490,CA,6,4,58490
1,N,0.782902217805116,06/30/2026,6.95,1795397,6558,1495735,Old Dominion National Bank,Charlottesville,58504,VA,51,4,58504
1,NM,1.2880564102117127,06/30/2026,10.86,384449,2463,327086,First FarmBank,Greeley,58508,CO,8,2,58508
1,NM,1.8893541175587563,06/30/2026,19.54,1076630,9943,903915,Frontier Bank of Texas,Elgin,58509,TX,48,4,58509
1,NM,1.525635611431476,06/30/2026,18.28,739060,5443,601150,Platinum Bank,Oakdale,58511,MN,27,4,58511
1,NM,1.229551859424214,06/30/2026,10.3,2250271,13907,1940214,The Bank of Princeton,Princeton,58513,NJ,34,4,58513
1,NM,1.124601519146759,06/30/2026,12.74,211775,1143,191790,The Community Bank,Bridgeport,58517,TX,48,4,58517
1,N,1.7123856883123931,06/30/2026,23.94,1553521,13462,1291233,Solera National Bank,Lakewood,58534,CO,8,4,58534
1,SB,0.6343993618864964,06/30/2026,4.15,2229410,7060,1858801,Think Mutual Bank,Rochester,58536,MN,27,5,58536
1,NM,1.2488600687836944,06/30/2026,10.71,459504,2764,388867,BankFlorida,Dade City,58537,FL,12,4,58537
1,NM,1.407410409053401,06/30/2026,15.37,2257592,15282,1968165,"South Central Bank,  Inc.",Glasgow,5854,KY,21,4,5854
1,SM,1.2216804381557607,06/30/2026,15.01,524446,3131,448410,Select Bank,Forest,58563,VA,51,4,58563
1,NM,0.5197053013843123,06/30/2026,4.09,1030338,2264,889908,American Pride Bank,Macon,58584,GA,13,4,58584
1,NM,2.330300909727082,06/30/2026,19.42,114117,1332,99815,Turtle Mountain State Bank,Belcourt,58586,ND,38,2,58586
1,NM,1.2635880551587442,06/30/2026,12.26,602153,4063,508991,Partners Bank of California,Mission Viejo,58588,CA,6,4,58588
1,N,1.863655744241529,06/30/2026,21.61,2192216,18205,2006523,"Chain Bridge Bank, National Association",Mclean,58595,VA,51,9,58595
1,SM,3.663495451276428,06/30/2026,37.13,4797064,87964,4197560,Carter Bank & Trust,Martinsville,58596,VA,51,4,58596
1,NM,1.139718130893257,06/30/2026,9.51,265643,1471,211112,PeopleFirst Bank,Joliet,58597,IL,17,4,58597
1,NM,0.8413081493140127,06/30/2026,10.01,334119,1388,281615,Reliance Bank,Faribault,58602,MN,27,4,58602
1,NM,1.577337577036945,06/30/2026,14.53,803087,6436,668452,MRV Banks,Sainte Genevieve,58619,MO,29,4,58619
1,NM,1.3123801142850569,06/30/2026,10.06,1427371,9127,1220286,GBank,Las Vegas,58626,NV,32,4,58626
1,NM,1.1283834119692078,06/30/2026,12.67,205742,1136,186639,First Cahawba Bank,Selma,58636,AL,1,4,58636
1,NM,2.068266352018933,06/30/2026,22.8,291150,3050,262371,First Colony Bank of Florida,Maitland,58644,FL,12,4,58644
1,NM,1.519294241551878,06/30/2026,18.37,812160,6304,732156,PromiseOne Bank,Duluth,58657,GA,13,4,58657
1,SM,1.2562298795755336,06/30/2026,5.99,359356,2195,259304,"Locus Bank, Inc.",Richmond,58658,VA,51,4,58658
1,NM,0.9589344791893007,06/30/2026,12.59,15959938,73914,14680431,Live Oak Banking Company,Wilmington,58665,NC,37,4,58665
1,NM,1.708659058541968,06/30/2026,12.16,640951,5257,549149,Spring Bank,Bronx,58668,NY,36,4,58668
1,NM,1.370093118112975,06/30/2026,12.4,694973,4622,616450,Bank of Ocean City,Ocean City,5867,MD,24,4,5867
1,NM,0.6276973465187691,06/30/2026,6.44,2334897,7413,2013015,Hanover Community Bank,Garden City Park,58675,NY,36,4,58675
1,NM,1.4422341456228718,06/30/2026,13.59,231414,1697,190711,Gateway Commercial Bank,Mesa,58678,AZ,4,4,58678
1,NM,0.6961207778316802,06/30/2026,7.13,113765,397,100463,Great Nations Bank,Norman,58680,OK,40,4,58680
1,N,0.4492005385912852,06/30/2026,3.54,416900,933,356428,Touchmark National Bank,Alpharetta,58687,GA,13,4,58687
1,NM,1.0663790852500707,06/30/2026,12.47,1979313,10353,1678393,South Atlantic Bank,Myrtle Beach,58689,SC,45,4,58689
1,NM,2.212699833848432,06/30/2026,20.48,628408,6854,551192,BlueHarbor Bank,Mooresville,58691,NC,37,4,58691
1,NM,1.3922556151467746,06/30/2026,18.03,573182,3919,518577,Intracoastal Bank,Palm Coast,58692,FL,12,4,58692
1,SM,1.3679526489167904,06/30/2026,11.69,2362694,15917,2058544,FVCbank,Fairfax,58696,VA,51,4,58696
1,NM,0.8865457585902072,06/30/2026,9.14,838268,3704,711498,Freedom Bank,Maywood,58712,NJ,34,4,58712
1,SM,1.369167091896887,06/30/2026,11.42,6728468,42533,5856938,Third Coast Bank,Humble,58716,TX,48,4,58716
1,N,1.7137334210504944,06/30/2026,17.1,489706,4220,430419,"Black Hills Community Bank, N.A.",Rapid City,58723,SD,46,4,58723
1,NM,1.0779899058884208,06/30/2026,11.25,241194,1268,204861,Nebraska Bank of Commerce,Lincoln,58724,NE,31,4,58724
1,NM,1.1879851854951768,06/30/2026,10.86,1102864,6056,905319,Access Bank,Omaha,58727,NE,31,4,58727
1,NM,1.113487870834271,06/30/2026,15.86,483327,2614,445859,Woodsboro Bank,Woodsboro,5873,MD,24,4,5873
1,NM,1.9583768286170193,06/30/2026,15.78,208094,2023,177601,Community State Bank,Lamar,58732,CO,8,2,58732
1,NM,1.0988742572071184,06/30/2026,12.94,1375315,7498,1188533,Texas Security Bank,Dallas,58739,TX,48,4,58739
1,NM,1.4856873780269004,06/30/2026,11.61,1018991,7425,881501,"Calvin B. Taylor Banking Company of Berlin, Maryland",Berlin,5874,MD,24,4,5874
1,SM,-0.28662978764493485,06/30/2026,-4.7,867112,-1316,781818,Fieldpoint Private Bank & Trust,Greenwich,58741,CT,9,4,58741
1,NM,1.8304559712759214,06/30/2026,14.24,171937,1560,146124,"First New Mexico Bank, Las Cruces",Las Cruces,58745,NM,35,4,58745
1,NM,1.427602083593851,06/30/2026,9.12,1453753,10446,1100665,Northwest Bank,Boise,58752,ID,16,4,58752
1,N,1.4405646648401147,06/30/2026,8.12,388937,2841,306456,The MINT National Bank,Kingwood,58764,TX,48,4,58764
1,NM,1.279297441932879,06/30/2026,12.91,261120,1616,234102,Guadalupe Bank,Kerrville,58768,TX,48,4,58768
1,NM,0.3567140458646579,06/30/2026,4.06,205980,358,164450,Liberty Bank,Poulsbo,58778,WA,53,4,58778
1,NM,1.536477087302528,06/30/2026,13.61,440734,3371,332291,Spring Bank,Brookfield,58780,WI,55,4,58780
1,NM,1.1686160749740602,06/30/2026,12.94,2132047,12115,1767456,Oakworth Capital Bank,Birmingham,58783,AL,1,4,58783
1,SM,0.619112709410083,06/30/2026,6.3,507301,1583,446087,Grand River Bank,Grandville,58789,MI,26,4,58789
1,NM,1.4094361971165545,06/30/2026,11.22,1080613,7443,923340,Parkside Financial Bank & Trust,Clayton,58796,MO,29,4,58796
1,SM,1.4027456969587437,06/30/2026,10.7,218788000,1510000,172325000,Manufacturers and Traders Trust Company,Buffalo,588,NY,36,4,588
1,NM,0.39132657194012505,06/30/2026,2.13,253239,467,204671,GenuBank,Las Vegas,58806,NV,32,4,58806
1,NM,1.1818043100661428,06/30/2026,8.32,4267264,24926,3477950,Royal Business Bank,Los Angeles,58816,CA,6,4,58816
1,NM,0.528511481667258,06/30/2026,4.65,298181,792,262706,Redstone Bank,Centennial,58826,CO,8,4,58826
1,N,0.9316251972940467,06/30/2026,10.74,966136,4299,692971,Oak View National Bank,Warrenton,58827,VA,51,8,58827
1,NM,1.3495484400656816,06/30/2026,11.73,547649,3682,472566,The Farmers Bank of Willards,Willards,5885,MD,24,4,5885
1,NM,1.5424075591098778,06/30/2026,13.72,767870,5796,675908,Liberty Capital Bank,Addison,58852,TX,48,4,58852
1,N,-0.39208408550267404,06/30/2026,-3.46,359324,-581,286424,"New Horizon Bank, National Association",Powhatan,58857,VA,51,4,58857
1,SM,1.2026872269189528,06/30/2026,11.36,232804,1374,198573,CornerStone Bank,Lexington,58859,VA,51,4,58859
1,N,1.0478923092600947,06/30/2026,11.48,1350489,6821,1222686,Coastal Carolina National Bank,Myrtle Beach,58864,SC,45,4,58864
1,SM,0.9503711236073779,06/30/2026,5.82,2383523,11438,1879402,Guaranty Bank,Springfield,58892,MO,29,4,58892
1,NM,0.5412237670733269,06/30/2026,5.21,118441,324,105324,Kalamazoo County State Bank,Schoolcraft,5892,MI,26,8,5892
1,NM,0.7242130472999656,06/30/2026,7.89,1032360,3790,926116,R Bank,Round Rock,58935,TX,48,4,58935
1,SM,0.1752400789081041,06/30/2026,2.2,200027,175,155101,New Haven Bank,New Haven,58952,CT,9,4,58952
1,N,0.8660629899912622,06/30/2026,9.55,34864976,151899,29091654,"BankUnited, National Association",Miami Lakes,58979,FL,12,4,58979
1,SM,1.3819682526442703,06/30/2026,15.02,359590,2430,322345,BankOkolona,Okolona,5902,MS,28,4,5902
1,SM,1.2703545444046658,06/30/2026,11.23,8376253,52360,7348045,BankPlus,Belzoni,5903,MS,28,4,5903
1,N,2.79350764354959,06/30/2026,35.2,329506,4795,302071,"Stifel Trust Company Delaware, National Association",Greenville,59043,DE,10,7,59043
1,SM,1.0910380136554918,06/30/2026,8.4,12537055,63532,10554066,NBH Bank,Greenwood Village,59052,CO,8,4,59052
1,NM,1.5815396172463303,06/30/2026,11.72,562943,4351,484636,First Bank,Mccomb,5907,MS,28,4,5907
1,NM,1.1687005552719205,06/30/2026,12.2,1907569,10778,1681960,Bank of Bird-in-Hand,Bird In Hand,59074,PA,42,2,59074
1,NM,1.749415094955661,06/30/2026,11.14,769549,6519,644239,Primary Bank,Bedford,59086,NH,33,4,59086
1,NM,1.3679662050756158,06/30/2026,8.89,1631027,11083,1169760,International Bank of Commerce,Oklahoma City,59093,OK,40,4,59093
1,NM,1.4794324782253307,06/30/2026,12.79,359510,2733,310467,Infinity Bank,Santa Ana,59098,CA,6,4,59098
1,NM,1.0331695208735776,06/30/2026,9.37,822656,4129,725053,Endeavor Bank,San Diego,59099,CA,6,4,59099
1,NM,0.470860616004943,06/30/2026,5.93,982303,2290,793354,Beacon Community Bank,Mount Pleasant,59106,SC,45,4,59106
1,SM,2.0537721439397334,06/30/2026,27.48,10508989,107355,9677383,Charles Schwab Trust Bank,Westlake,59108,TX,48,5,59108
1,SM,0.7147473826446821,06/30/2026,7.63,1344256,4698,1166079,Studio Bank,Nashville,59112,TN,47,4,59112
1,N,1.0388990628166699,06/30/2026,11.48,1603727,8171,1436779,"Grasshopper Bank, N.A.",New York,59113,NY,36,4,59113
1,NM,-0.1614620907623072,06/30/2026,-1.78,1062980,-752,970204,CommerceOne Bank,Birmingham,59114,AL,1,4,59114
1,NM,1.2941310023839254,06/30/2026,13.83,446242,2888,400078,Lexicon Bank,Las Vegas,59117,NV,32,4,59117
1,NM,0.9161469004576961,06/30/2026,10.92,245497,1214,220912,Mi Bank,Bloomfield Township,59138,MI,26,4,59138
1,NM,1.4533215303650815,06/30/2026,14.74,344590,2490,294101,Gulfside Bank,Sarasota,59140,FL,12,4,59140
1,NM,0.08416099183276396,06/30/2026,1.14,384970,155,321386,New Valley Bank & Trust,Springfield,59143,MA,25,4,59143
1,NM,1.0214666852680885,06/30/2026,9.32,483982,2465,405375,Ohio State Bank,Bexley,59144,OH,39,4,59144
1,NM,1.3369777527772124,06/30/2026,10.36,450535,2868,387384,Watermark Bank,Oklahoma City,59148,OK,40,4,59148
1,NM,-1.9603932260102315,06/30/2026,-16.32,505063,-4898,386401,Piermont Bank,New York,59154,NY,36,4,59154
1,NM,1.4525498874774767,06/30/2026,12.65,214049,1619,183791,American Bank of the Carolinas,Monroe,59157,NC,37,4,59157
1,NM,0.6448332151067884,06/30/2026,6.69,333199,1006,276195,The Millyard Bank,Nashua,59176,NH,33,4,59176
1,NM,37.849319684300106,06/30/2026,59.97,2057172,350463,559348,"Square Financial Services, Inc.",Salt Lake City,59177,UT,49,9,59177
1,SM,0.681672764260988,06/30/2026,7.74,253155,831,213023,Gulf Atlantic Bank,Key West,59181,FL,12,4,59181
1,NM,0.258695875050735,06/30/2026,2.42,235332,307,175405,Loyal Trust Bank,Johns Creek,59182,GA,13,4,59182
1,NM,0.6498224030173061,06/30/2026,7.14,1143324,3791,970378,Trustar Bank,Great Falls,59183,VA,51,4,59183
1,NM,0.7101322838223585,06/30/2026,5.39,596450,2115,497305,Gulf Capital Bank,Houston,59185,TX,48,4,59185
1,NM,0.18031510251212857,06/30/2026,1.9,536046,482,477136,Triad Business Bank,Greensboro,59188,NC,37,4,59188
1,N,-25.677126023177944,06/30/2026,-109.59,337821,-46573,209817,"Varo Bank, National Association",Draper,59190,UT,49,7,59190
1,NM,0.5409259626134456,06/30/2026,3.82,406021,1033,334655,Founders Bank,Washington,59193,DC,11,4,59193
1,NM,0.6382532437048654,06/30/2026,4.83,206674,639,176124,FWBank,Chicago,59195,IL,17,4,59195
1,NM,0.33535725698817603,06/30/2026,3.63,269026,446,238447,Riverside Bank of Dublin,Dublin,59199,OH,39,4,59199
1,NM,0.28485302613440716,06/30/2026,2.53,125223,166,99715,Scottsdale Community Bank,Scottsdale,59203,AZ,4,4,59203
1,NM,-2.0149846229660793,06/30/2026,-21.56,112785,-1104,101597,Legacy Bank,Murrieta,59204,CA,6,4,59204
1,NM,1.2318014790005425,06/30/2026,8.48,2997294,15567,2505006,Nelnet Bank,Draper,59205,UT,49,6,59205
1,N,0.3316309733684377,06/30/2026,2.7,384486,596,335764,"RockPointBank, National Association",Chattanooga,59206,TN,47,4,59206
1,NM,1.36682461084392,06/30/2026,10.01,305944,2050,260330,Craft Bank,Atlanta,59209,GA,13,4,59209
1,NM,2.105302462885396,06/30/2026,19.5,314348,3195,277767,Classic City Bank,Athens,59219,GA,13,4,59219
1,N,-0.43805593312252183,06/30/2026,-2.15,151636,-311,120312,"Agility Bank, National Association",Houston,59239,TX,48,4,59239
1,NM,-0.2408117319066071,06/30/2026,-2.13,340254,-466,292418,Genesis Bank,Newport Beach,59245,CA,6,4,59245
1,NM,-0.2335754135573693,06/30/2026,-2.25,260918,-296,232426,First Bank of Central Ohio,Worthington,59249,OH,39,4,59249
1,NM,1.2218178371789612,06/30/2026,13.42,1941915,10829,1547996,Climate First Bank,Saint Petersburg,59257,FL,12,4,59257
1,SM,0.2767937718034023,06/30/2026,1.28,111655,137,70634,Integrity Bank for Business,Virginia Beach,59262,VA,51,4,59262
1,NM,-0.033850029860562056,06/30/2026,-0.26,409933,-70,330332,Waterfall Bank,Clearwater,59265,FL,12,4,59265
1,NM,-0.06898556093884238,06/30/2026,-0.74,106610,-36,89727,Gainey Business Bank,Scottsdale,59273,AZ,4,4,59273
1,NM,0.294686920113154,06/30/2026,2.24,396243,541,346018,Locality Bank,Fort Lauderdale,59278,FL,12,4,59278
1,NM,0.3739873408678506,06/30/2026,2.74,186552,349,160284,Gulf Coast Business Bank,Fort Myers,59281,FL,12,4,59281
1,NM,-1.0338713926646397,06/30/2026,-9.55,195591,-968,155061,Integro Bank,Phoenix,59283,AZ,4,4,59283
1,NM,0.9937250404218362,06/30/2026,7.49,150574,800,128638,Moultrie Bank & Trust,Moultrie,59285,GA,13,2,59285
1,NM,-1.6215334511853048,06/30/2026,-4.59,905602,-7754,548052,Thrivent Bank,Salt Lake City,59286,UT,49,4,59286
1,NM,1.6757674494748125,06/30/2026,18.44,527148,4231,474306,EntreBank,Bloomington,59287,MN,27,4,59287
1,SI,0.021971744336782898,06/30/2026,0.25,192566,20,173473,Walden Mutual Bank,Concord,59289,NH,33,4,59289
1,NM,-0.043789467538320345,06/30/2026,-0.49,188867,-40,139556,Beach Cities Commercial Bank,Irvine,59290,CA,6,4,59290
1,NM,0.12764672905256802,06/30/2026,0.79,124486,74,104236,Adelphi Bank,Columbus,59292,OH,39,4,59292
1,NM,0.9653541413358631,06/30/2026,4.18,305639,1445,234749,Bank Irvine,Irvine,59296,CA,6,4,59296
1,NM,-0.3262044430253304,06/30/2026,-2.79,352210,-504,310790,"Business Bank, The",S Burlington,59298,VT,50,4,59298
1,NM,0.8157200840462062,06/30/2026,8.92,555927,2132,500449,Texas Traditions Bank,Katy,59304,TX,48,4,59304
1,NM,-1.6787675586240294,06/30/2026,-8.17,107137,-832,85834,Community Unity Bank,Birmingham,59305,MI,26,4,59305
1,NM,0.6952183203862612,06/30/2026,5.2,316923,1072,269143,Evermore Bank,Fort Lauderdale,59306,FL,12,4,59306
1,NM,1.8492387671741555,06/30/2026,4.46,31631,332,16016,GS&L Municipal Bank,Gouverneur,59312,NY,36,7,59312
1,NM,-0.8768051711033241,06/30/2026,-8.55,155506,-671,129187,Icon Business Bank,Riverside,59314,CA,6,4,59314
1,NM,0.07620120431033768,06/30/2026,0.43,132992,46,109751,Zenith Bank & Trust,Scottsdale,59318,AZ,4,4,59318
1,SM,-0.48626226269345385,06/30/2026,-3.29,555006,-1174,431857,Nave Bank,San Juan,59324,PR,72,4,59324
1,NM,0.6930063918065263,06/30/2026,2.52,91190,309,66094,Nova Bank,Huntsville,59326,AL,1,4,59326
1,NM,-3.9007163352529246,06/30/2026,-10.58,57262,-972,37988,Fortuna Bank,Grandview Heights,59330,OH,39,4,59330
1,NM,-8.498526877536271,06/30/2026,-27.45,68825,-2548,50075,Altos Bank,Los Altos,59339,CA,6,4,59339
1,SM,0.4705042541688755,06/30/2026,3.6,339610,747,292498,Integrity Bank SSB,Houston,59342,TX,48,4,59342
1,NM,-8.083993692488873,06/30/2026,-14.25,78136,-2025,49764,Five Rivers Bank,Paramus,59345,NJ,34,7,59345
1,NM,0.027127150038571416,06/30/2026,0.15,142077,16,114255,Four States Bank,Carthage,59352,MO,29,4,59352
1,NM,-0.7079904525066014,06/30/2026,-5.22,317852,-921,280849,BankMiami,Coral Gables,59354,FL,12,7,59354
1,NM,-1.9758387308056184,06/30/2026,-7.72,44907,-362,35532,Gala Bank,Ocala,59358,FL,12,4,59358
1,NM,-53.11437984797779,06/30/2026,-57.11,38547,-10237,2635,Houston Bank & Trust,Houston,59360,TX,48,7,59360
1,NM,-5.303203661327231,06/30/2026,-8.05,43850,-927,21062,Solutions Plus Bank,Albertville,59362,AL,1,7,59362
1,NM,-22.639654506513114,06/30/2026,-25.33,30901,-3224,5595,Generations Community Bank,Indianapolis,59365,IN,18,7,59365
1,NM,-2.4657919136860444,06/30/2026,-4.64,107357,-1097,58726,Liberty Bank of New Jersey,Verona,59369,NJ,34,7,59369
1,NM,-8.186663599064381,06/30/2026,-15.72,52158,-2135,23493,Echelon Bank,Clearwater,59377,FL,12,7,59377
1,N,-1.025186377181218,06/30/2026,-5.45,4664972,-16322,4057089,"Erebor Bank, N.A.",Columbus,59378,OH,39,9,59378
1,NM,-0.33714683868647594,06/30/2026,-0.61,44491,-75,19886,Cornerstone Community Bank,Owensboro,59379,KY,21,7,59379
1,NM,-8.26938136256852,06/30/2026,-8.9,44695,-1848,594,Portrait Bank,Winter Park,59381,FL,12,7,59381
1,NM,1.1829569268738518,06/30/2026,11.91,1764418,10251,1568982,Peoples Bank,Newton,5956,NC,37,4,5956
1,NM,5.067838290094184,06/30/2026,37.73,1740659,42309,1503225,Sutton Bank,Attica,5962,OH,39,9,5962
1,NM,1.282632860195096,06/30/2026,11.22,3490494,22224,2873662,The Farmers & Merchants State Bank,Archbold,5969,OH,39,4,5969
1,SM,1.3999469310640322,06/30/2026,13.04,2818102,19310,2371123,Chemung Canal Trust Company,Elmira,597,NY,36,4,597
1,NM,1.1553656353904695,06/30/2026,11.47,680084,3970,599508,The Community Bank,Zanesville,5981,OH,39,4,5981
1,NM,0.9073718355967801,06/30/2026,9.53,720897,3035,639594,Prism Bank,Guthrie,5994,OK,40,4,5994
1,SM,1.0592762882145987,06/30/2026,5.94,26356,139,21549,First State Bank in Temple,Temple,5999,OK,40,2,5999
1,SM,1.1529901003970668,06/30/2026,11.05,209407,1207,150086,Apollo Trust Company,Apollo,6051,PA,42,5,6051
1,N,0.38422712608256004,06/30/2026,4.31,1564404,2979,1375647,CorTrust Bank National Association,Mitchell,6063,SD,46,4,6063
1,NM,1.9613395715341049,06/30/2026,17.4,52942,531,45747,Bryant State Bank,Bryant,6064,SD,46,2,6064
1,NM,-3.964417442398889,06/30/2026,-47.9,285193,-6621,231529,One American Bank,Centerville,6078,SD,46,5,6078
1,NM,0.22955237287289784,06/30/2026,2.19,41223,46,34856,The Farmers State Bank of Turton,Turton,6084,SD,46,2,6084
1,SM,1.7911508517907984,06/30/2026,13.94,3640978,33872,2894219,First PREMIER Bank,Sioux Falls,6085,SD,46,9,6085
1,NM,0.5098114267797591,06/30/2026,5.76,247000,626,223525,Union Bank,Jamestown,6088,TN,47,8,6088
1,NM,1.3841347520148275,06/30/2026,15.03,8790772,60361,7165944,Tompkins Bank & Trust,Ithaca,609,NY,36,4,609
1,NM,1.1307280793751096,06/30/2026,15.08,820507,4557,751453,Macon Bank and Trust Company,Lafayette,6091,TN,47,4,6091
1,NM,-5.110021099936974,06/30/2026,-55.33,197745,-4662,170578,Lineage Bank,Franklin,6100,TN,47,4,6100
1,SM,0.8794131436893445,06/30/2026,10.54,325642,1413,295346,Decatur County Bank,Decaturville,6101,TN,47,4,6101
1,NM,0.6958818071515238,06/30/2026,7.14,113070,390,100725,The Peoples Bank,Sardis,6110,TN,47,4,6110
1,SM,1.0201260003649844,06/30/2026,8.64,1847024,9475,1603086,Bank Of Clarke,Berryville,6123,VA,51,4,6123
1,NM,1.7951080843011527,06/30/2026,17.31,939409,8386,821468,Bank of Botetourt,Buchanan,6137,VA,51,4,6137
1,NM,1.1877656088481106,06/30/2026,10.08,47355,293,41359,Farmers State Bank,Winthrop,6156,WA,53,7,6156
1,NM,0.9578603890902232,06/30/2026,7.44,2418341,11808,2080686,Peoples Bank,Bellingham,6158,WA,53,4,6158
1,NM,1.2303504112216443,06/30/2026,14.3,849733,5104,718592,"Pendleton Community Bank, Inc.",Franklin,6176,WV,54,4,6176
1,SM,2.234409266114324,06/30/2026,18.38,311669,3510,269805,Bank of Millbrook,Millbrook,618,NY,36,8,618
1,SM,1.3821896794395332,06/30/2026,12.01,255364,1748,224166,The Bank of Monroe,Union,6180,WV,54,8,6180
1,NM,1.163552368475488,06/30/2026,11.56,311539,1800,250330,Citizens State Bank of Loyal,Loyal,6186,WI,55,2,6186
1,NM,1.2061641051669463,06/30/2026,12.73,488201,2923,410521,Citizens State Bank,Hudson,6194,WI,55,4,6194
1,NM,1.642892666606384,06/30/2026,18.25,352373,2907,314491,Sterling Bank,Barron,6195,WI,55,4,6195
1,NM,1.2809436427638108,06/30/2026,11.09,44854,299,38702,Highland State Bank,Highland,6198,WI,55,7,6198
1,NM,1.3421397018089187,06/30/2026,14.63,9409107,61391,8485188,Amalgamated Bank,New York,622,NY,36,4,622
1,SM,0.9147602403678505,06/30/2026,3.81,40535000,188000,28146000,Deutsche Bank Trust Company Americas,New York,623,NY,36,9,623
1,N,1.5783583362345617,06/30/2026,15.07,1172186,9717,983375,Community National Bank,Derby,6271,VT,50,4,6271
1,N,1.0057002890667914,06/30/2026,12.55,553549,2792,500193,The National Bank of Middlebury,Middlebury,6275,VT,50,5,6275
1,N,1.5851712753913223,06/30/2026,18.55,4091315000,31335000,2820284000,"JPMorgan Chase Bank, National Association",Columbus,628,OH,39,1,628
1,N,1.486444826600008,06/30/2026,12.87,91503,667,80526,The First National Bank of Orwell,Orwell,6280,VT,50,5,6280
1,N,0.78446718570122,06/30/2026,8.45,656678,2586,585627,"First Hope Bank, A National Banking Association",Hope,6354,NJ,34,4,6354
1,N,1.3168442363727457,06/30/2026,12.59,609771726,3954707,457798362,"PNC Bank, National Association",Wilmington,6384,DE,10,4,6384
1,SM,1.362114740851899,06/30/2026,19.63,425115000,2891000,372562000,The Bank of New York Mellon,New York,639,NY,36,1,639
1,SM,2.5997087588548755,06/30/2026,21.96,3122546,38157,2714006,Amboy Bank,Old Bridge,6423,NJ,34,4,6423
1,N,0.8118123993338975,06/30/2026,8.78,194992,793,175822,The First National Bank of Absecon,Absecon,6442,NJ,34,8,6442
1,N,0.7482833354967934,06/30/2026,7.69,407773,1518,365286,The First National Bank of Elmer,Elmer,6464,NJ,34,4,6464
1,N,0.7067364424606228,06/30/2026,7.56,309703,1102,276804,The First National Bank of Bellevue,Bellevue,6528,OH,39,4,6528
1,N,1.2319066380388524,06/30/2026,11.68,77667,481,68864,The First National Bank of Blanchester,Blanchester,6530,OH,39,5,6530
1,N,2.4510079302732724,06/30/2026,24.82,1103400,13307,863611,The Citizens National Bank of Bluffton,Bluffton,6531,OH,39,4,6531
1,N,1.2895774964268938,06/30/2026,11.64,7159502,42138,5868532,The Farmers National Bank of Canfield,Canfield,6540,OH,39,4,6540
1,SM,1.305021304079108,06/30/2026,10.48,9530050,62652,7508044,Peoples Bank,Marietta,6544,OH,39,4,6544
1,N,1.2277839078306394,06/30/2026,12.38,705554946,4225746,541886374,U.S. Bank National Association,Cincinnati,6548,OH,39,9,6548
1,N,1.0857401002170708,06/30/2026,9.47,283073605,1431831,227123103,The Huntington National Bank,Columbus,6560,OH,39,4,6560
1,N,0.6141074749664371,06/30/2026,8.73,267384,831,247537,The First National Bank of Dennison,Dennison,6574,OH,39,8,6574
1,N,0.5005522524851361,06/30/2026,5.63,56321,142,51080,"Community First Bank, National Association",Forest,6584,OH,39,2,6584
1,SM,1.4238903294740601,06/30/2026,13.29,6294915,44581,5309825,Five Star Bank,Rochester,659,NY,36,4,659
1,N,0.5826820969518267,06/30/2026,7.36,96173,276,85373,The First National Bank of Germantown,Germantown,6592,OH,39,5,6592
1,SM,0.9457343582724996,06/30/2026,8.56,1701861,8276,1473192,The Adirondack Trust Company,Saratoga Springs,660,NY,36,4,660
1,SM,1.560319370331219,06/30/2026,11.86,22351293,171697,17801476,First Financial Bank,Cincinnati,6600,OH,39,4,6600
1,N,1.1734439157590144,06/30/2026,12.64,1266936,7678,1107452,The Merchants National Bank,Hillsboro,6605,OH,39,4,6605
1,N,0.8430794368943371,06/30/2026,11.14,586277,2456,536166,Kingston National Bank,Kingston,6616,OH,39,2,6616
1,N,1.1648876249973092,06/30/2026,9.22,2219306,12988,1819769,LCNB National Bank,Lebanon,6623,OH,39,4,6623
1,N,1.2902899583139378,06/30/2026,12.43,1588792,10122,1393896,THE VINTON COUNTY NATIONAL BANK,Mcarthur,6636,OH,39,9,6636
1,N,1.2093880977869123,06/30/2026,11.14,200192,1222,176851,The First National Bank of McConnelsville,Mcconnelsville,6637,OH,39,8,6637
1,N,0.9127616551915287,06/30/2026,8.47,102124,483,85212,The Citizens National Bank of McConnelsville,Mcconnelsville,6638,OH,39,5,6638
1,N,0.5733314709633457,06/30/2026,6.45,247209,732,214254,1st National Bank,Lebanon,6646,OH,39,8,6646
1,N,1.990153068288002,06/30/2026,16.37,12608562,117013,10781002,The Park National Bank,Newark,6653,OH,39,4,6653
1,NM,0.9887652836585005,06/30/2026,12.18,286470,1435,256791,Peoples State Bank,New Lexington,6659,OH,39,5,6659
1,NM,1.164018694315271,06/30/2026,11.37,340803,1995,294380,RiverHills Bank,Milford,6662,OH,39,4,6662
1,N,0.8890426517415541,06/30/2026,12.46,298951,1302,275136,The First National Bank of Pandora,Pandora,6671,OH,39,4,6671
1,N,0.9730230833410587,06/30/2026,7.89,299177000,1312000,240928000,"Fifth Third Bank, National Association",Cincinnati,6672,OH,39,4,6672
1,N,0.8968544788303159,06/30/2026,9.5,94963,412,84003,Home National Bank,Racine,6680,OH,39,8,6680
1,NM,0.7385797196884611,06/30/2026,9.72,290631,1073,260656,Somerville Bank,Eaton,6700,OH,39,4,6700
1,N,1.2163153147837522,06/30/2026,14.18,239373,1443,207356,The First National Bank of Sycamore,Sycamore,6706,OH,39,4,6706
1,N,0.739979858338095,06/30/2026,7.98,196208,736,172575,The First National Bank of Waverly,Waverly,6725,OH,39,8,6725
1,N,2.136182363074309,06/30/2026,19.3,114657,1207,100848,The National Bank of Adams County of West Union,West Union,6728,OH,39,8,6728
1,N,1.0377108731787978,06/30/2026,13.86,153930,797,141926,The Citizens National Bank of Woodsfield,Woodsfield,6732,OH,39,8,6732
1,NM,1.9495725486260904,06/30/2026,19.26,772465,7318,678672,"Citizens Bank of West Virginia, Inc.",Elkins,6760,WV,54,4,6760
1,N,0.8520694941236587,06/30/2026,12.05,158070,667,134753,The Fayette County National Bank of Fayetteville,Fayetteville,6762,WV,54,8,6762
1,N,1.4030483663327886,06/30/2026,11.17,201901,1415,175080,"Mountain Valley Bank, N.A.",Elkins,6786,WV,54,4,6786
1,N,1.2183935081735857,06/30/2026,9.64,84854,518,73757,The First National Bank of Peterstown,Peterstown,6787,WV,54,8,6787
1,NM,0.9942216179469748,06/30/2026,10.79,277900,1365,247758,"FNB Bank, Inc.",Romney,6794,WV,54,8,6794
1,NM,0.24982020515538061,03/31/2026,2.79,160621,99,145281,First Neighborhood Bank,Spencer,6800,WV,54,8,6800
1,NM,0.8728592224103932,06/30/2026,7.64,356501,1578,292238,MCNB Bank and Trust Co.,Welch,6803,WV,54,4,6803
1,N,-0.3849407543249059,06/30/2026,-1.97,120280,-226,95884,The First National Bank of Williamson,Williamson,6805,WV,54,4,6805
1,N,1.7550178209805232,06/30/2026,21.85,1139443,9624,1041696,First National Bank,Altavista,6811,VA,51,4,6811
1,SM,0.9839089329807824,06/30/2026,9.29,374588,1819,313563,The Farmers Bank of Appomattox,Appomattox,6813,VA,51,8,6813
1,N,0.5690134563598505,06/30/2026,6.29,1832140,5197,1653196,The National Bank of Blacksburg,Blacksburg,6821,VA,51,4,6821
1,NM,1.6937960435745438,06/30/2026,15,1669098,14266,1434152,Journey Bank,Bloomsburg,686,PA,42,4,686
1,N,1.5059999801741775,06/30/2026,17.83,1331608,9875,1180471,SKYLINE NATIONAL BANK,Independence,6861,VA,51,4,6861
1,SM,1.7783599816785702,06/30/2026,17.03,1724973,15155,1487780,Chesapeake Bank,Kilmarnock,6862,VA,51,4,6862
1,N,2.2034307803817343,06/30/2026,22.59,516491,5700,459962,Powell Valley National Bank,Jonesville,6863,VA,51,4,6863
1,SM,2.8059553997099633,06/30/2026,24.9,371780,5092,296199,Pioneer Bank,Stanley,6913,VA,51,4,6913
1,SM,1.1360186318172145,06/30/2026,12.24,2073688,11718,1845115,First Bank,Strasburg,6917,VA,51,4,6917
1,N,0.5961481847275905,06/30/2026,7.88,273740,837,249068,Cayuga Lake National Bank,Union Springs,6954,NY,36,8,6954
1,N,0.08908688718809556,06/30/2026,0.94,1369479,481,1203419,Ballston Spa National Bank,Ballston Spa,6959,NY,36,4,6959
1,SM,0.9876535479637988,06/30/2026,8.95,15033530,74661,12739858,Dime Commercial Bank,Hauppauge,6976,NY,36,4,6976
1,NM,0.966731051064962,06/30/2026,10.55,2905992,14024,2529829,Wayne Bank,Honesdale,698,PA,42,4,698
1,N,1.2740597629578054,06/30/2026,14.71,5405882,34353,4555620,The Canandaigua National Bank and Trust Company,Canandaigua,6985,NY,36,4,6985
1,N,1.1895214240257215,06/30/2026,12.54,17447957,102859,14871122,"Community Bank, National Association",Canton,6989,NY,36,4,6989
1,N,1.3089425519657747,06/30/2026,5.05,182711,1155,135233,The Putnam County National Bank of Carmel,Carmel,6990,NY,36,4,6990
1,NM,0.9859270168548518,06/30/2026,8.6,98578,482,86612,Peoples Exchange Bank,Monroeville,70,AL,1,4,70
1,N,0.8001707030833244,06/30/2026,9.96,384117,1550,348590,The Delaware National Bank of Delhi,Delhi,7025,NY,36,2,7025
1,N,1.4823318269642756,06/30/2026,12.94,203874,1528,179553,The First National Bank of Dryden,Dryden,7031,NY,36,8,7031
1,N,1.1060510886207198,06/30/2026,11.47,4456940,24663,3675780,Arrow Bank National Association,Glens Falls,7074,NY,36,6,7074
1,N,1.298109549200194,06/30/2026,9.77,203883,1339,175143,The First National Bank of Groton,Groton,7085,NY,36,8,7085
1,N,1.9117475241740813,06/30/2026,13.62,686247,6436,579196,"Jeff Bank, National Association",Jeffersonville,7123,NY,36,4,7123
1,SM,1.6888138942509856,06/30/2026,14.99,5611609,47090,4624164,Orrstown Bank,Harrisburg,713,PA,42,4,713
1,N,1.1101977590223955,06/30/2026,14.54,2134066,11687,1939421,The Lyons National Bank,Lyons,7151,NY,36,4,7151
1,SM,2.0061058639921905,06/30/2026,22.05,890704,8066,810307,Central State Bank,Calera,72,AL,1,4,72
1,N,1.0564825195197276,06/30/2026,11.69,1976180000,10118000,1547586000,"Citibank, National Association",Sioux Falls,7213,SD,46,1,7213
1,N,1.2082230123692987,06/30/2026,10.45,16091731,96782,13677927,"NBT Bank, National Association",Norwich,7230,NY,36,4,7230
1,NM,2.365957152908776,06/30/2026,15.91,152273,1827,98451,WSB Municipal Bank,Watertown,7274,NY,36,7,7274
1,N,0.8960700350539361,06/30/2026,11.87,497060,2215,443870,Champlain National Bank,Elizabethtown,7356,NY,36,4,7356
1,SM,1.3168994519233197,06/30/2026,14.92,270585,1738,243364,The Apple Creek Banking Company,Apple Creek,737,OH,39,4,737
1,NM,0.8130186806127812,06/30/2026,9.4,1572543,6265,1185570,First Keystone Community Bank,Berwick,7404,PA,42,4,7404
1,NM,1.3976204840760695,06/30/2026,11.32,12175009,85532,10334093,First Commonwealth Bank,Indiana,7468,PA,42,4,7468
1,N,1.0137241015557206,06/30/2026,11.18,2389971,11945,2023520,The Ephrata National Bank,Ephrata,7493,PA,42,9,7493
1,NM,1.8043259968779313,06/30/2026,14.53,3303705,29376,2554875,ACNB Bank,Gettysburg,7506,PA,42,4,7506
1,NM,1.2264294237290072,06/30/2026,10.85,5432891,32930,4509551,Peoples Security Bank and Trust Company,Dunmore,7514,PA,42,4,7514
1,N,1.5003115857684797,06/30/2026,11.44,1168760,8619,993302,The Honesdale National Bank,Honesdale,7526,PA,42,4,7526
1,SM,0.8775006288914443,06/30/2026,8.98,1458453,6401,1263920,Ameriserv Financial Bank,Johnstown,7542,PA,42,4,7542
1,N,1.304082964312823,06/30/2026,11.84,32561169,210068,27416299,"Fulton Bank, National Association",Lancaster,7551,PA,42,4,7551
1,N,1.8087449588860427,06/30/2026,11.35,224032,2016,186700,The National Bank of Malvern,Malvern,7590,PA,42,8,7590
1,SM,1.4264858445376194,06/30/2026,12.32,3187334,22037,2402305,First Citizens Community Bank,Mansfield,7593,PA,42,4,7593
1,SM,0.9603930625483811,06/30/2026,11.28,265013,1251,241874,Jim Thorpe Neighborhood Bank,Jim Thorpe,7599,PA,42,8,7599
1,NM,0.39215528423459284,06/30/2026,5.29,667947,1299,578895,Pennian Bank,Mifflintown,7613,PA,42,4,7613
1,NM,1.1585354396676257,06/30/2026,17.77,917861,5241,805828,The Juniata Valley Bank,Mifflintown,7614,PA,42,4,7614
1,SM,1.6202243007283925,06/30/2026,19.04,811604,6556,719375,Minster Bank,Minster,763,OH,39,4,763
1,NM,0.13597436366383323,06/30/2026,2.26,167331,114,156363,UNB Bank,Mount Carmel,7631,PA,42,5,7631
1,N,0.5322503664814373,06/30/2026,3.5,470812,1249,371895,The Neffs National Bank,Neffs,7646,PA,42,8,7646
1,N,1.3549701430380943,06/30/2026,14.63,1166108,7825,1017267,First National Bank and Trust Company of Newtown,Newtown,7658,PA,42,9,7658
1,SM,1.1673505886238025,06/30/2026,15.31,673984,3912,600377,New Tripoli Bank,New Tripoli,7659,PA,42,4,7659
1,SM,1.4294864851876108,06/30/2026,9.95,921494,6643,761912,First Northern Bank and Trust Company,Palmerton,7675,PA,42,4,7675
1,NM,0.8028295849073701,06/30/2026,8.77,471968,1890,425473,The Farmers Bank and Savings Company,Pomeroy,769,OH,39,4,769
1,NM,1.3883034206048595,06/30/2026,7.3,221455,1504,178389,BankSouth,Dothan,77,AL,1,4,77
1,NM,0.8118225679660309,06/30/2026,9.98,2374999,8334,2070023,QNB Bank,Quakertown,7714,PA,42,4,7714
1,SM,1.2812555620601427,06/30/2026,11.52,8168987,52706,7038030,Univest  Bank and Trust Co.,Souderton,7759,PA,42,4,7759
1,N,2.219199737945866,06/30/2026,13.92,243487,2597,202040,The Turbotville National Bank,Turbotville,7789,PA,42,2,7789
1,SM,0.9615726602076984,06/30/2026,8.61,3143130,15095,2610552,Citizens & Northern Bank,Wellsboro,7799,PA,42,4,7799
1,NM,1.057680435857598,06/30/2026,10.17,1656420,8438,1386264,Community Bank,Carmichaels,7848,PA,42,4,7848
1,N,0.6489985925009949,06/30/2026,11.34,385833,1215,362579,First United National Bank,Fryburg,7886,PA,42,8,7886
1,N,1.1929806340245386,06/30/2026,8.9,50801922,300713,39069851,First National Bank of Pennsylvania,Greenville,7888,PA,42,4,7888
1,N,1.3826449688980076,06/30/2026,13.27,2928192,20073,2542923,"NEXTIER BANK, NATIONAL ASSOCIATION",Kittanning,7900,PA,42,4,7900
1,NM,0.7996962578011912,06/30/2026,12.93,425181,1685,385475,Marion Center Bank,Indiana,7909,PA,42,4,7909
1,N,0.8722620662919169,06/30/2026,7.66,30616000,135000,26020000,"BNY Mellon, National Association",Pittsburgh,7946,PA,42,9,7946
1,NM,1.1352962275674272,06/30/2026,8.15,1284117,7417,1037387,Savings Bank of Mendocino County,Ukiah,8011,CA,6,4,8011
1,SM,0.6778198156438943,06/30/2026,6.96,1414037,4733,1206375,Grove Bank & Trust,Miami,8018,FL,12,4,8018
1,NM,1.896623789127642,06/30/2026,18.17,2333967,22189,2072772,Crews Bank & Trust,Wauchula,8021,FL,12,4,8021
1,NM,1.2683891457848533,06/30/2026,18.31,217557,1270,199699,Mount Vernon Bank,Mount Vernon,8028,GA,13,2,8028
1,NM,1.3908395279805978,06/30/2026,9.16,27745993,191904,21774922,"WesBanco Bank, Inc.",Wheeling,803,WV,54,4,803
1,SM,1.5787211086197885,06/30/2026,12.31,790287,6243,678130,Citizens Trust Bank,Atlanta,8033,GA,13,4,8033
1,NM,1.0085484503143034,06/30/2026,18.25,337560,1694,283891,Bath State Bank,Bath,8035,IN,18,2,8035
1,NM,1.4890641044071475,06/30/2026,13.29,21170764,150953,14341536,Merchants Bank of Indiana,Carmel,8056,IN,18,4,8056
1,NM,1.6531902435493482,06/30/2026,19.39,769633,6395,687876,The North Salem State Bank,North Salem,8063,IN,18,4,8063
1,NM,1.084359020479482,06/30/2026,12.53,161189,844,135066,Community State Bank,Brook,8067,IN,18,8,8067
1,SM,1.9266165428932016,06/30/2026,19.22,399658,3763,339407,The Garrett State Bank,Garrett,8074,IN,18,5,8074
1,NM,0.7332509218464399,06/30/2026,11.24,286953,1041,229512,Fairfax State Savings Bank,Fairfax,8083,IA,19,4,8083
1,NM,0.923160158560319,06/30/2026,11.27,460803,2167,400638,NSB Bank,Mason City,8094,IA,19,2,8094
1,SM,1.0062659979846882,06/30/2026,6.56,146341,724,120343,Warren Bank and Trust Company,Warren,81,AR,5,2,81
1,SM,2.1479176008005587,06/30/2026,20.35,800575,8439,692539,Primebank,Le Mars,8101,IA,19,2,8101
1,SM,2.1990660869965266,06/30/2026,17.16,88943,956,71556,New Century Bank,Belleville,8108,KS,20,4,8108
1,NM,0.7745006674558597,06/30/2026,7.59,211114,820,186861,Kendall Bank,Overland Park,8110,KS,20,4,8110
1,SM,-0.014483161378236326,06/30/2026,-0.26,473233,-31,426706,Pbt Bancorp,Hazard,8117,KY,21,4,8117
1,NM,1.242010376576638,06/30/2026,9.65,263787,1641,192218,Bank of Jamestown,Jamestown,8118,KY,21,4,8118
1,NM,0.925247331793567,06/30/2026,8.92,546325,2445,449530,"Magnolia Bank, Incorporated",Elizabethtown,8120,KY,21,4,8120
1,NM,1.9987707090944065,06/30/2026,12.84,71819,710,60311,Security Bank and Trust Co.,Maysville,8121,KY,21,7,8121
1,NM,-0.48193777540735794,06/30/2026,-6.23,207102,-500,190563,First & Peoples Bank and Trust Company,Russell,8122,KY,21,8,8122
1,NM,0.24389148112729211,06/30/2026,1.82,157743,190,134800,"Commonwealth Community Bank, Inc.",Hartford,8126,KY,21,7,8126
1,SM,1.122770527628541,06/30/2026,13.76,3826419,21355,3017263,Independence Bank of Kentucky,Owensboro,8136,KY,21,4,8136
1,NM,0.8341281047919807,06/30/2026,9.45,152316,637,138106,Colfax Banking Company,Colfax,8140,LA,22,8,8140
1,NM,1.7423726115441824,06/30/2026,19.21,1349578,11675,1229534,Sabine State Bank and Trust Company,Many,8141,LA,22,4,8141
1,SM,0.7245512125970722,06/30/2026,3.25,69220,253,53147,Bank of Gueydan,Gueydan,8144,LA,22,2,8144
1,NM,1.1143959260766616,06/30/2026,9.59,1381519,7676,1209469,First American Bank and Trust,Vacherie,8149,LA,22,4,8149
1,NM,0.3545454763824511,06/30/2026,3.99,431164,738,391633,State Savings Bank,Frankfort,8162,MI,26,4,8162
1,NM,1.3433848899838479,06/30/2026,13.94,442745,2850,384050,Honor  Bank,Honor,8165,MI,26,4,8165
1,NM,1.5981746442441214,06/30/2026,15.05,469413,3773,403382,Lake-Osceola State Bank,Baldwin,8172,MI,26,8,8172
1,SM,1.8337101839281194,06/30/2026,22.25,581012,5047,530453,Citizens State Bank,Royal Oak,8183,MI,26,4,8183
1,NM,-0.023342488776153313,06/30/2026,-0.66,86349,-10,83085,The First State Bank of Red Wing,Red Wing,8191,MN,27,7,8191
1,NM,0.6927918408600174,06/30/2026,9.43,116191,377,93578,Portage Bank,Bellevue,8197,WA,53,4,8197
1,NM,0.8494158232173656,06/30/2026,9.45,595964,2523,498735,Citizens Bank Minnesota,New Ulm,8200,MN,27,2,8200
1,NM,0.6187550273845974,06/30/2026,5.71,179866,550,152741,Americana Community Bank,Sleepy Eye,8205,MN,27,4,8205
1,NM,1.3600893229613997,06/30/2026,13.97,106997,739,92523,Prairie Sun Bank,Milan,8207,MN,27,2,8207
1,NM,1.1073177439895725,06/30/2026,11.18,165459,926,147936,Freeport State Bank,Freeport,8210,MN,27,2,8210
1,NM,0.8713358098928451,06/30/2026,13.8,198344,853,185083,Farmers State Bank of Hamel,Hamel,8214,MN,27,7,8214
1,NM,0.7095229953838263,06/30/2026,3.76,23804,83,19196,First State Bank of Swanville,Swanville,8218,MN,27,4,8218
1,SM,2.105139687161477,06/30/2026,15.05,577555,6102,485497,Citizens Bank and Trust Company,Blackstone,823,VA,51,8,823
1,SM,0.919923007538174,06/30/2026,8.02,332227,1523,288927,Copiah Bank,Hazlehurst,8231,MS,28,4,8231
1,NM,1.3015244307773062,06/30/2026,9.54,587508,3769,490764,Bank of Holly Springs,Holly Springs,8232,MS,28,4,8232
1,NM,2.0719205371041602,06/30/2026,16.85,445157,4572,387577,RiverHills Bank,Vicksburg,8234,MS,28,4,8234
1,NM,1.3188389040998256,06/30/2026,11.63,2711794,16407,2279879,Planters Bank & Trust Company,Indianola,8235,MS,28,4,8235
1,NM,1.1523950833884458,06/30/2026,7.81,192247,1121,158299,Bank of Anguilla,Anguilla,8243,MS,28,2,8243
1,NM,0.5570249200686592,06/30/2026,5.86,228078,642,204515,Bank of Wiggins,Wiggins,8250,MS,28,8,8250
1,SM,2.6326978525627234,06/30/2026,24.7,195602,2549,172702,Adrian Bank,Adrian,8251,MO,29,2,8251
1,SM,1.2973162487414298,06/30/2026,14.62,2358824,14431,2066238,Omb Bank,Springfield,8252,MO,29,4,8252
1,SM,1.6346610944668702,06/30/2026,14.9,1184557,9823,1025868,Montgomery Bank,Sikeston,8255,MO,29,4,8255
1,NM,1.182730176387111,06/30/2026,7.74,82942,482,70065,"Farmers Bank of Lohman, Missouri",Jefferson City,8268,MO,29,7,8268
1,N,1.3857154072938007,06/30/2026,13.06,71898588,501232,60172026,"UMB Bank, National Association",Kansas City,8273,MO,29,4,8273
1,SM,2.005733984887352,06/30/2026,22.16,341506,3456,306127,Exchange Bank Co.,Kahoka,8274,MO,29,2,8274
1,NM,0.9936631802973798,06/30/2026,13.23,145001,691,127852,Alton Bank,Alton,8276,MO,29,8,8276
1,NM,1.58684815322293,06/30/2026,18.15,2760473,21294,2464789,Lead Bank,Kansas City,8283,MO,29,9,8283
1,NM,1.1587023182147762,06/30/2026,13.27,332566,1907,297011,O'Bannon Banking Company,Buffalo,8295,MO,29,4,8295
1,SM,1.920184185102395,06/30/2026,21.13,305305,2819,273101,Century Bank of the Ozarks,Gainesville,8296,MO,29,2,8296
1,NM,1.7710322485876604,06/30/2026,19.38,165547,1487,143354,First State Bank of Forsyth,Forsyth,8317,MT,30,2,8317
1,NM,1.476764913153422,06/30/2026,13.16,650796,4453,567435,Stockmens Bank,Colorado Springs,8321,CO,8,2,8321
1,NM,1.9180874069308487,06/30/2026,15.98,285754,2723,233680,Nebraska State Bank and Trust Company,Broken Bow,8322,NE,31,2,8322
1,NM,0.8929196722459556,06/30/2026,9.23,78462,340,70698,First Tri County Bank,Swanton,8333,NE,31,2,8333
1,NM,0.9959245085081493,06/30/2026,12.2,94594,481,84552,First State Bank of Harvey,Harvey,8383,ND,38,2,8383
1,NM,1.6871041898227035,06/30/2026,16.94,559839,4670,482979,KodaBank,Drayton,8386,ND,38,2,8386
1,NM,1.9441687314803804,06/30/2026,17.37,694056,6676,549622,BankNorth,Arthur,8387,ND,38,2,8387
1,NM,1.0689195575639467,06/30/2026,14.5,125127,671,111938,Lincoln State Bank,Hankinson,8390,ND,38,2,8390
1,NM,0.7951633427353385,06/30/2026,5.96,60021,226,52128,The Waterford Commercial and Savings Bank,Waterford,8397,OH,39,8,8397
1,SM,1.4563787591652972,06/30/2026,7.15,93751,675,72936,The Ottoville Bank Company,Ottoville,8403,OH,39,8,8403
1,NM,1.26508929370285,06/30/2026,15.37,2336081,14493,1925463,Farmers and Merchants Trust Company of Chambersburg,Chambersburg,8405,PA,42,4,8405
1,NM,0.6592196571476857,06/30/2026,9.19,1520450,4993,1177819,1st Summit Bank,Johnstown,8426,PA,42,4,8426
1,NM,2.163195279195716,06/30/2026,24.78,1666983,18026,1485935,One Bank of Tennessee,Cookeville,8432,TN,47,4,8432
1,NM,0.9840674789128397,06/30/2026,9.75,1062127,5250,940077,Centennial Bank,Trezevant,8439,TN,47,4,8439
1,SM,1.3707734936704277,06/30/2026,8.53,368807,2523,283485,The Bank of Romney,Romney,845,WV,54,4,845
1,NM,0.9103423675338692,06/30/2026,8.44,3185278,14802,2750395,Exchange Bank,Santa Rosa,8468,CA,6,4,8468
1,SM,0.6601142411731034,06/30/2026,7.63,84714,271,76703,The Pleasants County Bank,Saint Marys,847,WV,54,8,847
1,NM,2.9424852178110292,06/30/2026,16.96,175056,2601,143233,Central State Bank,Clayton,8487,IL,17,2,8487
1,NM,1.1152434524653136,06/30/2026,9.67,203523,1141,177975,Scott State Bank,Bethany,8491,IL,17,4,8491
1,NM,1.4137161135354654,06/30/2026,10.24,168688,1183,142521,Union State Bank,Greenfield,8499,IA,19,2,8499
1,NM,1.8734653045138994,06/30/2026,15.16,77185,721,67164,The Farmers State Bank,Marcus,8503,IA,19,2,8503
1,NM,1.042049267659743,06/30/2026,7,350557,1811,296607,New Albin Savings Bank,New Albin,8506,IA,19,2,8506
1,NM,1.4395369108773475,06/30/2026,23.28,78904,567,73770,Sloan State Bank,Sloan,8507,IA,19,2,8507
1,NM,1.780592761276974,06/30/2026,19.65,148127,1311,134526,Farmers Trust & Savings Bank,Earling,8510,IA,19,2,8510
1,NM,1.8876410714162153,06/30/2026,21.43,294481,2728,267235,Crawford County Trust and Savings Bank,Denison,8511,IA,19,2,8511
1,NM,1.6235043151863724,06/30/2026,14.48,109022,860,96401,White State Bank,South English,8519,IA,19,2,8519
1,NM,1.4380704450647679,06/30/2026,8.97,125922,917,102783,First State Bank,Britt,8522,IA,19,2,8522
1,NM,1.1304173372894422,06/30/2026,11.57,667023,3747,585702,Concordia Bank & Trust Company,Vidalia,8527,LA,22,4,8527
1,NM,0.4977302002176006,06/30/2026,6.06,317082,796,244652,Bank of Coushatta,Coushatta,8531,LA,22,4,8531
1,NM,0.18396756719926413,06/30/2026,1.38,105328,99,90229,Bank of Erath,Erath,8532,LA,22,8,8532
1,NM,1.3419942264714304,06/30/2026,11.38,185479,1242,158480,Tensas State Bank,Newellton,8533,LA,22,2,8533
1,NM,0.26701729543845454,06/30/2026,3.33,294905,396,269666,St. Landry Bank and Trust Company,Opelousas,8534,LA,22,7,8534
1,NM,-1.1205814683120687,06/30/2026,-21.58,364790,-2143,327126,ProGrowth Bank,Nicollet,8536,MN,27,2,8536
1,NM,0.14530253483035033,06/30/2026,1.63,401945,298,333457,BankCherokee,Saint Paul,8537,MN,27,4,8537
1,NM,1.7371194651745427,06/30/2026,18.13,154221,1307,139051,State Bank of Fairmont,Fairmont,8541,MN,27,2,8541
1,NM,0.8788210324035933,06/30/2026,10.82,359301,1561,326741,United Community Bank,Perham,8544,MN,27,4,8544
1,NM,1.2634443103935107,06/30/2026,13.6,415465,2461,365032,Sentry Bank,Saint Joseph,8546,MN,27,4,8546
1,NM,0.772555321548704,06/30/2026,7.14,135865,516,120395,"Merchants & Farmers Bank of Greene County, Alabama",Eutaw,855,AL,1,4,855
1,SM,0.6716946588030192,06/30/2026,8.73,355145,1152,311992,Great Southern Bank,Meridian,8552,MS,28,8,8552
1,NM,2.7178340818346474,06/30/2026,24.35,202081,2691,164689,Bank 21,Carrollton,8560,MO,29,4,8560
1,NM,2.1429570569310394,06/30/2026,9.31,110622,1149,85310,The Bank of Grain Valley,Grain Valley,8564,MO,29,4,8564
1,NM,1.303738668762635,06/30/2026,12.95,312041,1996,269271,Goppert Financial Bank,Lathrop,8569,MO,29,2,8569
1,NM,1.245700324685762,06/30/2026,11.38,125187,775,106624,Citizens Bank of Rogersville,Rogersville,8572,MO,29,4,8572
1,NM,1.0519799243847974,06/30/2026,8.05,600499,3172,518532,The Maries County Bank,Vienna,8576,MO,29,2,8576
1,SM,0.8218799003781939,06/30/2026,9.34,73922,297,66351,Bank of Iberia,Iberia,8584,MO,29,8,8584
1,NM,2.855496088925484,06/30/2026,19.05,63197,867,53674,Montrose Savings Bank,Montrose,8594,MO,29,2,8594
1,SM,0.92095715040807,06/30/2026,11.39,225494,1028,195758,I3 Bank,Bennington,8595,NE,31,4,8595
1,NM,0.41499882269837535,06/30/2026,3.36,46759,94,39773,First State Bank,Hordville,8604,NE,31,2,8604
1,NM,0.8912527024472046,06/30/2026,16.39,413034,1807,362560,State Bank & Trust,Winfield,861,AL,1,4,861
1,NM,1.166932002822958,06/30/2026,10.38,80167,474,69852,The Citizens State Bank at Mohall,Mohall,8632,ND,38,2,8632
1,SM,2.088727691975116,06/30/2026,21.54,416153,4348,361567,Dakota Western Bank,Bowman,8637,ND,38,2,8637
1,NM,0.8915550384989677,06/30/2026,8.66,119826,539,106938,Farmers & Merchants Bank of North Dakota,Tolna,8640,ND,38,2,8640
1,NM,1.0710729092360176,06/30/2026,15.39,187526,1011,163044,Farmers State Bank,West Salem,8647,OH,39,4,8647
1,NM,1.2641246960973664,06/30/2026,14.34,1079676,6879,971963,Commercial Bank & Trust Co.,Paris,8660,TN,47,4,8660
1,SM,0.23171122602271546,06/30/2026,2.42,94796,100,85762,Farmers Bank,Parsons,8661,TN,47,4,8661
1,SM,1.4578591033822186,06/30/2026,12.13,16760169,120173,14364240,FirstBank,Nashville,8663,TN,47,4,8663
1,SM,1.2422077626609636,06/30/2026,15.54,1395901,8645,1266894,Farmers & Merchants Bank,Timberville,8668,VA,51,4,8668
1,NM,0.5358331664492664,06/30/2026,5.49,59931,165,53555,The Blue Grass Valley Bank,Blue Grass,8672,VA,51,8,8672
1,NM,-6.225062782214455,06/30/2026,-228.84,51124,-1698,49730,Lamont Bank of St. John,Saint John,8681,WA,53,2,8681
1,NM,1.2637782385681546,06/30/2026,8.77,152804,965,118431,Bluff View Bank,Galesville,8693,WI,55,4,8693
1,NM,2.302068951305459,06/30/2026,21.81,533754,5958,432278,Bank of Lake Mills,Lake Mills,8695,WI,55,6,8695
1,NM,0.7150612733878883,06/30/2026,10.25,1009818,3632,926853,The Port Washington State Bank,Port Washington,8698,WI,55,4,8698
1,NM,0.6807103857141927,06/30/2026,7.03,154207,523,127390,Waldo State Bank,Waldo,8700,WI,55,4,8700
1,NM,0.027055667034924354,06/30/2026,0.31,574753,80,509585,Unity Bank,Augusta,8714,WI,55,2,8714
1,SM,0.9062974055778131,06/30/2026,7.85,50259,233,44400,Cowboy State Bank,Ranchester,8725,WY,56,4,8725
1,SM,0.5466011896933971,06/30/2026,6.57,28053172,76401,24598218,Arvest Bank,Fayetteville,8728,AR,5,4,8728
1,SM,0.7764027801322259,06/30/2026,7.81,180978,687,162589,Gateway Bank,Rison,8730,AR,5,4,8730
1,SM,1.2231223674275562,06/30/2026,12.17,297564,1736,255864,Merchants and Farmers Bank,Dumas,8735,AR,5,4,8735
1,SM,1.5539991505470883,06/30/2026,14.21,566429,4354,503174,Citizens' Bank & Trust Co.,Van Buren,8738,AR,5,4,8738
1,NM,1.5902845470809637,06/30/2026,13.78,836222,6523,651327,First State Bank of Middlebury,Middlebury,8745,IN,18,4,8745
1,NM,1.3996012956120065,06/30/2026,14.56,276508,1974,246229,Iowa State Savings Bank,Creston,8751,IA,19,2,8751
1,NM,1.5301100127295404,06/30/2026,15.14,320623,2386,271607,First Trust and Savings Bank,Wheatland,8752,IA,19,2,8752
1,NM,2.2188244497386482,06/30/2026,13.84,159915,1768,131978,Bank of Dawson,Dawson,876,GA,13,2,876
1,NM,1.5453370782844404,06/30/2026,12.53,150493,1182,130657,Farmers State Bank,Algona,8760,IA,19,2,8760
1,NM,2.4796723186474723,06/30/2026,23.23,347219,4271,282840,Kerndt Brothers Savings Bank,Lansing,8761,IA,19,2,8761
1,NM,2.2441543074585524,06/30/2026,29.81,149850,1669,136909,The Sacramento Deposit Bank,Sacramento,8762,KY,21,4,8762
1,NM,1.9845856445613166,06/30/2026,13.11,198651,1966,167159,Magnolia State Bank,Eastman,877,GA,13,4,877
1,SM,1.0114302720109218,06/30/2026,8.71,486925,2430,388353,Springfield State Bank,Springfield,8772,KY,21,8,8772
1,NM,1.6718753206702144,06/30/2026,16.14,1591839,13170,1327291,The Cecilian Bank,Cecilia,8774,KY,21,4,8774
1,NM,2.266510355607659,06/30/2026,26.21,231103,2610,209217,Bank of Columbia,Columbia,8775,KY,21,2,8775
1,NM,1.2649571541542968,06/30/2026,13.53,609826,3903,522714,Peoples Exchange Bank,Winchester,8785,KY,21,4,8785
1,NM,2.6721943570300835,06/30/2026,20.07,186213,2488,160300,Farmers State Bank,Lincolnton,879,GA,13,8,879
1,NM,1.773257648708071,06/30/2026,13.48,581618,5104,500469,Cottonport Bank,Cottonport,8798,LA,22,4,8798
1,NM,1.4686987104337632,06/30/2026,8.42,67316,522,54366,Jackson Parish Bank,Jonesboro,8799,LA,22,8,8799
1,SM,1.1935884592514414,06/30/2026,10.74,1091001,6420,935578,Generations Bank,Rogers,88,AR,5,4,88
1,NM,1.6794021464146405,06/30/2026,13.21,838796,6926,722986,Hebron Savings Bank,Hebron,8811,MD,24,4,8811
1,NM,0.8578480403180301,06/30/2026,8.32,729528,3109,648815,The Queenstown Bank of Maryland,Queenstown,8816,MD,24,4,8816
1,NM,2.1245436884913436,06/30/2026,22.19,233757,2488,181555,United Farmers State Bank,Adams,8821,MN,27,2,8821
1,NM,2.4387781762903495,06/30/2026,17.4,226900,2738,193695,Eagle Bank,Glenwood,8824,MN,27,2,8824
1,NM,1.237972502854548,06/30/2026,11.55,99997,618,88274,Currie State Bank,Currie,8833,MN,27,2,8833
1,SM,1.7093105554532146,06/30/2026,21.55,207183,1763,189592,Grand Marais State Bank,Grand Marais,8842,MN,27,4,8842
1,N,1.357499389041582,06/30/2026,10.9,604661,4055,523751,American Heritage National Bank,Long Prairie,8843,MN,27,4,8843
1,NM,3.268953117764036,06/30/2026,25.07,61973,1000,53809,Farmers and Merchants State Bank of Appleton,Appleton,8845,MN,27,2,8845
1,SM,1.5608028737295494,06/30/2026,18.32,598527,4584,516518,North Shore Bank of Commerce,Duluth,8850,MN,27,4,8850
1,NM,1.3040247661318562,06/30/2026,13.33,1492454,9670,1205577,Park State Bank,Duluth,8851,MN,27,4,8851
1,NM,1.700345309233363,06/30/2026,16.9,545208,4705,469449,Glenwood State Bank (Incorporated),Glenwood,8853,MN,27,4,8853
1,NM,0.20741941636467667,06/30/2026,1.66,56408,58,45437,Grove Bank,Grove City,8857,MN,27,4,8857
1,NM,1.4877851105708,06/30/2026,13.6,68745,514,60163,State Bank of Chandler,Chandler,8858,MN,27,2,8858
1,NM,1.0056488000649555,06/30/2026,12.19,177492,867,151971,Woodland Bank,Deer River,8863,MN,27,4,8863
1,NM,0.8478302348539526,06/30/2026,13.66,120859,511,109779,Heritage Bank Minnesota,West Concord,8865,MN,27,6,8865
1,N,1.233492050572623,06/30/2026,10.53,2881736,17908,2498369,"Merchants Bank, National Association",Winona,8866,MN,27,4,8866
1,NM,1.7564113135977568,06/30/2026,16.15,333896,2840,277289,Ultima Bank Minnesota,Winger,8867,MN,27,2,8867
1,SM,1.100025217129805,06/30/2026,8.41,3306390,18125,2834739,BankFirst Financial Services,Columbus,8870,MS,28,4,8870
1,NM,1.1074583718072706,06/30/2026,13.33,5089438,28107,4621096,Community Bank of Mississippi,Flowood,8879,MS,28,4,8879
1,NM,-1.335713109784254,06/30/2026,-12.34,948967,-6653,840150,Midwest Regional Bank,Clayton,8889,MO,29,4,8889
1,NM,1.861669094644712,06/30/2026,18.99,290751,2673,259455,Georgia First Bank,Soperton,889,GA,13,4,889
1,NM,1.1291086679844304,06/30/2026,13.03,1396624,7603,1225110,SULLIVAN BANK,Sullivan,8892,MO,29,4,8892
1,NM,1.5953354234600148,06/30/2026,18.02,64088,508,49471,America's Community Bank,Blue Springs,8893,MO,29,4,8893
1,NM,2.489556639870818,06/30/2026,26.32,145594,1773,125425,Jonesburg State Bank,Jonesburg,8896,MO,29,4,8896
1,NM,0.5512427461465905,06/30/2026,4.56,297131,825,260108,St. Johns Bank and Trust Company,Saint Louis,8898,MO,29,4,8898
1,SM,1.0907549238252685,06/30/2026,11.96,1631775,8696,1436395,Signature Bank of Arkansas,Fayetteville,89,AR,5,4,89
1,SM,1.5638106914291412,06/30/2026,18.43,908283,7109,799254,Peoples Bank & Trust Co.,Troy,8903,MO,29,4,8903
1,NM,2.226218393609843,06/30/2026,24.53,1616201,17833,1397480,The Nodaway Valley Bank,Maryville,8904,MO,29,4,8904
1,NM,2.051960747813952,06/30/2026,15.59,832450,8543,715988,Citizens Bank,Carthage,893,TN,47,4,893
1,NM,1.7249347506873507,06/30/2026,16.19,1130017,9897,935356,Bank Forward,Fargo,8941,ND,38,2,8941
1,NM,1.62843834783235,06/30/2026,18.95,332875,2713,299859,Stock Growers Bank,Forman,8942,ND,38,2,8942
1,NM,1.4974811598951507,06/30/2026,15.03,254278,1950,223367,Merchants Bank,Rugby,8943,ND,38,2,8943
1,NM,1.326926104459821,06/30/2026,15.44,43308,295,39386,Kindred State Bank,Kindred,8946,ND,38,2,8946
1,NM,2.1344946159243388,06/30/2026,21.84,119081,1227,106929,Community Bank,Bristow,8975,OK,40,4,8975
1,NM,1.4143300817483246,06/30/2026,16.12,296291,2047,268960,The Bank of Forest,Forest,898,MS,28,4,898
1,NM,2.3936163438983327,06/30/2026,21.13,388240,4699,287457,Security State Bank of Oklahoma,Wewoka,8980,OK,40,8,8980
1,NM,1.1393348908883034,06/30/2026,11.48,100820,573,78055,The Gerber State Bank,Argenta,899,IL,17,2,899
1,SM,0.6922842412257154,06/30/2026,10.15,364047,1283,335988,Commercial Bank & Trust Company,Monticello,90,AR,5,4,90
1,NM,0.9345594066833859,06/30/2026,13.68,235278,1090,215859,Home Loan State Bank,Grand Junction,90040,CO,8,7,90040
1,NM,1.6339400888634084,06/30/2026,12.01,147482,1216,125765,First State Bank of Roscoe,Roscoe,9005,SD,46,2,9005
1,NM,2.42692857988102,06/30/2026,26.57,154029,1880,135067,Heartland State Bank,Redfield,9007,SD,46,2,9007
1,SI,0.4860470361150703,06/30/2026,4.64,1007240,2482,822624,Adams Community Bank,Adams,90140,MA,25,5,90140
1,SM,0.30299433718745944,06/30/2026,3.75,1621698,2438,1316924,Bluestone Bank,Raynham,90169,MA,25,4,90169
1,SM,0.3758028034607638,06/30/2026,4.02,1664735,3115,1339596,East Cambridge Savings Bank,Cambridge,90173,MA,25,4,90173
1,SI,0.5138511371715601,06/30/2026,3.56,782536,2002,661122,The Bank of Canton,Canton,90175,MA,25,4,90175
1,SI,0.35323972255117575,06/30/2026,4.43,744700,1305,581559,Clinton Savings Bank,Clinton,90181,MA,25,4,90181
1,NM,0.7228665809126904,06/30/2026,5.57,6148813,22239,5176053,Middlesex Savings Bank,Natick,90183,MA,25,4,90183
1,SM,0.5245890967834501,06/30/2026,5.42,2015070,5265,1757780,TruNorth Bank,Easthampton,90188,MA,25,4,90188
1,SM,0.6544184886524234,06/30/2026,5.89,1328004,4264,1068072,Martha's Vineyard Bank,Edgartown,90190,MA,25,5,90190
1,SI,0.3487179487179487,06/30/2026,3.47,708976,1207,617800,Eagle Bank,Everett,90191,MA,25,4,90191
1,SI,0.5090433189373119,06/30/2026,5.65,2863572,7293,2464346,BayCoast Bank,Swansea,90196,MA,25,4,90196
1,NM,2.068388975783399,06/30/2026,24.66,384414,3835,338123,Byron Bank,Byron,902,IL,17,4,902
1,SI,1.715139748264092,06/30/2026,8.52,1069781,9043,804819,Cape Ann Savings Bank,Gloucester,90203,MA,25,5,90203
1,SI,0.5856756942357276,06/30/2026,6.31,1522592,4378,1254483,Greenfield Savings Bank,Greenfield,90206,MA,25,4,90206
1,SI,0.7409669989939921,06/30/2026,7.04,1121201,4132,877930,Pentucket  Bank,Haverhill,90208,MA,25,4,90208
1,SI,1.2439589614594306,06/30/2026,11.55,4556545,28294,2614306,Hingham Institution for Savings,Hingham,90211,MA,25,4,90211
1,SI,0.42605373049785084,06/30/2026,4.83,4622834,9748,3512423,PeoplesBank,Holyoke,90213,MA,25,4,90213
1,SI,0.9805659321978651,06/30/2026,8.29,2770996,13738,2233901,Avidia Bank,Hudson,90215,MA,25,4,90215
1,SI,0.7708338820731668,06/30/2026,6.2,1900746,7170,1635464,The Lowell Five Cent Savings Bank,Tewksbury,90227,MA,25,4,90227
1,SM,0.2282286917644724,06/30/2026,2.42,302337,345,249265,Washington Savings Bank,Lowell,90229,MA,25,4,90229
1,NM,1.3969826224110593,06/30/2026,14.5,980213,6749,847909,Potomac Bank,Charles Town,9023,WV,54,4,9023
1,SM,0.4422729091434623,06/30/2026,4.44,262507,584,229359,Marblehead Bank,Marblehead,90234,MA,25,5,90234
1,SI,0.626843322512102,06/30/2026,5.73,1665454,5170,1393439,Main Street Bank,Marlborough,90235,MA,25,4,90235
1,NM,1.37674711602819,06/30/2026,13.75,211736,1457,188263,"Calhoun County Bank, Inc.",Grantsville,9024,WV,54,5,9024
1,SI,0.9902387263882108,06/30/2026,10.68,806333,3918,721858,Monson Savings Bank,Monson,90245,MA,25,4,90245
1,SI,1.051750178892491,06/30/2026,8.46,5564409,28649,3366877,Institution for Savings in Newburyport and Its Vicinity,Newburyport,90250,MA,25,5,90250
1,SI,0.3880784102464184,06/30/2026,4.36,1573796,3064,1257955,Newburyport Five Cents Savings Bank,Newburyport,90251,MA,25,4,90251
1,SI,1.2161617550118873,06/30/2026,7.73,1082351,6488,774309,MountainOne Bank,North Adams,90253,MA,25,4,90253
1,SM,0.5559220957616764,06/30/2026,6.1,448682,1233,383201,North Brookfield Savings Bank,North Brookfield,90258,MA,25,4,90258
1,SI,0.7645389567483978,06/30/2026,7.07,1844765,6929,1609119,North Easton Savings Bank,South Easton,90259,MA,25,4,90259
1,SI,0.5980617036352064,06/30/2026,4.85,478455,1411,405378,Seamen's Bank,Provincetown,90268,MA,25,5,90268
1,SM,0.6317936223305615,06/30/2026,6.96,2574340,7150,1937408,Cornerstone Bank,Spencer,90282,MA,25,4,90282
1,NM,1.0582035947828803,06/30/2026,13.54,3109431,15451,2574554,UniBank for Savings,Whitinsville,90290,MA,25,6,90290
1,SI,0.4382889534063079,06/30/2026,4.66,890995,1920,766593,The Savings Bank,Wakefield,90291,MA,25,5,90291
1,SI,0.8667886002312253,06/30/2026,7.35,1309969,5668,1000857,Webster Five Cents Savings Bank,Webster,90297,MA,25,4,90297
1,NM,1.1273052324339927,06/30/2026,11.15,1328907,7655,1142698,Amalgamated Bank of Chicago,Chicago,903,IL,17,4,903
1,NM,0.76618755992256,06/30/2026,8.9,164938,622,150398,The Harrison County Bank,Lost Creek,9030,WV,54,8,9030
1,SB,0.7335661732650613,06/30/2026,7.94,2727921,10054,2402827,Westfield Bank,Westfield,90300,MA,25,4,90300
1,SM,0.706847972072474,06/30/2026,7.42,2523127,8897,2218250,South Shore Bank,South Weymouth,90303,MA,25,4,90303
1,SI,0.41960220945892346,06/30/2026,4.38,1087221,2195,817718,Winchester Savings Bank,Winchester,90308,MA,25,4,90308
1,SI,0.5124338883165764,06/30/2026,5.77,580268,1484,513713,Bay State Savings Bank,Worcester,90311,MA,25,4,90311
1,NM,0.8427505374968361,06/30/2026,5.27,122481,505,102883,Headwaters State Bank,Land O' Lakes,9035,WI,55,4,9035
1,NM,2.6725062137331914,06/30/2026,13.24,136214,1853,105172,Security State Bank,Iron River,9036,WI,55,4,9036
1,NM,1.6671572938588712,06/30/2026,13.59,550667,4559,467980,Mound City Bank,Platteville,9037,WI,55,2,9037
1,SM,1.723119841173579,06/30/2026,10.68,417125,3599,347724,The Bank of Landisburg,Landisburg,90384,PA,42,5,90384
1,NM,1.1728779997135745,06/30/2026,18.79,594400,3467,537758,Citizens State Bank,Monticello,9047,IA,19,2,9047
1,NM,0.39314516129032256,06/30/2026,3.37,144592,273,127830,Bank of Moundville,Moundville,9057,AL,1,8,9057
1,NM,1.6847863987441667,06/30/2026,18.85,485694,3946,439830,Planters First Bank,Cordele,9064,GA,13,4,9064
1,NM,0.9736614549871572,06/30/2026,10.61,537913,2541,486805,Bank of Dudley,Dudley,9068,GA,13,4,9068
1,NM,0.5489624786810687,06/30/2026,5.81,289614,824,258564,Farmers & Merchants Bank,Eatonton,9069,GA,13,4,9069
1,NM,1.2993032391401804,06/30/2026,13.93,87492,570,77829,First Bank of Pike,Zebulon,9070,GA,13,4,9070
1,NM,1.1308061023382565,06/30/2026,13.96,331467,1859,294023,The Harvard State Bank,Harvard,9079,IL,17,4,9079
1,NM,1.5268931142579878,06/30/2026,21.19,304847,2368,239378,Holcomb Bank,Rochelle,9080,IL,17,4,9080
1,SM,1.989588898228289,06/30/2026,14.72,9259143,90933,7432748,1st Source Bank,South Bend,9087,IN,18,4,9087
1,NM,1.50316547598304,06/30/2026,16.19,172196,1294,146247,Atkins Savings Bank & Trust,Atkins,9096,IA,19,2,9096
1,NM,1.4003059543857679,06/30/2026,10.02,565445,3782,473895,South Ottumwa Savings Bank,Ottumwa,9099,IA,19,8,9099
1,NM,2.234941769350022,06/30/2026,22.26,1223296,13227,1082370,Pilot Grove Savings Bank,Pilot Grove,9100,IA,19,2,9100
1,NM,1.8639617449787662,06/30/2026,10.81,378229,3553,312121,5Star Bank,Colorado Springs,91005,CO,8,4,91005
1,NM,1.2493448427087679,06/30/2026,8.34,222085,1168,182953,West Iowa Bank,West Bend,9105,IA,19,2,9105
1,NM,2.0871176342367215,06/30/2026,19.62,72649,766,64210,Farmers State Bank,Yale,9106,IA,19,2,9106
1,NM,1.5386221566810654,06/30/2026,15.41,51500,393,45998,Rolette State Bank,Rolette,9120,ND,38,2,9120
1,NM,1.208155046564309,06/30/2026,14.36,117217,712,98443,State Bank of Bottineau,Bottineau,9121,ND,38,2,9121
1,NM,2.0072434417752327,06/30/2026,15.9,2485275,25522,2109750,Western State Bank,Devils Lake,9123,ND,38,4,9123
1,SM,-1.252292755844859,06/30/2026,-15.36,252866,-1642,231526,Bank of Little Rock,Little Rock,91280,AR,5,4,91280
1,SM,1.4746993243297355,06/30/2026,22.34,178566494,1299715,148110314,The Northern Trust Company,Chicago,913,IL,17,1,913
1,N,13.718314171172775,06/30/2026,20.02,412828,27632,550,CIBC National Trust Company,Atlanta,91325,GA,13,7,91325
1,NM,1.2900120528415668,06/30/2026,15.83,485771,3243,437336,Osgood Bank,Osgood,9137,OH,39,4,9137
1,SM,1.4579957982560736,06/30/2026,14.64,1295187,9362,1134721,"The Commercial and Savings Bank of Millersburg, Ohio",Millersburg,9139,OH,39,4,9139
1,NM,1.4530006924866332,06/30/2026,23.07,732955,5354,623090,Countybank,Greenwood,9155,SC,45,4,9155
1,SM,1.8155505405091512,06/30/2026,14.03,595120,5315,507050,Wayne County Bank,Waynesboro,9168,TN,47,4,9168
1,NM,1.6147411208089157,06/30/2026,14.65,1698276,13063,1434380,Security Bank and Trust Company,Paris,9172,TN,47,4,9172
1,NM,2.193299408238219,06/30/2026,14.66,1456375,15489,1140333,Apex Bank,Camden,9176,TN,47,5,9176
1,NM,2.019724676392028,06/30/2026,15.48,98059,983,85000,Union Bank & Trust Company,Livingston,9179,TN,47,5,9179
1,NM,-1.0774460812542959,06/30/2026,-10.89,51038,-290,45538,Brighton Bank,Brighton,9189,TN,47,8,9189
1,NM,0.4174323132972904,06/30/2026,4.81,123957,262,111488,Home Banking Company,Selmer,9196,TN,47,8,9196
1,NM,2.05758316854799,06/30/2026,13.93,2164532,21827,1778121,Central Bank,Provo,9204,UT,49,4,9204
1,NM,1.5611312558684456,06/30/2026,15.94,444247,3389,395490,Glennville Bank,Glennville,9244,GA,13,8,9244
1,NM,0.9322157829372888,06/30/2026,23.54,446778,2093,396232,"The Bank of LaFayette, Georgia",La Fayette,9245,GA,13,7,9245
1,SM,0.6813765349577585,06/30/2026,6.44,116156,412,102885,The State Bank of Geneva,Geneva,925,IL,17,4,925
1,NM,0.6684866355085605,06/30/2026,6.95,232056,744,168167,Farmers State Bank of Hoffman,Hoffman,9259,IL,17,2,9259
1,N,0.7578416027148055,06/30/2026,7.69,587626,2228,516978,Peoples National Bank of Kewanee,Kewanee,926,IL,17,7,926
1,N,0.7883541026462807,06/30/2026,10.16,645634,2509,570878,Stillman BancCorp N.A.,Stillman Valley,9263,IL,17,4,9263
1,SM,1.78229018760288,06/30/2026,17.04,134757,1182,118909,Rushville State Bank,Rushville,9265,IL,17,2,9265
1,NM,1.746684426941565,06/30/2026,14.26,85865,754,74713,Villa Grove State Bank,Villa Grove,9273,IL,17,4,9273
1,SM,2.0701193619664138,06/30/2026,31.19,1087178,11241,973234,First Bank of Berne,Berne,9288,IN,18,2,9288
1,SM,1.133419689119171,06/30/2026,8.24,36679,210,31481,Farmers State Bank,Lake View,9295,IA,19,7,9295
1,SM,1.1419426647543842,06/30/2026,9.04,616834,3437,516045,Farmers & Merchants Savings Bank,Manchester,9298,IA,19,4,9298
1,NM,0.8249709167604582,06/30/2026,8.25,276805,1163,234675,Reliance State Bank,Story City,9299,IA,19,2,9299
1,NM,1.1170907474133698,06/30/2026,6.93,73912,402,56643,Riverside Bank,Sparkman,93,AR,5,5,93
1,NM,1.765634622921449,06/30/2026,9.85,148288,1314,111572,Readlyn Savings Bank,Readlyn,9300,IA,19,2,9300
1,NM,1.7315249918877018,06/30/2026,15.34,220385,1921,193700,The Citizens Bank,Hickman,9306,KY,21,2,9306
1,SM,1.4575345343768054,06/30/2026,12.5,353663,2590,308335,United Southern Bank,Hopkinsville,9309,KY,21,4,9309
1,NM,0.4665304985609507,06/30/2026,5.89,56922,134,52042,Citizens State Bank of Milford,Milford,931,IL,17,2,931
1,NM,1.288468026305452,06/30/2026,13.5,216129,1394,181386,Commercial Bank,West Liberty,9310,KY,21,8,9310
1,NM,1.822712104514513,06/30/2026,13.09,175556,1574,150425,"PBK BANK, INC.",Stanford,9313,KY,21,8,9313
1,NM,1.4493406872587506,06/30/2026,8.36,163993,1179,133730,Bank of Maysville,Maysville,9315,KY,21,8,9315
1,NM,0.9198655581107376,06/30/2026,9.51,541448,2470,485992,Merchants & Farmers Bank & Trust Company,Leesville,9319,LA,22,4,9319
1,NM,0.7439729793147096,06/30/2026,6.68,155972,576,136920,Bank of Winnfield & Trust Company,Winnfield,9323,LA,22,7,9323
1,NM,1.8960193054971948,06/30/2026,30.28,1298497,12025,1207032,Jonesboro State Bank,Jonesboro,9325,LA,22,9,9325
1,NM,1.1242977265375194,06/30/2026,10.55,309213,1703,273886,Washington State Bank,Washington,9326,LA,22,4,9326
1,NM,1.7409216508395238,06/30/2026,11.71,86110,755,72354,Peoples Bank,Chatham,9328,LA,22,4,9328
1,NM,1.8603068879697766,06/30/2026,17.5,110418,1039,92303,First State Bank of Le Center,Le Center,9330,MN,27,2,9330
1,NM,0.919601349687015,06/30/2026,8.18,85517,392,74697,Bank of Maple Plain,Maple Plain,9332,MN,27,8,9332
1,N,-8.07836564221633,06/30/2026,-16.75,180793,-5880,112381,"Battle Bank, National Association",Upsala,9336,MN,27,7,9336
1,NM,0.9066376193186704,06/30/2026,10.58,83459,369,72156,"Farmers & Merchants State Bank of New York Mills, Incorporated",New York Mills,9340,MN,27,8,9340
1,NM,1.376730803812264,06/30/2026,15.16,46999,319,42529,State Bank of Lake Park,Lake Park,9351,MN,27,8,9351
1,NM,1.2032707085623648,06/30/2026,11.27,36884,220,32699,Farmers State Bank of Hoffman,Hoffman,9354,MN,27,2,9354
1,NM,0.9110812171468369,06/30/2026,14.47,295482,1306,266985,The Commercial Bank,De Kalb,9356,MS,28,4,9356
1,NM,1.1290330134006448,06/30/2026,10.11,1134517,6429,996173,Bank of Commerce,Greenwood,9359,MS,28,2,9359
1,NM,3.9570554615357794,06/30/2026,36.1,503471,9836,445004,Peoples Bank,Mendenhall,9366,MS,28,4,9366
1,SM,2.4240159506378443,06/30/2026,19.57,509944,6249,438740,The Bank of Advance,Advance,9369,MO,29,2,9369
1,NM,2.3411924208855526,06/30/2026,22.01,481005,5546,420698,F & C Bank,Holden,9378,MO,29,2,9378
1,N,0.46046649020277897,06/30/2026,4.29,116748,265,103499,"Bank of Brookfield - Purdin, National Association",Brookfield,9385,MO,29,2,9385
1,NM,1.530661547282367,06/30/2026,12.78,211448,1584,183387,The Corner Stone Bank,South West City,9388,MO,29,8,9388
1,NM,1.7936637430945077,06/30/2026,12.54,240976,2118,205133,Bank of Grandin,Grandin,9392,MO,29,4,9392
1,N,1.076891362156677,06/30/2026,8.45,66227555,349411,54339086,Valley National Bank,Passaic,9396,NJ,34,4,9396
1,SM,1.0952079284464153,06/30/2026,9.97,30989,170,27447,Bank of Cattaraugus,Cattaraugus,9406,NY,36,4,9406
1,N,1.308333889370788,06/30/2026,12.59,625189,4085,538094,Tioga State Bank National Association,Spencer,9410,NY,36,4,9410
1,NM,1.537938652391877,06/30/2026,11.23,46656,362,40066,Grant County State Bank,Carson,9417,ND,38,2,9417
1,NM,1.407995223761785,06/30/2026,15.47,312172,2264,266171,The Union Bank,Beulah,9420,ND,38,2,9420
1,NM,1.166091153978269,06/30/2026,13.88,72112,430,61428,Citizens State Bank of Lankin,Lankin,9422,ND,38,2,9422
1,NM,1.299714532941753,06/30/2026,11.42,6383512,40012,5127914,Choice Financial Group,Fargo,9423,ND,38,4,9423
1,NM,1.1039299436808054,06/30/2026,12.68,1240816,6588,1097693,First State Bank,Winchester,9437,OH,39,9,9437
1,NM,1.3088434186990097,06/30/2026,13,23402,150,20991,The Mt. Victory State Bank,Mount Victory,9438,OH,39,8,9438
1,NM,0.8057955666803053,06/30/2026,6.75,71855,279,63468,The Peoples Savings Bank,New Matamoras,9439,OH,39,8,9439
1,NM,1.9562001893470307,06/30/2026,5.7,278431,2817,176186,First Bank of Ohio,Tiffin,9450,OH,39,6,9450
1,SM,1.1217053747243984,06/30/2026,12.78,1172039,6568,989480,The North Side Bank and Trust Company,Cincinnati,9457,OH,39,4,9457
1,NM,1.847129587188146,06/30/2026,16.92,359400,3291,307326,Farmers & Merchants Bank,Miamisburg,9462,OH,39,4,9462
1,NM,1.3783797632671186,06/30/2026,16.09,871724,5918,702080,Unified Bank,Martins Ferry,9463,OH,39,4,9463
1,SM,1.0628176396523394,06/30/2026,8.41,601348,3247,505805,Wisdom Heritage Bank,Alva,9465,OK,40,2,9465
1,NM,2.1470503761137847,06/30/2026,24.79,302589,3202,262070,VALOR BANK,Edmond,9467,OK,40,4,9467
1,NM,1.6685253592781186,06/30/2026,17.88,449812,3688,394590,"Welch State Bank of Welch, Okla.",Welch,9472,OK,40,2,9472
1,NM,0.8978234582829505,06/30/2026,7.59,266417,1188,230079,Clackamas County Bank,Sandy,9486,OR,41,4,9486
1,SM,1.463452218720888,06/30/2026,11.85,445335,3134,376351,Peoples Bank,Clifton,9489,TN,47,4,9489
1,NM,0.5779655702165002,06/30/2026,6.34,1110596,2989,1000034,Thread Bank,Rogersville,9499,TN,47,9,9499
1,NM,1.1084629595678968,06/30/2026,12.44,470727,2620,378878,Iowa State Bank,Algona,950,IA,19,2,950
1,NM,0.9570427255649985,06/30/2026,8.55,165482,771,145559,Movement Bank,Danville,9502,VA,51,4,9502
1,SM,1.4332998388289564,06/30/2026,15.88,634069,4448,535922,The Bank of Marion,Marion,9507,VA,51,8,9507
1,NM,1.0262328640949034,06/30/2026,10.35,271111,1402,218933,Cherokee State Bank,Cherokee,951,IA,19,2,951
1,NM,1.1061025144393892,06/30/2026,13.75,246464,1323,209898,Cleveland State Bank,Cleveland,9517,WI,55,4,9517
1,SM,0.9085194536380717,06/30/2026,9.01,191212,872,157110,Bristol Morgan Bank,Oakfield,9523,WI,55,4,9523
1,NM,1.5159333847133332,06/30/2026,13.49,149137,1131,130501,The Pineries Bank,Stevens Point,9526,WI,55,8,9526
1,NM,2.1425867889963817,06/30/2026,12.95,328079,3538,260117,State Bank of Newburg,Newburg,9529,WI,55,2,9529
1,NM,1.0778946341167173,06/30/2026,11.28,7832471,40941,6716992,Bankers Trust Company,Des Moines,953,IA,19,4,953
1,NM,1.3949648731671431,06/30/2026,22.68,667468,4554,621257,Community State Bank,Union Grove,9536,WI,55,4,9536
1,SM,2.026479624397681,06/30/2026,13.01,274629,2789,211302,FNB Bank,Fontanelle,954,IA,19,2,954
1,SM,1.7547196640511458,06/30/2026,17.44,540910,4751,452366,Connection Bank,Fort Madison,955,IA,19,4,955
1,SM,2.6901148317674455,06/30/2026,22.62,352857,4690,307682,Glenwood State Bank,Glenwood,956,IA,19,8,956
1,NM,1.290086857965815,06/30/2026,14.25,2495750,16148,1958459,United Bank of Iowa,Ida Grove,958,IA,19,2,958
1,NM,-1.474088573975536,06/30/2026,-9.21,111299,-802,87456,Local Bank,Tuscaloosa,9614,AL,1,4,9614
1,NM,1.5910264539197168,06/30/2026,18.82,149999,1217,134762,Sweet Water State Bank,Sweet Water,9615,AL,1,2,9615
1,NM,1.4780727225501655,06/30/2026,15.69,810512,6032,727269,First Bank,Clewiston,9620,FL,12,4,9620
1,SM,1.516747286187604,06/30/2026,12.85,4447362,33574,3817144,Capital City Bank,Tallahassee,9622,FL,12,9,9622
1,SM,1.3287910452034009,06/30/2026,14.02,287720,1934,252926,The Home Trust & Savings Bank,Osage,963,IA,19,2,963
1,NM,1.2355237475601821,06/30/2026,14.71,414471,2532,368006,Alliance Community Bank,Petersburg,9631,IL,17,2,9631
1,NM,0.8539520379822545,06/30/2026,8.77,897175,3686,686466,Fortress Bank,Peoria,9632,IL,17,4,9632
1,NM,0.9793603965748264,06/30/2026,10.52,690633,3406,622818,Citizens Bank,Mooresville,9647,IN,18,4,9647
1,NM,2.4510521598468804,06/30/2026,28.21,96667,1144,87793,"The Citizens State Bank of Cheney, Kansas",Cheney,9658,KS,20,4,9658
1,SM,1.2933574262481833,06/30/2026,8.22,69766,439,58877,Bank of Holyrood,Holyrood,9661,KS,20,2,9661
1,NM,1.4475458394484064,06/30/2026,11.94,339531,2428,282983,Kaw Valley Bank,Topeka,9665,KS,20,4,9665
1,NM,0.9291893623838513,06/30/2026,9.66,119766,551,105450,Fredonia Valley Bank,Fredonia,9669,KY,21,8,9669
1,NM,0.5966100810802881,06/30/2026,6.66,104061,305,92296,Owingsville Banking Company,Owingsville,9672,KY,21,2,9672
1,NM,2.4407795807190555,06/30/2026,20.66,1152722,14070,1000273,Edmonton State Bank,Glasgow,9678,KY,21,4,9678
1,SM,1.239262212320623,06/30/2026,13.01,266430,1704,239412,Security Trust & Savings Bank,Storm Lake,968,IA,19,2,968
1,SM,1.5939620828411845,06/30/2026,10.14,169642,1327,141877,Templeton Savings Bank,Templeton,969,IA,19,2,969
1,NM,1.4138494314025094,06/30/2026,9.05,24968842,175946,20525735,Rockland Trust Company,Rockland,9712,MA,25,4,9712
1,SM,0.9163578710869443,06/30/2026,7.89,930519,4462,782577,Oxford Bank,Oxford,9719,MI,26,4,9719
1,NM,1.0217614081620352,06/30/2026,10.39,88254,452,79077,Concorde Bank,Blomkest,9727,MN,27,4,9727
1,NM,1.0544460369876938,06/30/2026,14.97,161749,835,121618,First Security Bank,Byron,9728,MN,27,8,9728
1,NM,1.836916822290899,06/30/2026,20.76,85029,741,75447,Vantage Bank,Kent,9733,MN,27,4,9733
1,NM,1.9683698555783784,06/30/2026,20.87,124245,1233,80979,State Bank of New Richland,New Richland,9735,MN,27,2,9735
1,NM,2.516353360777213,06/30/2026,25.59,984523,11713,788495,Midwest Bank,Detroit Lakes,9737,MN,27,4,9737
1,NM,1.1775744852718726,06/30/2026,15.41,218894,1278,194312,Home State Bank,Litchfield,9745,MN,27,4,9745
1,N,1.8464526726603105,06/30/2026,16.78,164733,1540,143668,"Northwestern Bank, National Association",Dilworth,9746,MN,27,4,9746
1,NM,1.3749516749869732,06/30/2026,9.36,60674,409,51499,Vergas State Bank,Vergas,9747,MN,27,4,9747
1,NM,1.3127389311231439,06/30/2026,13.86,894830,5817,658782,21st Century Bank,Loretto,9751,MN,27,4,9751
1,NM,1.4591658061329862,06/30/2026,9.38,45406,325,38238,Marshall County State Bank,Newfolden,9752,MN,27,7,9752
1,SM,1.1626521406077113,06/30/2026,14.26,114600,683,104548,Blissfield State Bank,Blissfield,976,MI,26,2,976
1,NM,1.006497132093957,06/30/2026,10.76,538319,2719,473874,Community Bank Mankato,Vernon Center,9760,MN,27,4,9760
1,NM,0.3310505558338832,06/30/2026,7.53,146091,250,138445,The First State Bank of Rosemount,Rosemount,9769,MN,27,8,9769
1,SM,2.3096813825779114,06/30/2026,18.34,638618,7244,545565,Tri-County Bank,Brown City,977,MI,26,4,977
1,SM,1.1584187077217931,06/30/2026,17.35,409937,2321,350776,First State Bank Southwest,Pipestone,9770,MN,27,2,9770
1,NM,0.6893502944395719,06/30/2026,5.7,138350,486,119913,Security State Bank of Warroad,Warroad,9773,MN,27,2,9773
1,SM,1.0949271920714343,06/30/2026,19.65,341645,1852,311574,Bank of Kilmichael,Kilmichael,9775,MS,28,4,9775
1,NM,0.9199348707078716,06/30/2026,6.73,98552,468,83045,Citizens Bank & Trust Co.,Marks,9777,MS,28,2,9777
1,NM,2.3902692609097094,06/30/2026,30.24,390185,4621,356839,Bloomsdale Bank,Bloomsdale,9788,MO,29,4,9788
1,NM,1.4711593567036625,06/30/2026,14.42,163792,1168,145175,Commercial Trust Company of Fayette,Fayette,9791,MO,29,8,9791
1,NM,2.0442353850862642,06/30/2026,15.01,667099,6768,567048,Bank of Odessa,Odessa,9803,MO,29,8,9803
1,NM,1.5887428394856316,06/30/2026,10.21,70161,557,54249,Adams State Bank,Adams,9812,NE,31,2,9812
1,NM,1.2942989214175655,06/30/2026,10.23,107243,686,92880,Platte Valley Bank,North Bend,9818,NE,31,2,9818
1,NM,4.337546976426375,06/30/2026,25.89,74131,1587,60979,Nebraska State Bank,Oshkosh,9819,NE,31,2,9819
1,SM,1.4188175221365418,06/30/2026,8.27,553623,4004,453657,Eastern Michigan Bank,Croswell,982,MI,26,7,982
1,NM,1.3989654899208839,06/30/2026,14.5,150405,1030,118538,State Bank of Table Rock,Table Rock,9822,NE,31,2,9822
1,SM,1.1473285113555598,06/30/2026,7.63,463060,2607,391269,Alden State Bank,Alden,9831,NY,36,4,9831
1,NM,1.1620305148108248,06/30/2026,10,548346000,3155000,419212000,Truist Bank,Charlotte,9846,NC,37,9,9846
1,SM,2.569681375485862,06/30/2026,25.3,435566,6112,384506,The St. Henry Bank,St. Henry,9871,OH,39,2,9871
1,NM,1.6280144639895597,06/30/2026,17.8,61018,499,52716,BANK360,Cordell,9875,OK,40,4,9875
1,NM,0.6394329143525285,06/30/2026,7.52,61471,175,56790,First State Bank,Noble,9879,OK,40,7,9879
1,NM,1.5329288807005266,06/30/2026,19.51,166936,1212,145373,Security Bank and Trust Company,Miami,9881,OK,40,4,9881
1,NM,1.71258780580396,06/30/2026,16.02,1194923,10000,1012441,The Dime Bank,Honesdale,9888,PA,42,4,9888
1,NM,1.2399686317725824,06/30/2026,9.89,7038845,41527,5965397,Mid Penn Bank,Millersburg,9889,PA,42,4,9889
1,NM,2.0249192585978117,06/30/2026,15.43,201031,2022,169238,Bank of Delight,Delight,99,AR,5,2,99
1,NM,1.5179078599771885,06/30/2026,17.25,2380274,17365,2133240,Anderson Brothers Bank,Mullins,9923,SC,45,4,9923
1,NM,2.568322989341023,06/30/2026,23.8,260430,3334,218754,"Commercial State Bank, of Wagner",Wagner,9932,SD,46,2,9932
1,NM,1.470167137824806,06/30/2026,16.08,357097,2550,295873,Rivers Edge Bank,Marion,9935,SD,46,2,9935
1,SM,0.0803763937893191,06/30/2026,0.69,637822,263,535514,American State Bank,Arp,9967,TX,48,4,9967
1,NM,1.1933117624040812,06/30/2026,10.02,1684362,10399,1464169,First State Bank of Uvalde,Uvalde,9978,TX,48,4,9978
1,SM,1.312938496746305,06/30/2026,7.8,92960,611,76769,Farmers & Merchants Bank of Craig County,New Castle,9986,VA,51,8,9986
1,SM,0.9044354143722266,06/30/2026,10.11,122764,516,110942,G. W. Jones Exchange Bank,Marcellus,999,MI,26,7,999
1,NM,1.0105107657676142,06/30/2026,15.26,566071,2873,522521,Jefferson Security Bank,Shepherdstown,9997,WV,54,4,9997
1,NM,1.1632070208744452,06/30/2026,12.46,244166,1397,218427,Capon Valley Bank,Wardensville,9998,WV,54,4,9998
