transaction_id,account_id,customer_id,customer_country,account_type,transaction_date,amount,currency,status,merchant
T00002654,A000566,C000056,LT,checking,2026-10-05,278.67,GBP,success,Netflix
T00005865,A000246,C000380,FI,checking,2026-10-05,72.20,USD,success,Rimi
T00008932,A000703,C000175,SE,credit,2026-10-05,183.33,EUR,success,Airbnb
T00004016,A000723,C000438,LT,credit,2026-10-05,473.77,GBP,success,Wolt
T00006882,A000407,C000145,LV,savings,2026-10-05,2.24,GBP,success,Bolt
T00008391,A000736,C000339,SE,checking,2026-10-05,198.87,EUR,success,Rimi
T00003637,A000569,C000368,EE,checking,2026-10-05,374.13,EUR,success,Netflix
T00000838,A000569,C000368,EE,checking,2026-10-05,56.70,USD,pending,Wolt
T00000527,A000570,C000066,LV,checking,2026-10-05,172.80,USD,success,Wolt
T00004665,A000495,C000483,SE,checking,2026-10-05,148.96,GBP,success,Tesco
T00001399,A000722,C000046,LV,credit,2026-10-05,40.97,GBP,success,Bolt
T00000445,A000355,C000087,FI,credit,2026-10-05,396.76,GBP,success,Steam
T00003539,A000408,C000018,LV,credit,2026-10-05,299.07,GBP,success,Airbnb
T00004756,A000311,C000368,EE,savings,2026-10-05,130.90,USD,success,Bolt
T00005617,A000168,C000101,EE,checking,2026-10-05,216.36,GBP,pending,Steam
T00006092,A000497,C000285,LV,savings,2026-10-05,117.84,USD,success,Amazon
T00004963,A000328,C000142,FI,savings,2026-10-05,248.37,GBP,success,Amazon
T00004082,A000497,C000285,LV,savings,2026-10-05,178.49,GBP,success,Spotify
T00009588,A000167,C000094,SE,checking,2026-10-05,437.60,GBP,success,Spotify
T00006036,A000384,C000199,SE,checking,2026-10-05,56.60,USD,success,Tesco
T00006878,A000282,C000168,EE,savings,2026-10-05,131.39,USD,success,Netflix
T00006692,A000240,C000059,LT,savings,2026-10-05,80.23,USD,success,Rimi
T00008682,A000024,C000377,LV,checking,2026-10-05,381.39,GBP,success,Steam
T00002626,A000576,C000207,LT,credit,2026-10-05,134.17,USD,success,Wolt
T00006660,A000380,C000362,FI,savings,2026-10-05,461.89,USD,success,Netflix
T00007679,A000281,C000279,LT,savings,2026-10-05,86.86,USD,success,Steam
T00000775,A000696,C000126,FI,credit,2026-10-05,302.69,GBP,success,IKEA
T00004612,A000280,C000069,LT,checking,2026-10-05,252.50,GBP,success,Netflix
T00003461,A000580,C000036,LV,credit,2026-10-05,98.64,GBP,success,Bolt
T00002014,A000734,C000253,EE,credit,2026-10-05,218.71,USD,success,Airbnb
T00009520,A000280,C000069,LT,checking,2026-10-05,498.09,USD,success,Spotify
T00001424,A000503,C000120,SE,savings,2026-10-05,265.02,USD,success,Bolt
T00000175,A000460,C000414,LT,credit,2026-10-05,245.99,USD,success,Netflix
T00008462,A000721,C000105,FI,credit,2026-10-05,352.50,EUR,success,Netflix
T00000618,A000462,C000250,LT,checking,2026-10-05,94.72,EUR,success,Tesco
T00001170,A000230,C000421,EE,checking,2026-10-05,77.57,EUR,success,Netflix
T00008301,A000382,C000013,LV,credit,2026-10-05,268.44,EUR,success,Airbnb
T00005937,A000275,C000005,FI,savings,2026-10-05,401.30,GBP,pending,Amazon
T00003151,A000309,C000212,LV,credit,2026-10-05,304.19,USD,success,IKEA
T00004328,A000327,C000169,LV,savings,2026-10-05,340.97,GBP,failed,Tesco
T00006866,A000308,C000429,SE,savings,2026-10-05,26.51,USD,success,Tesco
T00000014,A000272,C000294,EE,credit,2026-10-05,303.98,GBP,success,Bolt
T00001095,A000155,C000467,SE,savings,2026-10-05,135.60,USD,success,Airbnb
T00006054,A000061,C000348,SE,checking,2026-10-05,471.33,USD,success,Tesco
T00007728,A000226,C000328,FI,checking,2026-10-05,385.91,GBP,success,Rimi
T00005741,A000513,C000255,FI,credit,2026-10-05,186.23,EUR,success,Amazon
T00003922,A000152,C000416,FI,checking,2026-10-05,88.55,GBP,success,Steam
T00007767,A000348,C000104,EE,savings,2026-10-05,265.31,EUR,success,Wolt
T00002596,A000433,C000453,SE,savings,2026-10-05,328.57,GBP,success,Amazon
T00006802,A000515,C000056,LT,credit,2026-10-05,10.22,GBP,success,Tesco
T00007980,A000411,C000064,FI,savings,2026-10-05,203.25,GBP,success,Amazon
T00006119,A000595,C000231,LT,checking,2026-10-05,134.59,GBP,success,Airbnb
T00004886,A000400,C000152,FI,savings,2026-10-05,335.95,EUR,success,Wolt
T00003142,A000149,C000211,FI,savings,2026-10-05,497.43,EUR,success,Netflix
T00003856,A000377,C000499,FI,savings,2026-10-05,170.95,EUR,success,Rimi
T00003094,A000271,C000436,LT,savings,2026-10-05,91.84,GBP,success,Steam
T00005357,A000598,C000101,EE,credit,2026-10-05,322.54,GBP,success,Bolt
T00001670,A000026,C000003,LT,checking,2026-10-05,167.98,USD,success,Tesco
T00002357,A000144,C000358,EE,credit,2026-10-05,21.67,USD,success,Tesco
T00003319,A000143,C000262,LV,credit,2026-10-05,309.27,EUR,success,Wolt
T00003646,A000437,C000083,LV,checking,2026-10-05,443.76,EUR,success,Rimi
T00003614,A000688,C000032,FI,credit,2026-10-05,43.79,USD,success,Rimi
T00003237,A000729,C000051,FI,checking,2026-10-05,77.91,USD,failed,Bolt
T00000232,A000518,C000399,SE,savings,2026-10-05,446.14,EUR,success,Airbnb
T00004499,A000271,C000436,LT,savings,2026-10-05,88.03,EUR,success,Amazon
T00004241,A000609,C000349,LT,checking,2026-10-05,227.47,EUR,success,Tesco
T00008082,A000718,C000265,FI,checking,2026-10-05,272.71,EUR,success,Tesco
T00008077,A000218,C000461,LT,credit,2026-10-05,425.88,EUR,success,IKEA
T00009975,A000216,C000226,SE,credit,2026-10-05,437.46,USD,success,Steam
T00001026,A000683,C000361,EE,checking,2026-10-05,78.31,USD,success,Spotify
T00008195,A000612,C000050,EE,checking,2026-10-05,446.69,GBP,success,Netflix
T00007398,A000717,C000214,FI,savings,2026-10-05,192.94,USD,success,Tesco
T00003418,A000612,C000050,EE,checking,2026-10-05,405.35,EUR,success,Netflix
T00003300,A000439,C000418,LV,credit,2026-10-05,156.35,USD,success,Airbnb
T00005421,A000045,C000130,EE,savings,2026-10-05,57.82,EUR,success,Steam
T00001836,A000211,C000349,LT,checking,2026-10-05,105.72,GBP,success,Rimi
T00001746,A000129,C000037,EE,checking,2026-10-05,15.49,GBP,success,Spotify
T00002539,A000129,C000037,EE,checking,2026-10-05,494.43,EUR,success,Rimi
T00004312,A000716,C000190,LT,credit,2026-10-05,429.05,USD,success,Wolt
T00006278,A000530,C000051,FI,savings,2026-10-05,37.99,EUR,success,Steam
T00009911,A000324,C000281,EE,credit,2026-10-05,408.70,GBP,pending,Steam
T00008743,A000322,C000218,SE,savings,2026-10-05,78.67,EUR,pending,Amazon
T00001747,A000127,C000232,SE,savings,2026-10-05,179.28,GBP,success,Steam
T00000368,A000297,C000186,LT,credit,2026-10-05,458.14,USD,success,IKEA
T00008995,A000684,C000150,FI,checking,2026-10-05,142.66,GBP,success,Tesco
T00009575,A000334,C000117,EE,savings,2026-10-05,15.66,GBP,success,Amazon
T00001205,A000125,C000268,LT,checking,2026-10-05,108.02,GBP,success,Tesco
T00002719,A000125,C000268,LT,checking,2026-10-05,299.48,GBP,success,IKEA
T00009649,A000264,C000498,FI,checking,2026-10-05,234.13,USD,success,Amazon
T00006538,A000619,C000216,LV,checking,2026-10-05,155.89,GBP,success,Netflix
T00002222,A000123,C000362,FI,savings,2026-10-05,150.81,GBP,success,Amazon
T00002333,A000418,C000404,LT,credit,2026-10-05,491.68,EUR,success,Tesco
T00007637,A000532,C000168,EE,checking,2026-10-05,311.96,GBP,success,Spotify
T00005935,A000734,C000253,EE,credit,2026-10-05,317.85,USD,success,Tesco
T00001416,A000727,C000175,SE,savings,2026-10-05,354.45,EUR,success,Rimi
T00005316,A000262,C000116,LV,checking,2026-10-05,493.49,EUR,success,Airbnb
T00004948,A000532,C000168,EE,checking,2026-10-05,325.76,USD,success,Netflix
T00007826,A000444,C000427,SE,checking,2026-10-05,336.92,GBP,failed,IKEA
T00004591,A000296,C000361,EE,credit,2026-10-05,264.11,GBP,success,Airbnb
T00000703,A000261,C000279,LT,credit,2026-10-05,284.00,GBP,success,Netflix
T00009782,A000320,C000197,LT,savings,2026-10-05,53.88,EUR,success,Amazon
T00000483,A000534,C000396,SE,checking,2026-10-05,44.89,USD,success,IKEA
T00007920,A000385,C000078,FI,credit,2026-10-05,341.80,USD,success,Airbnb
T00008011,A000446,C000315,LT,checking,2026-10-05,335.36,GBP,success,Wolt
T00007877,A000204,C000276,LT,savings,2026-10-05,35.53,EUR,success,Steam
T00000478,A000203,C000123,FI,savings,2026-10-05,245.26,EUR,success,Bolt
T00004311,A000292,C000287,LV,savings,2026-10-05,66.72,USD,failed,Bolt
T00006490,A000351,C000229,SE,credit,2026-10-05,268.80,EUR,success,Wolt
T00003857,A000420,C000121,LV,checking,2026-10-05,219.72,GBP,success,IKEA
T00002394,A000115,C000015,LT,checking,2026-10-05,104.21,GBP,success,Netflix
T00005511,A000202,C000412,EE,savings,2026-10-05,456.62,GBP,failed,IKEA
T00000519,A000114,C000409,SE,credit,2026-10-05,252.49,EUR,success,Tesco
T00002482,A000114,C000409,SE,credit,2026-10-05,415.09,EUR,success,Steam
T00002624,A000626,C000353,SE,credit,2026-10-05,427.31,GBP,success,Spotify
T00008330,A000202,C000412,EE,savings,2026-10-05,453.93,EUR,success,Spotify
T00001571,A000383,C000344,EE,credit,2026-10-05,182.42,USD,success,Spotify
T00005978,A000113,C000368,EE,credit,2026-10-05,496.73,EUR,success,Wolt
T00006457,A000031,C000014,LV,checking,2026-10-05,364.91,USD,success,Netflix
T00002522,A000198,C000225,FI,savings,2026-10-05,190.54,GBP,success,Netflix
T00003472,A000713,C000354,EE,checking,2026-10-05,229.93,EUR,failed,Wolt
T00004950,A000629,C000403,EE,checking,2026-10-05,40.04,USD,success,Spotify
T00009787,A000402,C000441,EE,savings,2026-10-05,259.66,USD,success,Airbnb
T00009302,A000633,C000132,EE,credit,2026-10-05,92.40,GBP,success,Amazon
T00000719,A000108,C000089,FI,checking,2026-10-05,320.11,USD,failed,Bolt
T00006865,A000713,C000354,EE,checking,2026-10-05,332.91,GBP,success,Amazon
T00008030,A000259,C000350,SE,savings,2026-10-05,134.40,EUR,success,Airbnb
T00004287,A000450,C000236,LT,checking,2026-10-05,202.12,EUR,success,Netflix
T00004930,A000634,C000114,EE,credit,2026-10-05,468.64,EUR,success,Bolt
T00002918,A000346,C000133,EE,checking,2026-10-05,348.60,EUR,success,IKEA
T00006197,A000483,C000269,SE,savings,2026-10-05,456.75,GBP,success,Wolt
T00001482,A000635,C000490,SE,credit,2026-10-05,199.03,USD,success,Wolt
T00006299,A000032,C000293,SE,savings,2026-10-05,137.89,EUR,success,Tesco
T00001270,A000738,C000022,LV,savings,2026-10-05,283.52,GBP,success,Airbnb
T00004415,A000483,C000269,SE,savings,2026-10-05,359.34,GBP,failed,Spotify
T00009857,A000104,C000047,LT,savings,2026-10-05,263.00,EUR,success,IKEA
T00008722,A000638,C000085,LV,savings,2026-10-05,376.82,USD,success,Amazon
T00007655,A000639,C000321,SE,savings,2026-10-05,485.05,USD,success,Tesco
T00007942,A000254,C000118,LT,savings,2026-10-05,92.43,EUR,success,Netflix
T00000522,A000742,C000248,FI,credit,2026-10-05,69.01,USD,failed,IKEA
T00001922,A000640,C000126,FI,checking,2026-10-05,251.96,GBP,success,IKEA
T00009227,A000099,C000455,LV,checking,2026-10-05,46.44,USD,success,Amazon
T00007201,A000743,C000077,FI,savings,2026-10-05,253.26,USD,success,Netflix
T00000213,A000684,C000150,FI,checking,2026-10-05,495.82,EUR,success,Rimi
T00000996,A000725,C000408,LT,credit,2026-10-05,397.99,EUR,success,Amazon
T00007559,A000648,C000165,LT,savings,2026-10-05,310.32,GBP,success,Amazon
T00002089,A000252,C000486,FI,checking,2026-10-05,132.16,USD,success,Bolt
T00005655,A000451,C000268,LT,savings,2026-10-05,122.37,USD,success,IKEA
T00008263,A000191,C000363,LT,savings,2026-10-05,207.74,GBP,success,Bolt
T00003460,A000332,C000225,FI,checking,2026-10-05,172.75,EUR,success,IKEA
T00004443,A000354,C000009,FI,savings,2026-10-05,200.51,GBP,pending,IKEA
T00006242,A000332,C000225,FI,checking,2026-10-05,62.85,EUR,success,Rimi
T00000777,A000554,C000236,LT,checking,2026-10-05,254.70,GBP,success,Steam
T00009247,A000557,C000003,LT,savings,2026-10-05,398.05,USD,success,Spotify
T00003347,A000250,C000373,SE,checking,2026-10-05,377.17,EUR,success,Rimi
T00000711,A000182,C000230,FI,checking,2026-10-05,481.21,GBP,success,Steam
T00004557,A000013,C000282,FI,savings,2026-10-05,357.42,GBP,pending,Spotify
T00008320,A000288,C000038,SE,credit,2026-10-05,392.73,GBP,success,Spotify
T00009330,A000657,C000317,EE,checking,2026-10-05,156.80,USD,failed,Steam
T00000550,A000083,C000444,LT,credit,2026-10-05,384.84,GBP,success,Amazon
T00002801,A000083,C000444,LT,credit,2026-10-05,71.10,USD,success,Airbnb
T00005155,A000561,C000129,SE,checking,2026-10-05,325.30,EUR,success,Tesco
T00006885,A000250,C000373,SE,checking,2026-10-05,390.79,USD,success,Amazon
T00001213,A000345,C000257,EE,credit,2026-10-05,355.81,GBP,success,Bolt
T00008400,A000180,C000163,LV,credit,2026-10-05,104.66,EUR,success,Spotify
T00009781,A000082,C000275,LV,credit,2026-10-05,11.34,EUR,success,Bolt
T00006303,A000452,C000051,FI,checking,2026-10-05,16.49,EUR,success,Rimi
T00008672,A000659,C000129,SE,savings,2026-10-05,76.65,EUR,success,Rimi
T00009324,A000562,C000364,SE,checking,2026-10-05,24.23,EUR,success,Bolt
T00009530,A000661,C000028,SE,credit,2026-10-05,358.09,EUR,success,IKEA
T00009320,A000077,C000100,LT,savings,2026-10-05,305.01,USD,success,Wolt
T00007562,A000745,C000012,LV,savings,2026-10-05,452.18,EUR,success,Airbnb
T00002127,A000394,C000070,LV,savings,2026-10-05,16.32,GBP,success,Bolt
T00002533,A000073,C000319,LV,savings,2026-10-05,300.06,EUR,success,Steam
T00008523,A000693,C000424,EE,checking,2026-10-05,1.14,EUR,success,Netflix
T00004692,A000177,C000115,FI,savings,2026-10-05,409.39,USD,success,Rimi
T00001054,A000248,C000451,EE,savings,2026-10-05,12.42,USD,success,Tesco
T00006485,A000673,C000446,LV,savings,2026-10-05,309.16,EUR,success,Tesco
T00002694,A000067,C000474,EE,credit,2026-10-05,409.66,GBP,success,Wolt
T00009020,A000492,C000458,EE,credit,2026-10-05,448.86,EUR,success,Amazon
T00000424,A000176,C000432,FI,savings,2026-10-05,313.99,GBP,success,IKEA
T00004869,A000176,C000432,FI,savings,2026-10-05,416.06,USD,success,Rimi
T00004266,A000566,C000056,LT,checking,2026-10-05,136.12,USD,success,Tesco
T00008493,A000064,C000160,LT,credit,2026-10-05,495.55,GBP,success,Airbnb
T00008447,A000349,C000462,SE,credit,2026-10-05,246.27,USD,success,Tesco
T00007702,A000191,C000363,LT,savings,2026-10-04,263.43,EUR,success,Airbnb
T00003561,A000189,C000348,SE,checking,2026-10-04,364.53,GBP,success,IKEA
T00008841,A000552,C000492,FI,checking,2026-10-04,40.42,EUR,success,Bolt
T00004364,A000552,C000492,FI,checking,2026-10-04,228.07,EUR,success,Amazon
T00003907,A000183,C000357,FI,savings,2026-10-04,414.54,GBP,success,Bolt
T00007735,A000182,C000230,FI,checking,2026-10-04,179.50,GBP,failed,Amazon
T00006339,A000181,C000329,FI,checking,2026-10-04,399.86,GBP,success,Amazon
T00004740,A000724,C000411,FI,savings,2026-10-04,356.69,USD,success,Tesco
T00002609,A000179,C000018,LV,credit,2026-10-04,29.63,USD,success,Amazon
T00002091,A000178,C000401,SE,credit,2026-10-04,304.98,GBP,pending,Tesco
T00003281,A000178,C000401,SE,credit,2026-10-04,142.37,EUR,success,Airbnb
T00002206,A000564,C000447,EE,checking,2026-10-04,163.01,GBP,success,Wolt
T00001620,A000564,C000447,EE,checking,2026-10-04,81.60,EUR,success,Airbnb
T00001640,A000740,C000194,LV,checking,2026-10-04,401.74,EUR,success,Wolt
T00005819,A000569,C000368,EE,checking,2026-10-04,165.57,EUR,success,IKEA
T00005744,A000569,C000368,EE,checking,2026-10-04,233.69,GBP,success,Wolt
T00004537,A000569,C000368,EE,checking,2026-10-04,393.60,EUR,failed,Rimi
T00001061,A000722,C000046,LV,credit,2026-10-04,291.53,USD,success,Wolt
T00009805,A000349,C000462,SE,credit,2026-10-04,132.32,GBP,success,IKEA
T00008568,A000571,C000127,LT,savings,2026-10-04,114.26,GBP,success,Netflix
T00000304,A000167,C000094,SE,checking,2026-10-04,405.57,GBP,success,Steam
T00005441,A000722,C000046,LV,credit,2026-10-04,428.08,USD,success,Airbnb
T00007286,A000167,C000094,SE,checking,2026-10-04,491.66,USD,success,Netflix
T00006527,A000166,C000246,EE,credit,2026-10-04,478.63,EUR,success,IKEA
T00009431,A000166,C000246,EE,credit,2026-10-04,148.38,EUR,pending,Rimi
T00004651,A000165,C000061,EE,credit,2026-10-04,404.01,USD,success,Airbnb
T00005847,A000164,C000015,LT,savings,2026-10-04,289.92,EUR,success,Amazon
T00006292,A000164,C000015,LT,savings,2026-10-04,491.19,GBP,success,Rimi
T00008255,A000578,C000404,LT,checking,2026-10-04,245.61,USD,success,Wolt
T00004258,A000578,C000404,LT,checking,2026-10-04,281.84,USD,success,Bolt
T00000627,A000024,C000377,LV,checking,2026-10-04,344.00,USD,success,Netflix
T00008969,A000162,C000176,LV,checking,2026-10-04,347.31,USD,success,Netflix
T00000101,A000580,C000036,LV,credit,2026-10-04,285.80,USD,success,Steam
T00009847,A000161,C000062,EE,credit,2026-10-04,310.57,USD,success,Spotify
T00006569,A000025,C000265,FI,checking,2026-10-04,295.32,USD,success,Steam
T00001419,A000582,C000400,SE,checking,2026-10-04,386.38,USD,success,Steam
T00002643,A000159,C000155,EE,savings,2026-10-04,265.61,EUR,success,IKEA
T00008405,A000586,C000221,FI,checking,2026-10-04,115.10,USD,success,Amazon
T00007631,A000586,C000221,FI,checking,2026-10-04,149.39,EUR,success,Steam
T00004162,A000157,C000074,LT,checking,2026-10-04,394.89,GBP,success,Wolt
T00001990,A000586,C000221,FI,checking,2026-10-04,278.68,GBP,success,Wolt
T00000666,A000587,C000005,FI,credit,2026-10-04,3.51,USD,success,Bolt
T00005319,A000154,C000306,SE,credit,2026-10-04,221.89,USD,success,Amazon
T00009210,A000589,C000261,EE,checking,2026-10-04,380.96,GBP,success,Steam
T00004408,A000385,C000078,FI,credit,2026-10-04,434.88,USD,success,Steam
T00008265,A000593,C000065,EE,credit,2026-10-04,58.57,GBP,success,Airbnb
T00006988,A000593,C000065,EE,credit,2026-10-04,405.64,GBP,success,Spotify
T00002135,A000149,C000211,FI,savings,2026-10-04,319.02,EUR,success,Tesco
T00008329,A000147,C000484,SE,credit,2026-10-04,353.17,USD,success,Tesco
T00000312,A000603,C000437,SE,savings,2026-10-04,354.35,GBP,success,Amazon
T00005290,A000606,C000317,EE,checking,2026-10-04,100.56,EUR,success,Wolt
T00008934,A000608,C000210,LV,savings,2026-10-04,278.48,EUR,success,Tesco
T00003977,A000136,C000042,SE,savings,2026-10-04,382.75,GBP,success,Bolt
T00002672,A000135,C000461,LT,credit,2026-10-04,99.90,USD,success,Netflix
T00003549,A000610,C000255,FI,savings,2026-10-04,211.20,EUR,success,Netflix
T00009993,A000611,C000488,FI,savings,2026-10-04,439.50,USD,failed,Steam
T00005326,A000133,C000260,SE,checking,2026-10-04,293.62,GBP,success,Airbnb
T00005632,A000131,C000280,LT,credit,2026-10-04,380.14,GBP,success,Spotify
T00008967,A000131,C000280,LT,credit,2026-10-04,46.54,GBP,success,Tesco
T00003107,A000130,C000173,LV,savings,2026-10-04,277.05,EUR,success,Amazon
T00007326,A000614,C000083,LV,savings,2026-10-04,77.30,EUR,success,Spotify
T00009148,A000028,C000264,EE,checking,2026-10-04,267.46,EUR,success,Amazon
T00000542,A000128,C000046,LV,credit,2026-10-04,265.11,EUR,success,Spotify
T00009365,A000127,C000232,SE,savings,2026-10-04,276.71,GBP,success,Netflix
T00002221,A000715,C000093,FI,checking,2026-10-04,111.85,USD,success,Steam
T00001320,A000126,C000437,SE,credit,2026-10-04,11.55,EUR,success,Airbnb
T00004794,A000124,C000425,LT,credit,2026-10-04,412.20,EUR,success,Airbnb
T00005985,A000715,C000093,FI,checking,2026-10-04,228.27,EUR,success,Wolt
T00005707,A000619,C000216,LV,checking,2026-10-04,52.36,USD,success,Netflix
T00003875,A000619,C000216,LV,checking,2026-10-04,48.63,GBP,success,Netflix
T00001931,A000122,C000235,LT,credit,2026-10-04,431.66,USD,success,Airbnb
T00003166,A000122,C000235,LT,credit,2026-10-04,148.66,GBP,success,Rimi
T00002097,A000714,C000017,FI,checking,2026-10-04,394.18,EUR,success,Steam
T00006971,A000121,C000491,EE,savings,2026-10-04,276.32,EUR,success,Bolt
T00004435,A000347,C000423,FI,checking,2026-10-04,178.37,USD,success,Bolt
T00008926,A000119,C000064,FI,savings,2026-10-04,413.09,EUR,success,Amazon
T00006018,A000029,C000223,EE,credit,2026-10-04,64.98,GBP,success,IKEA
T00002062,A000621,C000078,FI,credit,2026-10-04,272.72,USD,success,Wolt
T00000524,A000621,C000078,FI,credit,2026-10-04,73.62,USD,success,Rimi
T00000962,A000622,C000362,FI,savings,2026-10-04,283.93,EUR,success,Rimi
T00007261,A000714,C000017,FI,checking,2026-10-04,312.90,EUR,success,Spotify
T00000920,A000622,C000362,FI,savings,2026-10-04,277.73,GBP,success,Amazon
T00002237,A000624,C000082,SE,savings,2026-10-04,326.87,GBP,success,Rimi
T00008548,A000625,C000311,EE,savings,2026-10-04,146.19,EUR,success,Wolt
T00000374,A000115,C000015,LT,checking,2026-10-04,372.78,GBP,success,Bolt
T00005638,A000626,C000353,SE,credit,2026-10-04,284.57,USD,success,Bolt
T00005643,A000114,C000409,SE,credit,2026-10-04,149.09,GBP,success,Bolt
T00005765,A000627,C000022,LV,credit,2026-10-04,448.87,EUR,success,Netflix
T00006418,A000628,C000384,LT,savings,2026-10-04,395.02,USD,success,Wolt
T00005948,A000111,C000404,LT,credit,2026-10-04,170.84,USD,success,Netflix
T00008215,A000633,C000132,EE,credit,2026-10-04,64.90,EUR,success,Amazon
T00004914,A000108,C000089,FI,checking,2026-10-04,449.31,GBP,success,Bolt
T00009144,A000635,C000490,SE,credit,2026-10-04,18.10,GBP,success,Airbnb
T00009723,A000105,C000266,LV,savings,2026-10-04,345.58,EUR,success,Tesco
T00006372,A000104,C000047,LT,savings,2026-10-04,401.89,GBP,success,Netflix
T00004289,A000640,C000126,FI,checking,2026-10-04,482.23,GBP,success,Netflix
T00005982,A000647,C000264,EE,credit,2026-10-04,328.41,EUR,success,Rimi
T00007336,A000094,C000467,SE,credit,2026-10-04,279.99,USD,success,Steam
T00009467,A000649,C000249,LV,credit,2026-10-04,44.53,USD,success,Wolt
T00000848,A000092,C000134,FI,checking,2026-10-04,353.25,GBP,success,Airbnb
T00004059,A000092,C000134,FI,checking,2026-10-04,369.02,GBP,success,Tesco
T00006921,A000003,C000098,FI,savings,2026-10-04,34.33,USD,success,Amazon
T00001483,A000090,C000034,EE,checking,2026-10-04,321.73,USD,success,Netflix
T00007647,A000089,C000320,SE,credit,2026-10-04,458.82,GBP,success,Rimi
T00002916,A000087,C000270,FI,credit,2026-10-04,415.55,GBP,success,Netflix
T00008755,A000087,C000270,FI,credit,2026-10-04,5.99,USD,success,Steam
T00008319,A000655,C000309,EE,credit,2026-10-04,450.72,EUR,success,Steam
T00002414,A000356,C000072,FI,credit,2026-10-04,69.53,USD,success,Tesco
T00001671,A000655,C000309,EE,credit,2026-10-04,170.10,USD,success,Netflix
T00004618,A000387,C000493,FI,checking,2026-10-04,123.01,EUR,success,Rimi
T00009096,A000657,C000317,EE,checking,2026-10-04,368.40,EUR,success,Spotify
T00006208,A000035,C000221,FI,credit,2026-10-04,58.98,GBP,success,Airbnb
T00005486,A000657,C000317,EE,checking,2026-10-04,247.67,GBP,success,Steam
T00006591,A000080,C000362,FI,credit,2026-10-04,490.85,EUR,success,Airbnb
T00003548,A000659,C000129,SE,savings,2026-10-04,4.67,USD,success,Netflix
T00008790,A000666,C000386,SE,checking,2026-10-04,398.75,EUR,success,Wolt
T00004145,A000389,C000265,FI,checking,2026-10-04,149.50,USD,success,IKEA
T00001889,A000070,C000191,FI,savings,2026-10-04,439.17,USD,success,Amazon
T00006038,A000670,C000429,SE,savings,2026-10-04,121.63,USD,success,Netflix
T00002866,A000067,C000474,EE,credit,2026-10-04,160.82,EUR,success,IKEA
T00006964,A000674,C000256,FI,savings,2026-10-04,154.96,USD,success,Wolt
T00004711,A000674,C000256,FI,savings,2026-10-04,147.45,GBP,success,Wolt
T00000079,A000036,C000448,SE,checking,2026-10-04,241.40,EUR,success,Spotify
T00007815,A000063,C000382,LT,savings,2026-10-04,405.20,EUR,success,Bolt
T00003563,A000063,C000382,LT,savings,2026-10-04,59.37,USD,pending,Airbnb
T00003473,A000062,C000023,FI,credit,2026-10-04,5.95,EUR,success,Netflix
T00009775,A000390,C000024,LV,savings,2026-10-04,14.43,USD,failed,Airbnb
T00007184,A000681,C000355,FI,savings,2026-10-04,151.28,EUR,success,Airbnb
T00006935,A000682,C000075,EE,checking,2026-10-04,314.63,USD,success,Bolt
T00004812,A000683,C000361,EE,checking,2026-10-04,484.07,EUR,success,Amazon
T00007283,A000343,C000075,EE,checking,2026-10-04,300.44,USD,success,Tesco
T00009733,A000053,C000422,EE,savings,2026-10-04,246.19,GBP,success,Spotify
T00009060,A000051,C000366,LV,savings,2026-10-04,224.08,USD,success,Wolt
T00002859,A000050,C000449,FI,checking,2026-10-04,412.29,EUR,success,Bolt
T00006519,A000693,C000424,EE,checking,2026-10-04,190.98,USD,success,Netflix
T00002016,A000693,C000424,EE,checking,2026-10-04,221.17,EUR,success,Spotify
T00000619,A000049,C000140,LT,savings,2026-10-04,60.47,EUR,success,Steam
T00005833,A000049,C000140,LT,savings,2026-10-04,103.25,EUR,success,Wolt
T00006914,A000049,C000140,LT,savings,2026-10-04,145.30,USD,failed,IKEA
T00002502,A000048,C000059,LT,checking,2026-10-04,163.56,GBP,success,Tesco
T00009877,A000697,C000381,LT,checking,2026-10-04,364.23,USD,success,Wolt
T00006159,A000697,C000381,LT,checking,2026-10-04,34.96,GBP,success,Bolt
T00005653,A000046,C000002,LT,checking,2026-10-04,240.08,USD,failed,Netflix
T00005561,A000042,C000411,FI,savings,2026-10-04,445.54,GBP,success,Tesco
T00003605,A000041,C000005,FI,credit,2026-10-04,209.07,EUR,success,Wolt
T00001689,A000040,C000071,LV,savings,2026-10-04,457.33,GBP,success,Spotify
T00000115,A000039,C000052,FI,credit,2026-10-04,472.12,USD,success,IKEA
T00000466,A000010,C000282,FI,credit,2026-10-04,490.56,EUR,success,Airbnb
T00006524,A000391,C000096,FI,savings,2026-10-04,114.04,USD,success,Tesco
T00007669,A000392,C000010,LT,credit,2026-10-04,90.20,EUR,success,Spotify
T00002513,A000392,C000010,LT,credit,2026-10-04,339.38,EUR,success,Rimi
T00008047,A000340,C000437,SE,credit,2026-10-04,113.41,EUR,success,Spotify
T00007265,A000339,C000345,EE,credit,2026-10-04,265.56,GBP,success,Rimi
T00004019,A000396,C000007,FI,credit,2026-10-04,40.57,GBP,failed,Bolt
T00001149,A000337,C000239,LV,credit,2026-10-04,440.17,EUR,success,Wolt
T00006484,A000376,C000281,EE,credit,2026-10-04,172.02,GBP,success,Netflix
T00002258,A000398,C000191,FI,checking,2026-10-04,46.55,USD,success,Amazon
T00008067,A000354,C000009,FI,savings,2026-10-04,89.01,USD,success,Bolt
T00004459,A000358,C000213,SE,savings,2026-10-04,137.50,USD,success,Rimi
T00000939,A000334,C000117,EE,savings,2026-10-04,257.44,EUR,success,Wolt
T00002895,A000334,C000117,EE,savings,2026-10-04,279.93,USD,pending,IKEA
T00006309,A000403,C000250,LT,savings,2026-10-04,428.00,GBP,success,Wolt
T00007408,A000404,C000034,EE,credit,2026-10-04,20.61,USD,success,Airbnb
T00006572,A000331,C000314,FI,credit,2026-10-04,100.24,USD,success,Bolt
T00002329,A000406,C000263,EE,checking,2026-10-04,243.16,EUR,success,Spotify
T00005009,A000380,C000362,FI,savings,2026-10-04,310.91,GBP,success,Netflix
T00003172,A000359,C000470,LV,checking,2026-10-04,200.59,GBP,success,Airbnb
T00003708,A000410,C000047,LT,credit,2026-10-04,153.42,EUR,success,Netflix
T00009016,A000412,C000155,EE,checking,2026-10-04,109.66,GBP,success,Rimi
T00003653,A000324,C000281,EE,credit,2026-10-04,333.07,USD,failed,Bolt
T00006193,A000736,C000339,SE,checking,2026-10-04,449.99,GBP,success,Amazon
T00009166,A000374,C000046,LV,savings,2026-10-04,342.85,GBP,success,IKEA
T00000780,A000417,C000421,EE,checking,2026-10-04,412.33,USD,success,Amazon
T00005447,A000418,C000404,LT,credit,2026-10-04,80.37,EUR,success,Rimi
T00004347,A000373,C000469,LV,savings,2026-10-04,35.04,EUR,failed,Airbnb
T00002213,A000318,C000034,EE,credit,2026-10-04,286.25,GBP,success,Rimi
T00006992,A000317,C000284,FI,checking,2026-10-04,445.11,EUR,success,Spotify
T00006699,A000315,C000487,FI,savings,2026-10-04,329.54,EUR,success,Netflix
T00009601,A000315,C000487,FI,savings,2026-10-04,93.82,USD,success,Airbnb
T00004200,A000314,C000099,LV,credit,2026-10-04,122.06,GBP,success,Steam
T00004781,A000314,C000099,LV,credit,2026-10-04,110.88,USD,success,Tesco
T00002891,A000313,C000285,LV,checking,2026-10-04,463.80,USD,success,Amazon
T00000080,A000312,C000272,EE,savings,2026-10-04,215.34,GBP,success,Steam
T00006126,A000426,C000217,LV,checking,2026-10-04,134.71,USD,success,Bolt
T00002211,A000428,C000475,FI,savings,2026-10-04,311.65,EUR,success,Bolt
T00004934,A000429,C000055,SE,checking,2026-10-04,454.25,GBP,success,Tesco
T00001602,A000380,C000362,FI,savings,2026-10-04,118.36,GBP,success,Netflix
T00006677,A000431,C000230,FI,savings,2026-10-04,245.95,USD,success,Spotify
T00000882,A000432,C000487,FI,credit,2026-10-04,263.56,EUR,success,Rimi
T00005535,A000434,C000015,LT,credit,2026-10-04,246.85,EUR,success,Tesco
T00006963,A000435,C000171,FI,credit,2026-10-04,341.33,USD,success,Wolt
T00007501,A000302,C000393,LT,credit,2026-10-04,259.81,GBP,success,Rimi
T00002364,A000301,C000312,LT,savings,2026-10-04,45.59,GBP,failed,Amazon
T00008408,A000442,C000134,FI,checking,2026-10-04,405.25,USD,success,Netflix
T00006581,A000443,C000495,LV,checking,2026-10-04,136.64,EUR,success,Wolt
T00001781,A000443,C000495,LV,checking,2026-10-04,314.26,GBP,success,Bolt
T00008866,A000353,C000067,SE,credit,2026-10-04,493.12,GBP,success,Netflix
T00004598,A000371,C000327,FI,credit,2026-10-04,416.84,USD,success,Amazon
T00009019,A000381,C000074,LT,credit,2026-10-04,382.21,GBP,success,Airbnb
T00000481,A000352,C000252,FI,credit,2026-10-04,477.33,GBP,success,Wolt
T00000840,A000008,C000186,LT,checking,2026-10-04,15.96,EUR,success,Tesco
T00006533,A000291,C000373,SE,credit,2026-10-04,420.54,USD,success,Bolt
T00002000,A000370,C000268,LT,checking,2026-10-04,340.47,GBP,success,Rimi
T00002428,A000288,C000038,SE,credit,2026-10-04,86.74,EUR,success,Spotify
T00003796,A000288,C000038,SE,credit,2026-10-04,121.30,EUR,success,Spotify
T00005815,A000452,C000051,FI,checking,2026-10-04,428.10,EUR,success,Spotify
T00002976,A000287,C000173,LV,checking,2026-10-04,490.21,GBP,success,Spotify
T00002278,A000452,C000051,FI,checking,2026-10-04,492.21,USD,success,Wolt
T00001086,A000453,C000330,LV,savings,2026-10-04,31.22,EUR,success,Airbnb
T00009599,A000286,C000310,SE,checking,2026-10-04,378.92,USD,success,Spotify
T00007097,A000284,C000109,SE,checking,2026-10-04,285.27,EUR,success,Bolt
T00002386,A000455,C000060,EE,checking,2026-10-04,397.32,EUR,success,Steam
T00006475,A000457,C000442,LV,checking,2026-10-04,243.84,GBP,failed,Airbnb
T00006528,A000459,C000297,LV,savings,2026-10-04,106.26,EUR,success,Wolt
T00005960,A000365,C000392,SE,checking,2026-10-04,96.84,EUR,success,Netflix
T00006752,A000465,C000174,LV,checking,2026-10-04,340.08,GBP,success,Tesco
T00001125,A000368,C000259,SE,savings,2026-10-04,491.15,EUR,success,Bolt
T00001114,A000465,C000174,LV,checking,2026-10-04,477.16,EUR,success,Rimi
T00006417,A000366,C000326,FI,checking,2026-10-04,452.54,EUR,success,Rimi
T00002185,A000272,C000294,EE,credit,2026-10-04,255.59,EUR,success,IKEA
T00009130,A000467,C000172,LV,checking,2026-10-04,298.53,GBP,success,Airbnb
T00008118,A000467,C000172,LV,checking,2026-10-04,170.15,GBP,success,Airbnb
T00003706,A000366,C000326,FI,checking,2026-10-04,475.37,GBP,success,Amazon
T00009671,A000468,C000483,SE,savings,2026-10-04,167.29,EUR,success,Bolt
T00002610,A000468,C000483,SE,savings,2026-10-04,19.83,GBP,success,Rimi
T00009417,A000271,C000436,LT,savings,2026-10-04,142.07,EUR,success,Tesco
T00001164,A000468,C000483,SE,savings,2026-10-04,160.42,USD,success,Airbnb
T00008867,A000270,C000473,LT,checking,2026-10-04,463.26,USD,success,Spotify
T00000525,A000269,C000136,LT,credit,2026-10-04,454.14,USD,success,Bolt
T00002652,A000268,C000213,SE,checking,2026-10-04,285.68,EUR,success,Tesco
T00003229,A000471,C000403,EE,savings,2026-10-04,255.23,GBP,success,IKEA
T00003244,A000264,C000498,FI,checking,2026-10-04,128.16,GBP,pending,Spotify
T00008108,A000263,C000149,EE,checking,2026-10-04,61.27,GBP,success,Steam
T00005739,A000262,C000116,LV,checking,2026-10-04,489.52,GBP,success,Rimi
T00001572,A000476,C000031,LV,checking,2026-10-04,307.10,GBP,success,Wolt
T00002955,A000477,C000182,SE,checking,2026-10-04,344.78,EUR,success,Tesco
T00009570,A000012,C000455,LV,savings,2026-10-04,181.17,GBP,success,Steam
T00008869,A000478,C000362,FI,checking,2026-10-04,153.03,USD,success,Airbnb
T00008892,A000479,C000350,SE,checking,2026-10-04,45.21,GBP,success,Amazon
T00005443,A000259,C000350,SE,savings,2026-10-04,88.89,GBP,success,Amazon
T00008808,A000257,C000243,LT,checking,2026-10-04,128.36,GBP,success,Netflix
T00006085,A000007,C000101,EE,savings,2026-10-04,269.04,GBP,failed,Netflix
T00003666,A000732,C000382,LT,credit,2026-10-04,249.37,GBP,success,Amazon
T00007541,A000013,C000282,FI,savings,2026-10-04,456.38,GBP,failed,IKEA
T00004623,A000732,C000382,LT,credit,2026-10-04,448.20,GBP,success,Airbnb
T00006129,A000487,C000454,EE,savings,2026-10-04,422.84,EUR,success,Airbnb
T00006557,A000250,C000373,SE,checking,2026-10-04,221.31,USD,success,Airbnb
T00000259,A000249,C000371,EE,checking,2026-10-04,405.03,USD,success,Bolt
T00000774,A000491,C000422,EE,credit,2026-10-04,269.70,EUR,success,IKEA
T00005890,A000249,C000371,EE,checking,2026-10-04,370.16,USD,success,Netflix
T00002718,A000494,C000248,FI,savings,2026-10-04,63.93,EUR,success,Tesco
T00000867,A000383,C000344,EE,credit,2026-10-04,285.85,USD,success,Netflix
T00008267,A000495,C000483,SE,checking,2026-10-04,87.41,EUR,success,Bolt
T00000516,A000495,C000483,SE,checking,2026-10-04,166.57,EUR,failed,Wolt
T00000397,A000243,C000101,EE,credit,2026-10-04,207.78,GBP,success,Netflix
T00006291,A000731,C000068,FI,checking,2026-10-04,173.73,USD,success,Amazon
T00008470,A000498,C000363,LT,credit,2026-10-04,88.00,USD,success,IKEA
T00008713,A000240,C000059,LT,savings,2026-10-04,204.83,EUR,success,Wolt
T00007701,A000237,C000435,FI,savings,2026-10-04,211.46,USD,success,Bolt
T00008683,A000502,C000147,LV,checking,2026-10-04,78.62,USD,success,Airbnb
T00000592,A000236,C000132,EE,credit,2026-10-04,405.82,GBP,success,IKEA
T00008647,A000503,C000120,SE,savings,2026-10-04,144.99,USD,success,Bolt
T00000331,A000232,C000127,LT,credit,2026-10-04,152.27,EUR,success,Tesco
T00003862,A000739,C000420,FI,credit,2026-10-04,346.12,EUR,failed,Netflix
T00001240,A000229,C000208,FI,savings,2026-10-04,122.00,GBP,success,Netflix
T00002797,A000228,C000061,EE,savings,2026-10-04,42.78,USD,failed,Tesco
T00004039,A000227,C000260,SE,credit,2026-10-04,112.56,GBP,pending,Airbnb
T00007736,A000512,C000400,SE,credit,2026-10-04,462.42,USD,success,Airbnb
T00003759,A000226,C000328,FI,checking,2026-10-04,125.38,EUR,success,Steam
T00008920,A000513,C000255,FI,credit,2026-10-04,373.17,EUR,failed,Steam
T00008111,A000513,C000255,FI,credit,2026-10-04,448.29,USD,success,Tesco
T00002188,A000513,C000255,FI,credit,2026-10-04,274.18,GBP,success,Spotify
T00000401,A000515,C000056,LT,credit,2026-10-04,399.67,GBP,success,Steam
T00008652,A000516,C000047,LT,savings,2026-10-04,445.35,EUR,success,Netflix
T00004978,A000221,C000452,SE,savings,2026-10-04,117.84,USD,success,Netflix
T00002983,A000729,C000051,FI,checking,2026-10-04,369.01,USD,success,Spotify
T00001009,A000518,C000399,SE,savings,2026-10-04,50.07,GBP,success,Airbnb
T00006019,A000220,C000240,LV,credit,2026-10-04,249.41,USD,success,Rimi
T00009004,A000526,C000175,SE,credit,2026-10-04,48.99,USD,success,Rimi
T00009524,A000350,C000344,EE,savings,2026-10-04,349.25,EUR,success,Netflix
T00002443,A000214,C000361,EE,savings,2026-10-04,238.22,USD,success,Netflix
T00002898,A000530,C000051,FI,savings,2026-10-04,59.64,EUR,success,Bolt
T00004120,A000211,C000349,LT,checking,2026-10-04,464.94,USD,success,Tesco
T00005688,A000728,C000034,EE,checking,2026-10-04,42.98,EUR,success,IKEA
T00003642,A000210,C000144,FI,savings,2026-10-04,240.70,GBP,success,Amazon
T00006901,A000531,C000441,EE,credit,2026-10-04,128.45,EUR,success,IKEA
T00004526,A000531,C000441,EE,credit,2026-10-04,280.09,GBP,success,Bolt
T00009090,A000210,C000144,FI,savings,2026-10-04,291.90,EUR,success,Bolt
T00009429,A000728,C000034,EE,checking,2026-10-04,424.23,USD,success,Tesco
T00002865,A000209,C000090,LV,savings,2026-10-04,385.86,EUR,success,Steam
T00004813,A000532,C000168,EE,checking,2026-10-04,434.44,GBP,success,Netflix
T00000661,A000533,C000320,SE,credit,2026-10-04,465.28,USD,success,Steam
T00001851,A000534,C000396,SE,checking,2026-10-04,250.64,USD,success,Steam
T00000820,A000534,C000396,SE,checking,2026-10-04,497.01,EUR,success,Tesco
T00007762,A000205,C000172,LV,savings,2026-10-04,313.81,GBP,success,Airbnb
T00007067,A000006,C000455,LV,checking,2026-10-04,177.55,USD,failed,Amazon
T00002928,A000538,C000280,LT,credit,2026-10-04,242.45,GBP,success,Airbnb
T00004419,A000202,C000412,EE,savings,2026-10-04,470.22,EUR,success,Tesco
T00006406,A000540,C000482,LT,savings,2026-10-04,375.56,USD,success,Bolt
T00000199,A000019,C000064,FI,credit,2026-10-04,450.73,GBP,success,Wolt
T00005396,A000542,C000087,FI,credit,2026-10-04,194.83,USD,success,Airbnb
T00001839,A000542,C000087,FI,credit,2026-10-04,306.16,USD,success,Amazon
T00009750,A000545,C000269,SE,savings,2026-10-04,277.55,EUR,failed,Bolt
T00009856,A000546,C000156,LV,credit,2026-10-04,120.85,EUR,success,IKEA
T00009277,A000546,C000156,LV,credit,2026-10-04,363.60,USD,success,Bolt
T00007883,A000194,C000334,LT,savings,2026-10-04,215.66,EUR,pending,IKEA
T00004777,A000740,C000194,LV,checking,2026-10-04,444.10,GBP,failed,Tesco
T00006249,A000548,C000411,FI,credit,2026-10-04,325.58,EUR,success,Spotify
T00001709,A000264,C000498,FI,checking,2026-10-03,23.04,EUR,success,Amazon
T00006786,A000379,C000349,LT,credit,2026-10-03,379.19,EUR,success,Amazon
T00006382,A000376,C000281,EE,credit,2026-10-03,121.83,USD,success,Bolt
T00007914,A000376,C000281,EE,credit,2026-10-03,287.99,EUR,pending,Bolt
T00005334,A000375,C000199,SE,credit,2026-10-03,204.50,USD,success,Rimi
T00008280,A000362,C000043,LT,credit,2026-10-03,355.36,GBP,success,Airbnb
T00008698,A000363,C000086,SE,savings,2026-10-03,12.48,EUR,success,IKEA
T00005660,A000371,C000327,FI,credit,2026-10-03,384.10,GBP,success,Amazon
T00008209,A000371,C000327,FI,credit,2026-10-03,189.96,USD,success,Wolt
T00002852,A000370,C000268,LT,checking,2026-10-03,244.73,USD,success,Bolt
T00001932,A000365,C000392,SE,checking,2026-10-03,72.15,GBP,success,Wolt
T00005980,A000012,C000455,LV,savings,2026-10-03,171.54,USD,success,Bolt
T00003069,A000733,C000238,FI,checking,2026-10-03,129.96,EUR,success,Amazon
T00003956,A000731,C000068,FI,checking,2026-10-03,145.01,GBP,success,Tesco
T00005597,A000015,C000110,FI,savings,2026-10-03,286.22,USD,success,Airbnb
T00000053,A000017,C000304,SE,savings,2026-10-03,376.92,USD,success,Bolt
T00002355,A000000,C000276,LT,credit,2026-10-03,449.42,EUR,success,Airbnb
T00000042,A000723,C000438,LT,credit,2026-10-03,9.57,GBP,success,Tesco
T00008795,A000023,C000204,SE,credit,2026-10-03,198.05,USD,success,Spotify
T00004156,A000722,C000046,LV,credit,2026-10-03,76.66,GBP,success,IKEA
T00005248,A000721,C000105,FI,credit,2026-10-03,226.56,GBP,success,Tesco
T00007449,A000026,C000003,LT,checking,2026-10-03,247.64,EUR,success,Netflix
T00005732,A000719,C000481,EE,savings,2026-10-03,150.13,EUR,success,Wolt
T00002776,A000026,C000003,LT,checking,2026-10-03,416.00,GBP,success,Rimi
T00006353,A000714,C000017,FI,checking,2026-10-03,219.19,GBP,success,Rimi
T00007800,A000032,C000293,SE,savings,2026-10-03,431.32,GBP,success,Bolt
T00008711,A000710,C000207,LT,checking,2026-10-03,75.99,USD,success,Rimi
T00000117,A000709,C000493,FI,savings,2026-10-03,215.31,USD,success,Spotify
T00003717,A000709,C000493,FI,savings,2026-10-03,152.27,USD,success,IKEA
T00005116,A000036,C000448,SE,checking,2026-10-03,163.89,USD,success,Amazon
T00005737,A000037,C000059,LT,checking,2026-10-03,324.45,USD,success,Wolt
T00000263,A000037,C000059,LT,checking,2026-10-03,106.30,GBP,success,Wolt
T00009121,A000042,C000411,FI,savings,2026-10-03,158.99,USD,success,Wolt
T00000462,A000700,C000205,SE,checking,2026-10-03,243.05,GBP,pending,Bolt
T00003014,A000700,C000205,SE,checking,2026-10-03,205.57,GBP,success,Netflix
T00002481,A000697,C000381,LT,checking,2026-10-03,236.54,GBP,success,Airbnb
T00004125,A000046,C000002,LT,checking,2026-10-03,245.41,USD,success,Tesco
T00004425,A000694,C000354,EE,checking,2026-10-03,341.74,GBP,success,Bolt
T00006213,A000050,C000449,FI,checking,2026-10-03,170.89,GBP,success,IKEA
T00005224,A000051,C000366,LV,savings,2026-10-03,376.73,USD,success,Bolt
T00004933,A000691,C000237,EE,checking,2026-10-03,74.45,GBP,success,IKEA
T00000384,A000051,C000366,LV,savings,2026-10-03,491.44,EUR,success,IKEA
T00005097,A000052,C000459,LT,checking,2026-10-03,60.10,EUR,success,Rimi
T00006556,A000053,C000422,EE,savings,2026-10-03,470.97,GBP,success,Wolt
T00004838,A000053,C000422,EE,savings,2026-10-03,238.47,USD,success,IKEA
T00006592,A000054,C000171,FI,checking,2026-10-03,452.95,EUR,success,Airbnb
T00004216,A000055,C000025,FI,credit,2026-10-03,435.71,USD,success,Spotify
T00003325,A000055,C000025,FI,credit,2026-10-03,87.82,EUR,success,Bolt
T00004592,A000684,C000150,FI,checking,2026-10-03,48.70,EUR,success,Steam
T00009816,A000746,C000272,EE,savings,2026-10-03,125.05,USD,success,Wolt
T00002559,A000058,C000251,LV,checking,2026-10-03,50.06,GBP,success,Airbnb
T00001311,A000058,C000251,LV,checking,2026-10-03,198.21,EUR,failed,Netflix
T00006310,A000680,C000010,LT,credit,2026-10-03,255.29,EUR,success,Steam
T00004469,A000677,C000174,LV,checking,2026-10-03,454.62,USD,success,Netflix
T00002690,A000064,C000160,LT,credit,2026-10-03,398.86,EUR,success,Steam
T00000961,A000675,C000482,LT,credit,2026-10-03,294.32,USD,success,Rimi
T00006526,A000675,C000482,LT,credit,2026-10-03,266.66,EUR,success,Airbnb
T00004522,A000065,C000137,LV,credit,2026-10-03,497.05,EUR,success,IKEA
T00005041,A000674,C000256,FI,savings,2026-10-03,131.82,USD,failed,Netflix
T00009488,A000672,C000029,SE,credit,2026-10-03,212.57,USD,success,Airbnb
T00003660,A000068,C000281,EE,credit,2026-10-03,262.97,GBP,success,Amazon
T00001682,A000671,C000253,EE,credit,2026-10-03,283.80,GBP,success,Steam
T00008740,A000670,C000429,SE,savings,2026-10-03,13.14,USD,pending,Amazon
T00000023,A000668,C000344,EE,checking,2026-10-03,202.55,GBP,success,Wolt
T00005955,A000667,C000198,FI,credit,2026-10-03,6.00,USD,success,Wolt
T00006077,A000667,C000198,FI,credit,2026-10-03,44.04,EUR,success,Netflix
T00000309,A000071,C000374,SE,checking,2026-10-03,96.57,USD,success,Amazon
T00007863,A000667,C000198,FI,credit,2026-10-03,272.21,GBP,success,Rimi
T00005373,A000666,C000386,SE,checking,2026-10-03,148.54,EUR,success,Spotify
T00001799,A000074,C000212,LV,savings,2026-10-03,22.79,USD,success,Spotify
T00002548,A000075,C000184,EE,savings,2026-10-03,159.68,EUR,success,Spotify
T00000979,A000075,C000184,EE,savings,2026-10-03,389.11,EUR,success,Wolt
T00009081,A000076,C000217,LV,credit,2026-10-03,124.84,USD,failed,Wolt
T00007662,A000663,C000161,EE,savings,2026-10-03,87.50,USD,success,Wolt
T00009052,A000082,C000275,LV,credit,2026-10-03,58.86,USD,failed,IKEA
T00009957,A000658,C000090,LV,credit,2026-10-03,69.63,GBP,success,Steam
T00006178,A000656,C000491,EE,savings,2026-10-03,130.79,GBP,success,Amazon
T00004441,A000085,C000276,LT,credit,2026-10-03,192.45,USD,success,Spotify
T00008204,A000654,C000133,EE,savings,2026-10-03,51.76,USD,success,Bolt
T00004133,A000087,C000270,FI,credit,2026-10-03,475.41,GBP,success,Tesco
T00001048,A000653,C000000,FI,checking,2026-10-03,320.07,USD,pending,Rimi
T00005281,A000090,C000034,EE,checking,2026-10-03,387.77,EUR,success,Spotify
T00004272,A000650,C000428,EE,credit,2026-10-03,399.50,EUR,success,Steam
T00006375,A000092,C000134,FI,checking,2026-10-03,265.67,EUR,success,Airbnb
T00000918,A000648,C000165,LT,savings,2026-10-03,242.79,GBP,success,Wolt
T00003288,A000093,C000126,FI,credit,2026-10-03,28.84,GBP,success,Wolt
T00006981,A000094,C000467,SE,credit,2026-10-03,143.28,EUR,success,Airbnb
T00001580,A000646,C000142,FI,checking,2026-10-03,460.00,GBP,failed,Wolt
T00007611,A000646,C000142,FI,checking,2026-10-03,475.70,GBP,success,Airbnb
T00001339,A000642,C000109,SE,credit,2026-10-03,19.48,GBP,success,Spotify
T00000591,A000099,C000455,LV,checking,2026-10-03,92.34,GBP,success,Airbnb
T00003989,A000640,C000126,FI,checking,2026-10-03,403.63,USD,success,Rimi
T00006603,A000637,C000457,FI,checking,2026-10-03,258.64,USD,success,Steam
T00007022,A000104,C000047,LT,savings,2026-10-03,485.63,EUR,pending,Tesco
T00001443,A000104,C000047,LT,savings,2026-10-03,55.89,USD,success,Airbnb
T00000617,A000635,C000490,SE,credit,2026-10-03,275.26,EUR,success,Bolt
T00006005,A000635,C000490,SE,credit,2026-10-03,239.51,GBP,success,Tesco
T00009700,A000634,C000114,EE,credit,2026-10-03,109.37,EUR,success,Airbnb
T00000916,A000633,C000132,EE,credit,2026-10-03,190.45,GBP,success,Spotify
T00009291,A000109,C000371,EE,savings,2026-10-03,172.16,EUR,success,Tesco
T00007136,A000111,C000404,LT,credit,2026-10-03,466.02,USD,success,IKEA
T00006437,A000111,C000404,LT,credit,2026-10-03,490.24,GBP,success,Netflix
T00002109,A000627,C000022,LV,credit,2026-10-03,93.55,EUR,failed,Bolt
T00004670,A000626,C000353,SE,credit,2026-10-03,186.57,GBP,success,Steam
T00002850,A000115,C000015,LT,checking,2026-10-03,221.70,GBP,success,Bolt
T00000301,A000625,C000311,EE,savings,2026-10-03,248.06,EUR,success,Bolt
T00000636,A000625,C000311,EE,savings,2026-10-03,161.55,GBP,success,IKEA
T00000041,A000003,C000098,FI,savings,2026-10-03,71.52,GBP,success,IKEA
T00002612,A000117,C000141,SE,savings,2026-10-03,237.59,USD,success,IKEA
T00003320,A000621,C000078,FI,credit,2026-10-03,102.34,GBP,success,Steam
T00006161,A000621,C000078,FI,credit,2026-10-03,360.41,USD,pending,Amazon
T00006927,A000004,C000410,LT,credit,2026-10-03,286.02,USD,success,Tesco
T00003638,A000120,C000295,EE,savings,2026-10-03,126.84,EUR,success,Bolt
T00004738,A000122,C000235,LT,credit,2026-10-03,318.93,EUR,success,IKEA
T00004246,A000122,C000235,LT,credit,2026-10-03,116.08,USD,success,Bolt
T00000595,A000124,C000425,LT,credit,2026-10-03,323.70,USD,success,Rimi
T00003746,A000126,C000437,SE,credit,2026-10-03,415.08,EUR,success,Amazon
T00007418,A000127,C000232,SE,savings,2026-10-03,119.39,GBP,success,Rimi
T00004271,A000127,C000232,SE,savings,2026-10-03,31.84,GBP,success,Spotify
T00000547,A000127,C000232,SE,savings,2026-10-03,155.38,USD,success,Spotify
T00008988,A000128,C000046,LV,credit,2026-10-03,108.21,EUR,success,Steam
T00000701,A000614,C000083,LV,savings,2026-10-03,92.74,EUR,success,Rimi
T00003908,A000613,C000401,SE,checking,2026-10-03,95.45,EUR,success,Rimi
T00009928,A000742,C000248,FI,credit,2026-10-03,365.46,EUR,success,Amazon
T00006706,A000135,C000461,LT,credit,2026-10-03,282.14,EUR,success,Spotify
T00001093,A000607,C000192,SE,checking,2026-10-03,143.64,GBP,success,Bolt
T00005782,A000141,C000170,LV,savings,2026-10-03,18.07,GBP,success,Spotify
T00002680,A000603,C000437,SE,savings,2026-10-03,8.99,USD,success,Airbnb
T00005878,A000603,C000437,SE,savings,2026-10-03,384.00,EUR,success,Wolt
T00005314,A000004,C000410,LT,credit,2026-10-03,80.87,USD,failed,Wolt
T00001699,A000599,C000021,FI,credit,2026-10-03,101.32,GBP,success,Bolt
T00006745,A000598,C000101,EE,credit,2026-10-03,113.48,GBP,success,Wolt
T00004142,A000151,C000165,LT,credit,2026-10-03,10.50,EUR,success,Amazon
T00004198,A000153,C000357,FI,savings,2026-10-03,255.04,USD,success,IKEA
T00008355,A000589,C000261,EE,checking,2026-10-03,113.22,EUR,success,Wolt
T00005161,A000155,C000467,SE,savings,2026-10-03,466.38,EUR,failed,Tesco
T00001617,A000156,C000351,EE,credit,2026-10-03,135.97,EUR,success,Steam
T00004580,A000585,C000363,LT,checking,2026-10-03,91.35,USD,success,Steam
T00007282,A000585,C000363,LT,checking,2026-10-03,366.73,EUR,success,Amazon
T00008858,A000160,C000003,LT,credit,2026-10-03,421.08,GBP,success,Steam
T00008763,A000162,C000176,LV,checking,2026-10-03,339.87,USD,success,Netflix
T00004233,A000162,C000176,LV,checking,2026-10-03,232.27,GBP,success,Rimi
T00000394,A000162,C000176,LV,checking,2026-10-03,464.35,USD,success,Spotify
T00008033,A000573,C000469,LV,savings,2026-10-03,417.67,USD,failed,Steam
T00000206,A000166,C000246,EE,credit,2026-10-03,172.91,EUR,success,Bolt
T00003835,A000167,C000094,SE,checking,2026-10-03,438.64,GBP,success,IKEA
T00004830,A000168,C000101,EE,checking,2026-10-03,418.84,USD,pending,Bolt
T00003091,A000571,C000127,LT,savings,2026-10-03,8.25,GBP,success,Spotify
T00007976,A000570,C000066,LV,checking,2026-10-03,366.48,EUR,success,IKEA
T00000280,A000568,C000300,LT,checking,2026-10-03,371.72,USD,success,Spotify
T00009980,A000174,C000355,FI,savings,2026-10-03,444.20,USD,success,Spotify
T00000049,A000175,C000224,SE,checking,2026-10-03,163.90,GBP,success,Tesco
T00004899,A000565,C000045,FI,credit,2026-10-03,416.54,USD,success,Airbnb
T00009677,A000180,C000163,LV,credit,2026-10-03,474.71,GBP,success,Netflix
T00001935,A000181,C000329,FI,checking,2026-10-03,374.37,EUR,success,Airbnb
T00007332,A000184,C000266,LV,savings,2026-10-03,495.94,EUR,success,Tesco
T00009901,A000555,C000379,FI,credit,2026-10-03,235.01,GBP,success,Tesco
T00009799,A000186,C000047,LT,savings,2026-10-03,335.76,USD,success,Airbnb
T00004465,A000186,C000047,LT,savings,2026-10-03,425.32,USD,success,Wolt
T00002202,A000552,C000492,FI,checking,2026-10-03,369.36,USD,success,Spotify
T00007774,A000552,C000492,FI,checking,2026-10-03,299.15,GBP,success,IKEA
T00004519,A000550,C000343,FI,credit,2026-10-03,491.28,USD,success,Amazon
T00001619,A000189,C000348,SE,checking,2026-10-03,303.58,USD,failed,Wolt
T00006870,A000190,C000436,LT,savings,2026-10-03,326.39,EUR,success,Bolt
T00002761,A000191,C000363,LT,savings,2026-10-03,350.57,USD,success,Steam
T00000121,A000193,C000210,LV,checking,2026-10-03,498.57,GBP,success,Steam
T00009941,A000195,C000096,FI,checking,2026-10-03,358.70,GBP,success,Rimi
T00003827,A000196,C000326,FI,credit,2026-10-03,254.10,USD,success,Bolt
T00004750,A000199,C000256,FI,savings,2026-10-03,309.12,GBP,success,Wolt
T00005189,A000201,C000340,LV,credit,2026-10-03,267.45,GBP,success,Rimi
T00001631,A000201,C000340,LV,credit,2026-10-03,306.09,USD,success,Bolt
T00009933,A000203,C000123,FI,savings,2026-10-03,238.82,USD,success,Airbnb
T00008692,A000539,C000043,LT,checking,2026-10-03,198.49,GBP,success,IKEA
T00002214,A000203,C000123,FI,savings,2026-10-03,497.82,GBP,success,Amazon
T00005208,A000537,C000130,EE,credit,2026-10-03,30.35,EUR,success,Amazon
T00005219,A000537,C000130,EE,credit,2026-10-03,287.17,USD,success,Wolt
T00000563,A000206,C000127,LT,credit,2026-10-03,497.89,GBP,success,Bolt
T00001097,A000534,C000396,SE,checking,2026-10-03,498.29,USD,success,Wolt
T00006343,A000211,C000349,LT,checking,2026-10-03,465.81,GBP,success,Wolt
T00003007,A000530,C000051,FI,savings,2026-10-03,214.61,USD,success,Rimi
T00007552,A000530,C000051,FI,savings,2026-10-03,447.98,GBP,failed,Bolt
T00009759,A000528,C000164,LT,credit,2026-10-03,352.37,GBP,success,Amazon
T00000491,A000216,C000226,SE,credit,2026-10-03,256.06,EUR,success,Tesco
T00004790,A000217,C000013,LV,savings,2026-10-03,183.47,GBP,success,Wolt
T00001659,A000522,C000009,FI,checking,2026-10-03,242.31,EUR,success,IKEA
T00005762,A000522,C000009,FI,checking,2026-10-03,98.83,GBP,success,Steam
T00006879,A000522,C000009,FI,checking,2026-10-03,463.12,GBP,success,Spotify
T00006766,A000521,C000480,EE,credit,2026-10-03,187.25,USD,success,Rimi
T00001585,A000518,C000399,SE,savings,2026-10-03,28.22,EUR,success,IKEA
T00001460,A000222,C000118,LT,savings,2026-10-03,419.84,EUR,success,Netflix
T00008857,A000223,C000070,LV,savings,2026-10-03,314.36,USD,success,Steam
T00003095,A000514,C000251,LV,credit,2026-10-03,145.00,GBP,success,Rimi
T00008074,A000226,C000328,FI,checking,2026-10-03,440.24,GBP,success,Netflix
T00005126,A000226,C000328,FI,checking,2026-10-03,130.08,EUR,failed,Bolt
T00001040,A000512,C000400,SE,credit,2026-10-03,462.46,EUR,success,Bolt
T00007737,A000512,C000400,SE,credit,2026-10-03,201.83,GBP,failed,IKEA
T00004662,A000227,C000260,SE,credit,2026-10-03,483.87,USD,success,Airbnb
T00005181,A000506,C000437,SE,checking,2026-10-03,173.14,GBP,success,Spotify
T00001000,A000748,C000148,LV,credit,2026-10-03,318.75,EUR,success,Bolt
T00007867,A000233,C000072,FI,credit,2026-10-03,202.49,USD,failed,Rimi
T00003629,A000234,C000141,SE,checking,2026-10-03,260.90,EUR,success,Rimi
T00005307,A000237,C000435,FI,savings,2026-10-03,482.31,USD,success,Spotify
T00006563,A000500,C000166,EE,savings,2026-10-03,111.56,EUR,success,Bolt
T00002990,A000499,C000337,EE,savings,2026-10-03,190.22,EUR,success,Netflix
T00004960,A000498,C000363,LT,credit,2026-10-03,488.18,GBP,success,Spotify
T00005001,A000240,C000059,LT,savings,2026-10-03,133.21,EUR,success,Bolt
T00009734,A000007,C000101,EE,savings,2026-10-03,27.88,USD,success,Tesco
T00008465,A000496,C000190,LT,credit,2026-10-03,455.80,GBP,success,Netflix
T00007383,A000494,C000248,FI,savings,2026-10-03,307.15,GBP,success,Amazon
T00006875,A000247,C000272,EE,checking,2026-10-03,121.56,USD,success,Steam
T00008013,A000248,C000451,EE,savings,2026-10-03,429.12,USD,success,Steam
T00001386,A000491,C000422,EE,credit,2026-10-03,95.80,USD,success,Bolt
T00003528,A000490,C000384,LT,savings,2026-10-03,478.25,GBP,success,Wolt
T00001422,A000489,C000343,FI,checking,2026-10-03,284.57,GBP,failed,Tesco
T00000221,A000487,C000454,EE,savings,2026-10-03,173.00,USD,success,Amazon
T00000475,A000487,C000454,EE,savings,2026-10-03,140.29,USD,success,Rimi
T00008758,A000487,C000454,EE,savings,2026-10-03,167.75,USD,success,Amazon
T00006553,A000486,C000307,FI,credit,2026-10-03,326.02,EUR,success,Amazon
T00006939,A000486,C000307,FI,credit,2026-10-03,281.33,USD,success,Amazon
T00006232,A000485,C000457,FI,credit,2026-10-03,306.28,GBP,failed,Spotify
T00009465,A000484,C000428,EE,savings,2026-10-03,138.35,GBP,success,Tesco
T00001805,A000257,C000243,LT,checking,2026-10-03,303.68,EUR,success,IKEA
T00004405,A000258,C000207,LT,credit,2026-10-03,259.97,USD,success,Bolt
T00006467,A000259,C000350,SE,savings,2026-10-03,204.51,GBP,success,Netflix
T00007064,A000261,C000279,LT,credit,2026-10-03,226.66,EUR,success,Spotify
T00001912,A000474,C000282,FI,credit,2026-10-03,425.77,USD,success,Steam
T00000476,A000266,C000426,LT,checking,2026-10-03,486.00,GBP,success,Wolt
T00009512,A000471,C000403,EE,savings,2026-10-03,260.28,USD,success,Spotify
T00008123,A000470,C000226,SE,checking,2026-10-03,155.57,EUR,success,Amazon
T00009204,A000270,C000473,LT,checking,2026-10-03,373.58,USD,success,Tesco
T00002836,A000468,C000483,SE,savings,2026-10-03,119.98,USD,success,Tesco
T00002387,A000466,C000496,SE,credit,2026-10-03,383.44,USD,success,IKEA
T00003574,A000275,C000005,FI,savings,2026-10-03,198.62,GBP,success,Wolt
T00006191,A000461,C000430,LV,savings,2026-10-03,314.97,EUR,success,IKEA
T00006235,A000461,C000430,LV,savings,2026-10-03,280.18,USD,success,Rimi
T00006369,A000279,C000246,EE,credit,2026-10-03,352.31,USD,success,Netflix
T00009681,A000280,C000069,LT,checking,2026-10-03,21.91,USD,success,Airbnb
T00007437,A000280,C000069,LT,checking,2026-10-03,391.50,USD,success,IKEA
T00002313,A000459,C000297,LV,savings,2026-10-03,97.54,EUR,success,Amazon
T00007205,A000456,C000146,SE,credit,2026-10-03,334.34,USD,success,Netflix
T00003825,A000284,C000109,SE,checking,2026-10-03,175.43,GBP,success,Spotify
T00005594,A000453,C000330,LV,savings,2026-10-03,435.77,EUR,success,Spotify
T00008072,A000453,C000330,LV,savings,2026-10-03,492.76,GBP,failed,Tesco
T00005633,A000451,C000268,LT,savings,2026-10-03,486.43,GBP,success,Bolt
T00000099,A000288,C000038,SE,credit,2026-10-03,166.38,EUR,success,Tesco
T00003643,A000449,C000052,FI,checking,2026-10-03,368.65,GBP,success,Tesco
T00000827,A000448,C000129,SE,savings,2026-10-03,459.80,GBP,success,Airbnb
T00003858,A000447,C000419,LV,credit,2026-10-03,363.89,EUR,success,Tesco
T00000197,A000444,C000427,SE,checking,2026-10-03,230.76,EUR,success,Rimi
T00007108,A000443,C000495,LV,checking,2026-10-03,165.48,EUR,failed,Netflix
T00000083,A000298,C000073,LV,savings,2026-10-03,317.18,GBP,failed,IKEA
T00003291,A000442,C000134,FI,checking,2026-10-03,175.22,EUR,success,IKEA
T00004949,A000299,C000063,EE,savings,2026-10-03,158.05,GBP,success,Tesco
T00004928,A000299,C000063,EE,savings,2026-10-03,59.90,GBP,success,Netflix
T00005390,A000439,C000418,LV,credit,2026-10-03,301.15,GBP,success,Airbnb
T00002284,A000438,C000298,LT,credit,2026-10-03,131.53,GBP,success,Rimi
T00003757,A000302,C000393,LT,credit,2026-10-03,15.12,GBP,success,Amazon
T00005488,A000437,C000083,LV,checking,2026-10-03,170.80,USD,success,Bolt
T00007030,A000303,C000132,EE,credit,2026-10-03,145.73,USD,success,Netflix
T00006600,A000303,C000132,EE,credit,2026-10-03,308.51,EUR,success,Amazon
T00000984,A000436,C000456,LT,checking,2026-10-03,106.02,USD,success,Tesco
T00007810,A000436,C000456,LT,checking,2026-10-03,470.48,USD,success,Tesco
T00002008,A000435,C000171,FI,credit,2026-10-03,27.42,GBP,success,Amazon
T00009059,A000306,C000228,LT,savings,2026-10-03,24.21,EUR,success,Steam
T00003644,A000308,C000429,SE,savings,2026-10-03,345.13,GBP,success,Netflix
T00002302,A000431,C000230,FI,savings,2026-10-03,274.32,EUR,success,Bolt
T00008385,A000309,C000212,LV,credit,2026-10-03,115.07,USD,success,Netflix
T00005938,A000430,C000225,FI,checking,2026-10-03,460.77,GBP,success,Netflix
T00001020,A000309,C000212,LV,credit,2026-10-03,365.13,USD,success,Netflix
T00006977,A000311,C000368,EE,savings,2026-10-03,38.32,USD,success,Steam
T00002174,A000312,C000272,EE,savings,2026-10-03,139.82,USD,success,Steam
T00003933,A000424,C000383,SE,savings,2026-10-03,160.82,EUR,success,Amazon
T00002952,A000422,C000495,LV,checking,2026-10-03,73.77,EUR,failed,Steam
T00009535,A000422,C000495,LV,checking,2026-10-03,352.81,GBP,success,Rimi
T00002019,A000318,C000034,EE,credit,2026-10-03,378.11,USD,success,Rimi
T00007831,A000420,C000121,LV,checking,2026-10-03,441.38,EUR,success,Airbnb
T00002517,A000322,C000218,SE,savings,2026-10-03,439.30,USD,failed,Steam
T00001883,A000322,C000218,SE,savings,2026-10-03,433.20,USD,success,Wolt
T00000139,A000322,C000218,SE,savings,2026-10-03,462.59,EUR,success,Rimi
T00000597,A000416,C000309,EE,savings,2026-10-03,482.78,GBP,success,Tesco
T00001105,A000323,C000315,LT,savings,2026-10-03,271.46,USD,success,Rimi
T00009199,A000324,C000281,EE,credit,2026-10-03,331.24,GBP,success,Airbnb
T00003632,A000414,C000427,SE,credit,2026-10-03,75.29,GBP,success,Steam
T00007366,A000413,C000307,FI,savings,2026-10-03,311.92,EUR,success,Airbnb
T00003538,A000324,C000281,EE,credit,2026-10-03,123.80,EUR,success,Wolt
T00000854,A000412,C000155,EE,checking,2026-10-03,424.12,GBP,failed,Bolt
T00005365,A000326,C000219,LV,checking,2026-10-03,438.03,EUR,success,Wolt
T00001414,A000328,C000142,FI,savings,2026-10-03,234.79,GBP,success,Tesco
T00007764,A000408,C000018,LV,credit,2026-10-03,321.65,EUR,success,Netflix
T00008233,A000330,C000365,FI,savings,2026-10-03,487.91,USD,success,Amazon
T00005022,A000330,C000365,FI,savings,2026-10-03,260.77,GBP,success,Airbnb
T00005417,A000010,C000282,FI,credit,2026-10-03,496.61,USD,success,Steam
T00009774,A000402,C000441,EE,savings,2026-10-03,420.39,GBP,failed,Wolt
T00009033,A000334,C000117,EE,savings,2026-10-03,124.10,EUR,success,Netflix
T00009889,A000335,C000275,LV,savings,2026-10-03,418.91,GBP,success,Wolt
T00003748,A000400,C000152,FI,savings,2026-10-03,90.38,EUR,success,IKEA
T00008580,A000735,C000056,LT,checking,2026-10-03,135.43,USD,success,Netflix
T00004000,A000399,C000098,FI,credit,2026-10-03,254.34,GBP,failed,Tesco
T00003074,A000337,C000239,LV,credit,2026-10-03,30.57,USD,success,IKEA
T00003778,A000395,C000193,EE,credit,2026-10-03,281.92,GBP,success,Rimi
T00003180,A000393,C000457,FI,savings,2026-10-03,462.43,EUR,success,Netflix
T00004873,A000391,C000096,FI,savings,2026-10-03,335.24,EUR,success,Steam
T00004939,A000391,C000096,FI,savings,2026-10-03,434.64,USD,success,Amazon
T00009239,A000346,C000133,EE,checking,2026-10-03,311.06,USD,success,Wolt
T00006810,A000346,C000133,EE,checking,2026-10-03,240.07,USD,success,Netflix
T00002397,A000383,C000344,EE,credit,2026-10-03,310.33,EUR,success,Netflix
T00005196,A000353,C000067,SE,credit,2026-10-03,28.30,USD,failed,Spotify
T00002648,A000268,C000213,SE,checking,2026-10-02,269.02,EUR,success,Netflix
T00002240,A000386,C000071,LV,credit,2026-10-02,473.82,USD,success,Wolt
T00007466,A000206,C000127,LT,credit,2026-10-02,453.19,GBP,success,Bolt
T00002405,A000181,C000329,FI,checking,2026-10-02,247.29,EUR,success,Tesco
T00004581,A000455,C000060,EE,checking,2026-10-02,358.36,GBP,success,Tesco
T00002231,A000656,C000491,EE,savings,2026-10-02,244.29,GBP,success,Tesco
T00007597,A000455,C000060,EE,checking,2026-10-02,262.71,USD,success,Amazon
T00001692,A000180,C000163,LV,credit,2026-10-02,197.27,GBP,success,Steam
T00003152,A000656,C000491,EE,savings,2026-10-02,424.03,EUR,success,IKEA
T00001843,A000084,C000081,SE,credit,2026-10-02,170.21,EUR,success,Tesco
T00004957,A000398,C000191,FI,checking,2026-10-02,483.39,GBP,success,Netflix
T00004067,A000269,C000136,LT,credit,2026-10-02,315.00,EUR,success,Amazon
T00000943,A000526,C000175,SE,credit,2026-10-02,467.94,EUR,success,Wolt
T00000793,A000059,C000415,SE,credit,2026-10-02,411.93,GBP,success,Tesco
T00005992,A000561,C000129,SE,checking,2026-10-02,315.56,GBP,success,Wolt
T00005054,A000454,C000061,EE,credit,2026-10-02,406.62,USD,success,Netflix
T00001467,A000535,C000342,EE,checking,2026-10-02,95.45,GBP,success,Steam
T00004229,A000021,C000450,LT,credit,2026-10-02,282.70,GBP,success,Netflix
T00001297,A000085,C000276,LT,credit,2026-10-02,400.67,GBP,success,Tesco
T00002208,A000706,C000417,LV,credit,2026-10-02,496.96,EUR,success,Bolt
T00003960,A000235,C000129,SE,savings,2026-10-02,447.67,GBP,success,Spotify
T00008924,A000704,C000025,FI,savings,2026-10-02,176.53,EUR,success,Wolt
T00001235,A000411,C000064,FI,savings,2026-10-02,434.19,EUR,success,Amazon
T00005021,A000231,C000206,EE,checking,2026-10-02,238.72,EUR,failed,Rimi
T00007744,A000562,C000364,SE,checking,2026-10-02,409.77,GBP,success,Bolt
T00004759,A000286,C000310,SE,checking,2026-10-02,120.75,USD,success,IKEA
T00006175,A000016,C000172,LV,checking,2026-10-02,19.87,EUR,success,Spotify
T00000345,A000480,C000113,LV,checking,2026-10-02,359.45,EUR,success,Amazon
T00005398,A000512,C000400,SE,credit,2026-10-02,285.42,EUR,success,Wolt
T00008744,A000270,C000473,LT,checking,2026-10-02,277.67,GBP,success,Wolt
T00007498,A000177,C000115,FI,savings,2026-10-02,385.30,GBP,success,Amazon
T00000467,A000705,C000473,LT,checking,2026-10-02,36.41,EUR,success,IKEA
T00000480,A000732,C000382,LT,credit,2026-10-02,62.73,EUR,success,Amazon
T00009116,A000724,C000411,FI,savings,2026-10-02,279.31,EUR,success,Rimi
T00009573,A000565,C000045,FI,credit,2026-10-02,127.36,GBP,success,Wolt
T00009442,A000022,C000343,FI,savings,2026-10-02,57.95,USD,success,IKEA
T00009949,A000370,C000268,LT,checking,2026-10-02,217.64,EUR,success,IKEA
T00002299,A000376,C000281,EE,credit,2026-10-02,448.14,EUR,success,Spotify
T00003533,A000128,C000046,LV,credit,2026-10-02,318.42,GBP,success,Amazon
T00000235,A000287,C000173,LV,checking,2026-10-02,141.27,EUR,success,Bolt
T00009222,A000630,C000049,LV,credit,2026-10-02,358.10,USD,success,Tesco
T00000299,A000495,C000483,SE,checking,2026-10-02,467.35,GBP,failed,Spotify
T00006754,A000537,C000130,EE,credit,2026-10-02,73.40,USD,success,Wolt
T00007682,A000527,C000302,FI,savings,2026-10-02,492.48,EUR,success,IKEA
T00007624,A000452,C000051,FI,checking,2026-10-02,226.43,GBP,success,Airbnb
T00006498,A000006,C000455,LV,checking,2026-10-02,9.08,EUR,success,Wolt
T00002890,A000688,C000032,FI,credit,2026-10-02,260.87,USD,success,Amazon
T00005499,A000337,C000239,LV,credit,2026-10-02,264.20,EUR,success,Netflix
T00008242,A000204,C000276,LT,savings,2026-10-02,269.54,USD,success,Bolt
T00009445,A000335,C000275,LV,savings,2026-10-02,414.47,GBP,success,Tesco
T00009811,A000070,C000191,FI,savings,2026-10-02,492.98,USD,failed,Steam
T00009163,A000724,C000411,FI,savings,2026-10-02,33.61,GBP,success,IKEA
T00007851,A000175,C000224,SE,checking,2026-10-02,421.46,GBP,success,Tesco
T00000883,A000673,C000446,LV,savings,2026-10-02,485.86,USD,success,Spotify
T00001812,A000652,C000067,SE,checking,2026-10-02,248.58,USD,success,Amazon
T00005157,A000393,C000457,FI,savings,2026-10-02,160.09,GBP,success,Steam
T00009416,A000329,C000078,FI,credit,2026-10-02,457.06,EUR,success,Spotify
T00002803,A000652,C000067,SE,checking,2026-10-02,446.69,EUR,success,Bolt
T00007517,A000088,C000497,EE,credit,2026-10-02,284.88,EUR,success,Steam
T00006968,A000538,C000280,LT,credit,2026-10-02,333.98,GBP,success,Rimi
T00008709,A000013,C000282,FI,savings,2026-10-02,129.37,GBP,success,Tesco
T00005093,A000352,C000252,FI,credit,2026-10-02,280.96,USD,success,Rimi
T00009792,A000367,C000072,FI,credit,2026-10-02,28.50,USD,success,Spotify
T00006511,A000416,C000309,EE,savings,2026-10-02,138.83,EUR,success,Steam
T00002110,A000368,C000259,SE,savings,2026-10-02,335.73,USD,success,IKEA
T00003182,A000494,C000248,FI,savings,2026-10-02,42.06,USD,success,Tesco
T00005623,A000367,C000072,FI,credit,2026-10-02,339.25,EUR,success,Amazon
T00006989,A000061,C000348,SE,checking,2026-10-02,307.18,EUR,success,Tesco
T00008105,A000121,C000491,EE,savings,2026-10-02,482.76,EUR,failed,Steam
T00002108,A000289,C000442,LV,savings,2026-10-02,15.41,GBP,success,Rimi
T00000873,A000339,C000345,EE,credit,2026-10-02,67.96,EUR,success,Rimi
T00009258,A000067,C000474,EE,credit,2026-10-02,111.78,GBP,success,Steam
T00009751,A000038,C000401,SE,checking,2026-10-02,476.55,GBP,failed,Steam
T00006026,A000172,C000459,LT,checking,2026-10-02,64.31,EUR,success,Tesco
T00007372,A000043,C000241,LT,savings,2026-10-02,393.50,USD,success,Rimi
T00000116,A000668,C000344,EE,checking,2026-10-02,237.88,USD,success,Wolt
T00005361,A000651,C000051,FI,credit,2026-10-02,443.04,EUR,success,Spotify
T00009567,A000112,C000102,LT,credit,2026-10-02,19.33,USD,success,Amazon
T00008007,A000043,C000241,LT,savings,2026-10-02,70.26,USD,success,Steam
T00000514,A000363,C000086,SE,savings,2026-10-02,126.24,EUR,pending,Tesco
T00004616,A000090,C000034,EE,checking,2026-10-02,321.79,EUR,success,Wolt
T00008512,A000272,C000294,EE,credit,2026-10-02,283.76,EUR,success,Rimi
T00002856,A000346,C000133,EE,checking,2026-10-02,24.81,GBP,success,Rimi
T00003391,A000072,C000148,LV,credit,2026-10-02,57.46,USD,success,Rimi
T00003897,A000291,C000373,SE,credit,2026-10-02,19.12,GBP,success,Spotify
T00006116,A000202,C000412,EE,savings,2026-10-02,488.42,USD,success,Bolt
T00007532,A000091,C000293,SE,savings,2026-10-02,307.10,EUR,success,Tesco
T00007467,A000202,C000412,EE,savings,2026-10-02,377.29,EUR,success,Steam
T00001863,A000170,C000092,SE,savings,2026-10-02,347.60,EUR,success,Bolt
T00009629,A000170,C000092,SE,savings,2026-10-02,449.29,USD,success,IKEA
T00004891,A000361,C000170,LV,checking,2026-10-02,395.82,EUR,success,Steam
T00009728,A000723,C000438,LT,credit,2026-10-02,36.26,USD,success,Spotify
T00004946,A000690,C000278,FI,checking,2026-10-02,296.73,USD,success,Bolt
T00001044,A000486,C000307,FI,credit,2026-10-02,85.09,USD,success,Airbnb
T00006204,A000236,C000132,EE,credit,2026-10-02,438.35,USD,success,Tesco
T00005616,A000228,C000061,EE,savings,2026-10-02,200.58,EUR,success,Tesco
T00000186,A000673,C000446,LV,savings,2026-10-02,433.74,EUR,success,Rimi
T00000890,A000666,C000386,SE,checking,2026-10-02,244.47,EUR,success,Amazon
T00008331,A000216,C000226,SE,credit,2026-10-02,494.68,EUR,success,Tesco
T00003701,A000119,C000064,FI,savings,2026-10-02,406.45,USD,success,Steam
T00006908,A000448,C000129,SE,savings,2026-10-02,63.52,GBP,failed,Spotify
T00001591,A000685,C000492,FI,credit,2026-10-02,231.70,EUR,success,Netflix
T00005241,A000730,C000487,FI,checking,2026-10-02,35.38,USD,success,Amazon
T00001511,A000293,C000232,SE,checking,2026-10-02,340.38,EUR,success,Spotify
T00007380,A000420,C000121,LV,checking,2026-10-02,455.92,USD,success,Spotify
T00005339,A000716,C000190,LT,credit,2026-10-02,174.32,USD,success,Netflix
T00008285,A000572,C000319,LV,checking,2026-10-02,378.77,GBP,success,IKEA
T00002545,A000447,C000419,LV,credit,2026-10-02,347.73,GBP,success,Tesco
T00006443,A000572,C000319,LV,checking,2026-10-02,45.31,GBP,success,Amazon
T00004096,A000447,C000419,LV,credit,2026-10-02,439.67,GBP,success,Amazon
T00008110,A000119,C000064,FI,savings,2026-10-02,104.70,USD,success,Wolt
T00004880,A000702,C000223,EE,checking,2026-10-02,358.74,EUR,success,IKEA
T00004877,A000572,C000319,LV,checking,2026-10-02,428.41,USD,success,Amazon
T00003582,A000572,C000319,LV,checking,2026-10-02,383.35,USD,success,Bolt
T00004518,A000093,C000126,FI,credit,2026-10-02,319.31,USD,success,Amazon
T00008898,A000295,C000244,SE,checking,2026-10-02,237.72,EUR,success,Tesco
T00003200,A000539,C000043,LT,checking,2026-10-02,103.33,USD,success,Airbnb
T00002932,A000006,C000455,LV,checking,2026-10-02,5.53,USD,success,Bolt
T00003068,A000711,C000414,LT,credit,2026-10-02,285.66,USD,success,Amazon
T00003361,A000061,C000348,SE,checking,2026-10-02,448.10,EUR,success,Spotify
T00005925,A000666,C000386,SE,checking,2026-10-02,473.19,EUR,success,Airbnb
T00001283,A000339,C000345,EE,credit,2026-10-02,442.82,USD,success,Bolt
T00001032,A000118,C000202,LT,savings,2026-10-02,152.39,EUR,success,Bolt
T00001041,A000319,C000408,LT,savings,2026-10-02,357.58,GBP,success,Steam
T00002270,A000575,C000379,FI,credit,2026-10-02,389.52,GBP,success,Wolt
T00002464,A000721,C000105,FI,credit,2026-10-02,13.15,USD,success,Wolt
T00006320,A000296,C000361,EE,credit,2026-10-02,152.45,USD,success,Airbnb
T00002967,A000230,C000421,EE,checking,2026-10-02,72.14,EUR,success,Steam
T00007840,A000336,C000114,EE,credit,2026-10-02,14.13,GBP,success,Amazon
T00006138,A000520,C000489,EE,checking,2026-10-02,56.42,USD,success,Wolt
T00000268,A000702,C000223,EE,checking,2026-10-02,230.16,GBP,success,Wolt
T00002060,A000487,C000454,EE,savings,2026-10-02,81.65,GBP,success,Tesco
T00005308,A000647,C000264,EE,credit,2026-10-02,169.48,GBP,success,Rimi
T00003720,A000577,C000375,EE,checking,2026-10-02,88.64,EUR,failed,Rimi
T00004288,A000296,C000361,EE,credit,2026-10-02,289.61,USD,success,Amazon
T00007004,A000164,C000015,LT,savings,2026-10-02,256.13,USD,success,Wolt
T00007793,A000445,C000173,LV,savings,2026-10-02,243.68,EUR,success,IKEA
T00009536,A000127,C000232,SE,savings,2026-10-02,352.00,GBP,success,Wolt
T00003282,A000135,C000461,LT,credit,2026-10-02,198.25,GBP,success,Bolt
T00003139,A000646,C000142,FI,checking,2026-10-02,277.88,EUR,failed,Wolt
T00003923,A000126,C000437,SE,credit,2026-10-02,156.03,USD,success,Airbnb
T00001466,A000578,C000404,LT,checking,2026-10-02,304.11,GBP,success,Netflix
T00009482,A000163,C000384,LT,savings,2026-10-02,270.58,USD,success,Tesco
T00001451,A000373,C000469,LV,savings,2026-10-02,384.19,EUR,failed,Airbnb
T00006541,A000666,C000386,SE,checking,2026-10-02,9.59,USD,success,IKEA
T00003486,A000715,C000093,FI,checking,2026-10-02,254.77,GBP,success,Tesco
T00001628,A000368,C000259,SE,savings,2026-10-02,306.13,GBP,success,Amazon
T00005025,A000580,C000036,LV,credit,2026-10-02,278.99,EUR,success,Rimi
T00001353,A000272,C000294,EE,credit,2026-10-02,146.69,EUR,success,Netflix
T00005482,A000071,C000374,SE,checking,2026-10-02,50.91,EUR,success,Airbnb
T00005268,A000505,C000121,LV,checking,2026-10-02,399.57,GBP,success,Amazon
T00007141,A000074,C000212,LV,savings,2026-10-02,107.54,EUR,success,Amazon
T00003219,A000198,C000225,FI,savings,2026-10-02,182.17,USD,success,Wolt
T00000600,A000580,C000036,LV,credit,2026-10-02,181.27,GBP,success,Tesco
T00006210,A000705,C000473,LT,checking,2026-10-02,239.23,EUR,success,Rimi
T00002605,A000466,C000496,SE,credit,2026-10-02,19.80,USD,success,Airbnb
T00007128,A000110,C000266,LV,savings,2026-10-02,81.04,EUR,success,Rimi
T00000512,A000256,C000023,FI,checking,2026-10-02,439.40,GBP,success,Netflix
T00009353,A000353,C000067,SE,credit,2026-10-02,276.43,GBP,success,Rimi
T00004046,A000476,C000031,LV,checking,2026-10-02,349.88,EUR,success,Bolt
T00003762,A000383,C000344,EE,credit,2026-10-02,45.08,GBP,success,Steam
T00000551,A000350,C000344,EE,savings,2026-10-02,294.89,EUR,success,IKEA
T00006663,A000324,C000281,EE,credit,2026-10-02,309.31,GBP,success,Steam
T00001463,A000011,C000150,FI,credit,2026-10-02,82.04,USD,success,Airbnb
T00005654,A000674,C000256,FI,savings,2026-10-02,208.09,EUR,success,Steam
T00005076,A000300,C000288,FI,credit,2026-10-02,283.32,USD,success,Netflix
T00005551,A000274,C000133,EE,checking,2026-10-02,289.43,USD,success,Netflix
T00002693,A000097,C000291,LT,savings,2026-10-02,56.08,EUR,success,Bolt
T00001795,A000159,C000155,EE,savings,2026-10-02,356.05,EUR,success,Steam
T00000108,A000542,C000087,FI,credit,2026-10-02,101.33,GBP,success,Amazon
T00000054,A000720,C000001,SE,credit,2026-10-02,143.07,GBP,success,Tesco
T00000568,A000392,C000010,LT,credit,2026-10-02,374.11,USD,success,Wolt
T00006315,A000039,C000052,FI,credit,2026-10-02,14.82,USD,success,Bolt
T00003015,A000544,C000081,SE,checking,2026-10-02,25.30,USD,success,Tesco
T00005566,A000612,C000050,EE,checking,2026-10-02,142.18,GBP,success,Wolt
T00005332,A000585,C000363,LT,checking,2026-10-02,397.36,GBP,success,Netflix
T00006444,A000158,C000408,LT,checking,2026-10-02,259.94,GBP,success,Tesco
T00005598,A000050,C000449,FI,checking,2026-10-02,339.79,GBP,success,Spotify
T00007367,A000424,C000383,SE,savings,2026-10-02,450.25,EUR,success,Netflix
T00006814,A000529,C000290,EE,savings,2026-10-02,472.24,EUR,success,IKEA
T00006146,A000015,C000110,FI,savings,2026-10-02,490.05,USD,success,IKEA
T00003081,A000437,C000083,LV,checking,2026-10-02,186.27,GBP,success,Bolt
T00000866,A000240,C000059,LT,savings,2026-10-02,343.42,GBP,success,Wolt
T00009659,A000397,C000474,EE,checking,2026-10-02,260.14,USD,success,Bolt
T00003874,A000664,C000319,LV,checking,2026-10-02,187.31,GBP,failed,IKEA
T00002083,A000154,C000306,SE,credit,2026-10-02,202.51,USD,success,Bolt
T00004588,A000463,C000116,LV,checking,2026-10-02,5.94,GBP,success,Tesco
T00005521,A000303,C000132,EE,credit,2026-10-02,52.80,EUR,success,IKEA
T00009619,A000194,C000334,LT,savings,2026-10-02,400.95,GBP,success,IKEA
T00001707,A000475,C000406,SE,credit,2026-10-02,258.34,EUR,success,Steam
T00009391,A000237,C000435,FI,savings,2026-10-02,128.56,EUR,success,Steam
T00002458,A000303,C000132,EE,credit,2026-10-02,333.25,EUR,success,Amazon
T00005723,A000343,C000075,EE,checking,2026-10-02,184.84,EUR,success,Rimi
T00009687,A000463,C000116,LV,checking,2026-10-02,413.70,USD,success,Airbnb
T00007596,A000125,C000268,LT,checking,2026-10-02,438.04,USD,success,Amazon
T00009651,A000359,C000470,LV,checking,2026-10-02,319.06,USD,success,Airbnb
T00000346,A000264,C000498,FI,checking,2026-10-02,281.73,USD,success,Wolt
T00002298,A000694,C000354,EE,checking,2026-10-02,380.92,GBP,success,Wolt
T00009689,A000731,C000068,FI,checking,2026-10-02,288.15,GBP,success,Tesco
T00008018,A000590,C000439,LV,credit,2026-10-02,401.49,EUR,success,Spotify
T00004940,A000475,C000406,SE,credit,2026-10-02,304.43,GBP,success,Netflix
T00003019,A000277,C000159,SE,credit,2026-10-02,54.37,USD,success,Airbnb
T00004533,A000479,C000350,SE,checking,2026-10-02,216.04,EUR,success,Wolt
T00007068,A000341,C000004,LT,credit,2026-10-02,39.40,EUR,success,Tesco
T00004574,A000355,C000087,FI,credit,2026-10-02,33.22,EUR,success,Netflix
T00002186,A000099,C000455,LV,checking,2026-10-02,383.56,GBP,success,Steam
T00001672,A000663,C000161,EE,savings,2026-10-02,348.91,EUR,success,Bolt
T00003769,A000418,C000404,LT,credit,2026-10-02,329.77,USD,success,Rimi
T00003431,A000684,C000150,FI,checking,2026-10-02,342.94,EUR,failed,Tesco
T00004685,A000010,C000282,FI,credit,2026-10-02,369.16,EUR,success,Spotify
T00008610,A000234,C000141,SE,checking,2026-10-02,310.51,GBP,success,Wolt
T00007600,A000260,C000088,FI,savings,2026-10-02,55.26,GBP,success,Spotify
T00009707,A000376,C000281,EE,credit,2026-10-02,52.92,GBP,success,Wolt
T00009692,A000628,C000384,LT,savings,2026-10-02,5.12,USD,success,Wolt
T00004647,A000006,C000455,LV,checking,2026-10-02,172.75,EUR,success,Airbnb
T00001184,A000149,C000211,FI,savings,2026-10-02,297.60,EUR,success,Tesco
T00005351,A000728,C000034,EE,checking,2026-10-02,499.97,GBP,success,IKEA
T00008273,A000149,C000211,FI,savings,2026-10-02,340.98,EUR,success,Amazon
T00007423,A000345,C000257,EE,credit,2026-10-02,399.37,USD,failed,Airbnb
T00002814,A000530,C000051,FI,savings,2026-10-02,393.47,EUR,success,IKEA
T00007479,A000597,C000361,EE,savings,2026-10-02,250.67,GBP,success,Airbnb
T00003578,A000076,C000217,LV,credit,2026-10-02,207.37,GBP,success,Rimi
T00002356,A000610,C000255,FI,savings,2026-10-02,168.99,EUR,success,Bolt
T00002691,A000472,C000098,FI,checking,2026-10-02,443.40,GBP,success,Bolt
T00005685,A000260,C000088,FI,savings,2026-10-02,418.41,GBP,success,Netflix
T00004468,A000597,C000361,EE,savings,2026-10-02,297.21,EUR,success,IKEA
T00006259,A000679,C000190,LT,savings,2026-10-02,15.26,GBP,success,Tesco
T00004690,A000689,C000426,LT,credit,2026-10-02,59.44,EUR,success,Bolt
T00007610,A000512,C000400,SE,credit,2026-10-02,406.07,EUR,success,Tesco
T00009471,A000598,C000101,EE,credit,2026-10-02,84.44,GBP,success,Netflix
T00006872,A000461,C000430,LV,savings,2026-10-02,60.72,EUR,success,Amazon
T00008437,A000746,C000272,EE,savings,2026-10-02,82.49,USD,success,Spotify
T00001506,A000237,C000435,FI,savings,2026-10-02,367.31,GBP,success,Bolt
T00001190,A000147,C000484,SE,credit,2026-10-02,83.65,EUR,success,Bolt
T00007935,A000708,C000056,LT,savings,2026-10-02,411.49,EUR,success,Amazon
T00008705,A000249,C000371,EE,checking,2026-10-02,424.67,GBP,success,Amazon
T00005506,A000065,C000137,LV,credit,2026-10-02,31.00,EUR,success,Wolt
T00007789,A000191,C000363,LT,savings,2026-10-02,33.75,EUR,success,Bolt
T00003981,A000012,C000455,LV,savings,2026-10-02,78.53,GBP,success,Bolt
T00004150,A000677,C000174,LV,checking,2026-10-02,299.33,EUR,success,Rimi
T00008182,A000696,C000126,FI,credit,2026-10-02,378.25,GBP,success,Tesco
T00007017,A000638,C000085,LV,savings,2026-10-02,90.48,EUR,success,Spotify
T00001220,A000684,C000150,FI,checking,2026-10-02,244.55,USD,success,Spotify
T00007715,A000362,C000043,LT,credit,2026-10-02,94.98,GBP,failed,Bolt
T00008088,A000238,C000127,LT,savings,2026-10-02,391.44,EUR,success,Wolt
T00001766,A000102,C000395,FI,credit,2026-10-02,255.06,GBP,success,Rimi
T00000358,A000315,C000487,FI,savings,2026-10-02,112.75,GBP,success,Airbnb
T00008213,A000549,C000103,FI,savings,2026-10-02,48.05,USD,failed,Bolt
T00007933,A000267,C000353,SE,credit,2026-10-02,133.76,GBP,success,Steam
T00000910,A000471,C000403,EE,savings,2026-10-02,253.72,EUR,success,Spotify
T00002440,A000637,C000457,FI,checking,2026-10-02,297.15,EUR,success,Tesco
T00001284,A000234,C000141,SE,checking,2026-10-02,42.67,GBP,success,Amazon
T00006330,A000349,C000462,SE,credit,2026-10-02,490.98,GBP,success,IKEA
T00008505,A000508,C000123,FI,credit,2026-10-02,14.94,USD,success,Tesco
T00005026,A000144,C000358,EE,credit,2026-10-02,244.09,GBP,success,Steam
T00009549,A000065,C000137,LV,credit,2026-10-02,484.75,EUR,success,Tesco
T00009614,A000550,C000343,FI,credit,2026-10-02,240.42,GBP,success,Airbnb
T00004141,A000609,C000349,LT,checking,2026-10-02,182.62,GBP,failed,Tesco
T00008575,A000261,C000279,LT,credit,2026-10-02,317.93,USD,failed,Tesco
T00001210,A000143,C000262,LV,credit,2026-10-02,15.16,GBP,success,Rimi
T00006777,A000550,C000343,FI,credit,2026-10-02,367.87,EUR,success,Amazon
T00003995,A000725,C000408,LT,credit,2026-10-02,201.67,EUR,success,Spotify
T00005841,A000261,C000279,LT,credit,2026-10-02,224.36,USD,success,Rimi
T00002829,A000636,C000019,FI,savings,2026-10-02,373.92,GBP,success,Wolt
T00007028,A000143,C000262,LV,credit,2026-10-02,17.07,EUR,success,Amazon
T00004257,A000682,C000075,EE,checking,2026-10-02,407.28,EUR,success,Amazon
T00003684,A000340,C000437,SE,credit,2026-10-02,24.83,EUR,success,Netflix
T00007348,A000263,C000149,EE,checking,2026-10-02,288.03,USD,success,Bolt
T00005602,A000636,C000019,FI,savings,2026-10-02,328.32,EUR,success,Rimi
T00005895,A000267,C000353,SE,credit,2026-10-02,238.98,GBP,success,Bolt
T00001112,A000381,C000074,LT,credit,2026-10-02,203.44,EUR,success,Tesco
T00006868,A000619,C000216,LV,checking,2026-10-02,13.76,GBP,success,Steam
T00004577,A000062,C000023,FI,credit,2026-10-02,236.18,USD,success,Steam
T00009508,A000134,C000417,LV,credit,2026-10-02,237.57,GBP,success,Rimi
T00000945,A000708,C000056,LT,savings,2026-10-02,168.65,USD,success,IKEA
T00006801,A000367,C000072,FI,credit,2026-10-02,25.87,GBP,success,Steam
T00000203,A000188,C000216,LV,savings,2026-10-02,377.43,USD,success,Tesco
T00007579,A000142,C000087,FI,checking,2026-10-02,447.25,USD,success,Netflix
T00005227,A000550,C000343,FI,credit,2026-10-02,200.53,GBP,success,Tesco
T00009371,A000329,C000078,FI,credit,2026-10-02,405.40,USD,success,Airbnb
T00006091,A000410,C000047,LT,credit,2026-10-02,126.28,GBP,failed,Wolt
T00008307,A000111,C000404,LT,credit,2026-10-02,428.53,GBP,success,Bolt
T00009837,A000068,C000281,EE,credit,2026-10-02,356.79,GBP,success,Wolt
T00006536,A000552,C000492,FI,checking,2026-10-02,260.92,USD,success,IKEA
T00004191,A000311,C000368,EE,savings,2026-10-02,484.04,EUR,success,Tesco
T00004439,A000263,C000149,EE,checking,2026-10-02,148.80,USD,success,Bolt
T00001787,A000106,C000251,LV,credit,2026-10-02,426.67,USD,success,Steam
T00002953,A000062,C000023,FI,credit,2026-10-02,69.30,GBP,success,Netflix
T00000814,A000057,C000458,EE,credit,2026-10-02,329.26,USD,success,Tesco
T00003829,A000313,C000285,LV,checking,2026-10-02,17.44,GBP,success,Wolt
T00005456,A000634,C000114,EE,credit,2026-10-02,81.84,EUR,success,Rimi
T00003513,A000330,C000365,FI,savings,2026-10-02,292.07,USD,success,Airbnb
T00004820,A000534,C000396,SE,checking,2026-10-02,160.76,USD,success,Netflix
T00009402,A000107,C000069,LT,credit,2026-10-02,489.49,GBP,success,Rimi
T00008173,A000141,C000170,LV,savings,2026-10-02,293.71,EUR,success,Amazon
T00007657,A000281,C000279,LT,savings,2026-10-02,73.40,USD,success,Airbnb
T00003482,A000140,C000330,LV,savings,2026-10-02,87.91,GBP,success,IKEA
T00003679,A000740,C000194,LV,checking,2026-10-02,273.73,USD,success,Wolt
T00005008,A000484,C000428,EE,savings,2026-10-02,474.34,GBP,success,Amazon
T00009412,A000374,C000046,LV,savings,2026-10-02,308.24,GBP,success,Steam
T00003647,A000263,C000149,EE,checking,2026-10-02,229.28,GBP,success,Tesco
T00007963,A000525,C000353,SE,savings,2026-10-02,266.89,USD,success,Steam
T00004594,A000427,C000305,LT,savings,2026-10-02,438.71,EUR,success,IKEA
T00001928,A000470,C000226,SE,checking,2026-10-02,351.37,EUR,success,Netflix
T00001410,A000554,C000236,LT,checking,2026-10-02,72.33,EUR,success,Tesco
T00000319,A000184,C000266,LV,savings,2026-10-02,164.58,EUR,success,Airbnb
T00003499,A000263,C000149,EE,checking,2026-10-02,281.18,EUR,success,Airbnb
T00007535,A000282,C000168,EE,savings,2026-10-02,419.08,USD,failed,Spotify
T00000413,A000329,C000078,FI,credit,2026-10-02,168.24,USD,success,Amazon
T00003487,A000184,C000266,LV,savings,2026-10-02,334.28,EUR,success,Airbnb
T00000795,A000607,C000192,SE,checking,2026-10-02,135.32,EUR,success,IKEA
T00003776,A000184,C000266,LV,savings,2026-10-02,5.79,GBP,success,Bolt
T00000948,A000052,C000459,LT,checking,2026-10-02,418.75,GBP,success,Spotify
T00004876,A000555,C000379,FI,credit,2026-10-02,256.87,USD,success,Steam
T00000756,A000359,C000470,LV,checking,2026-10-02,27.72,GBP,success,Tesco
T00001954,A000687,C000441,EE,credit,2026-10-02,248.95,USD,success,Spotify
T00009172,A000283,C000443,SE,checking,2026-10-02,205.90,GBP,failed,IKEA
T00006951,A000367,C000072,FI,credit,2026-10-02,281.41,USD,success,Wolt
T00005806,A000348,C000104,EE,savings,2026-10-02,36.32,EUR,success,Netflix
T00004195,A000035,C000221,FI,credit,2026-10-02,304.03,EUR,success,Netflix
T00005759,A000559,C000499,FI,checking,2026-10-02,62.47,USD,success,Spotify
T00005304,A000235,C000129,SE,savings,2026-10-02,193.14,EUR,success,Steam
T00000258,A000206,C000127,LT,credit,2026-10-02,358.14,USD,success,Amazon
T00009241,A000032,C000293,SE,savings,2026-10-01,256.74,GBP,success,Spotify
T00008388,A000138,C000307,FI,savings,2026-10-01,424.81,GBP,success,Tesco
T00009703,A000426,C000217,LV,checking,2026-10-01,107.36,EUR,success,Spotify
T00006510,A000425,C000418,LV,checking,2026-10-01,480.78,GBP,success,Spotify
T00000813,A000608,C000210,LV,savings,2026-10-01,443.93,GBP,success,Spotify
T00003588,A000718,C000265,FI,checking,2026-10-01,136.50,EUR,failed,Amazon
T00003373,A000632,C000169,LV,savings,2026-10-01,96.81,GBP,success,Wolt
T00007066,A000109,C000371,EE,savings,2026-10-01,263.34,GBP,success,Bolt
T00007897,A000135,C000461,LT,credit,2026-10-01,223.77,GBP,success,Amazon
T00006794,A000676,C000363,LT,savings,2026-10-01,353.48,USD,success,Bolt
T00008794,A000611,C000488,FI,savings,2026-10-01,433.04,USD,success,Airbnb
T00006469,A000611,C000488,FI,savings,2026-10-01,389.13,EUR,success,Steam
T00006029,A000525,C000353,SE,savings,2026-10-01,323.28,GBP,success,Spotify
T00006834,A000315,C000487,FI,savings,2026-10-01,257.40,USD,success,Tesco
T00005432,A000215,C000320,SE,checking,2026-10-01,286.14,EUR,success,Spotify
T00007612,A000110,C000266,LV,savings,2026-10-01,409.33,EUR,success,Bolt
T00002187,A000263,C000149,EE,checking,2026-10-01,476.35,USD,success,Wolt
T00003900,A000131,C000280,LT,credit,2026-10-01,465.65,EUR,success,Tesco
T00007745,A000409,C000183,LT,checking,2026-10-01,201.56,EUR,success,IKEA
T00000599,A000498,C000363,LT,credit,2026-10-01,269.44,GBP,failed,IKEA
T00009746,A000037,C000059,LT,checking,2026-10-01,415.94,GBP,success,Wolt
T00000933,A000716,C000190,LT,credit,2026-10-01,404.47,EUR,success,Spotify
T00004824,A000130,C000173,LV,savings,2026-10-01,287.86,EUR,success,Airbnb
T00009464,A000614,C000083,LV,savings,2026-10-01,294.75,GBP,success,Amazon
T00009501,A000028,C000264,EE,checking,2026-10-01,49.30,EUR,success,Spotify
T00000160,A000490,C000384,LT,savings,2026-10-01,93.56,EUR,success,IKEA
T00007445,A000615,C000249,LV,credit,2026-10-01,163.14,GBP,success,Steam
T00007246,A000615,C000249,LV,credit,2026-10-01,150.23,EUR,success,Wolt
T00005874,A000327,C000169,LV,savings,2026-10-01,431.08,USD,success,Tesco
T00000177,A000126,C000437,SE,credit,2026-10-01,115.34,EUR,success,Rimi
T00000562,A000214,C000361,EE,savings,2026-10-01,49.23,GBP,success,Steam
T00008023,A000617,C000304,SE,savings,2026-10-01,343.80,EUR,success,Wolt
T00004491,A000113,C000368,EE,credit,2026-10-01,52.59,USD,failed,Amazon
T00000191,A000373,C000469,LV,savings,2026-10-01,164.70,GBP,success,Wolt
T00000248,A000706,C000417,LV,credit,2026-10-01,443.86,GBP,success,Netflix
T00008501,A000410,C000047,LT,credit,2026-10-01,112.48,USD,success,Spotify
T00001248,A000124,C000425,LT,credit,2026-10-01,237.57,EUR,failed,Netflix
T00005986,A000627,C000022,LV,credit,2026-10-01,64.42,USD,success,Rimi
T00007032,A000619,C000216,LV,checking,2026-10-01,127.12,USD,success,Spotify
T00006767,A000745,C000012,LV,savings,2026-10-01,200.82,USD,success,Bolt
T00004166,A000360,C000239,LV,checking,2026-10-01,459.52,GBP,success,Airbnb
T00007622,A000123,C000362,FI,savings,2026-10-01,253.08,GBP,success,Tesco
T00005037,A000411,C000064,FI,savings,2026-10-01,463.50,USD,success,Steam
T00003388,A000030,C000218,SE,checking,2026-10-01,12.31,EUR,success,Spotify
T00003341,A000626,C000353,SE,credit,2026-10-01,392.90,USD,success,Rimi
T00001770,A000028,C000264,EE,checking,2026-10-01,43.87,USD,success,Rimi
T00008678,A000375,C000199,SE,credit,2026-10-01,396.94,EUR,success,Spotify
T00001827,A000714,C000017,FI,checking,2026-10-01,40.90,GBP,success,Netflix
T00005321,A000122,C000235,LT,credit,2026-10-01,363.46,GBP,failed,Bolt
T00004835,A000115,C000015,LT,checking,2026-10-01,391.60,USD,success,Steam
T00005450,A000620,C000014,LV,savings,2026-10-01,65.42,USD,success,Steam
T00002139,A000115,C000015,LT,checking,2026-10-01,382.00,EUR,success,Rimi
T00000954,A000120,C000295,EE,savings,2026-10-01,153.46,EUR,success,Wolt
T00003950,A000394,C000070,LV,savings,2026-10-01,301.01,GBP,failed,IKEA
T00004965,A000120,C000295,EE,savings,2026-10-01,71.29,EUR,success,Rimi
T00006949,A000119,C000064,FI,savings,2026-10-01,368.49,GBP,pending,Wolt
T00002906,A000625,C000311,EE,savings,2026-10-01,267.34,GBP,success,Netflix
T00006318,A000731,C000068,FI,checking,2026-10-01,368.22,USD,failed,Netflix
T00006000,A000670,C000429,SE,savings,2026-10-01,441.84,USD,success,Rimi
T00001239,A000118,C000202,LT,savings,2026-10-01,12.36,USD,success,Netflix
T00003311,A000527,C000302,FI,savings,2026-10-01,340.30,USD,success,Amazon
T00009507,A000685,C000492,FI,credit,2026-10-01,63.76,EUR,success,Spotify
T00003061,A000116,C000432,FI,credit,2026-10-01,37.85,EUR,success,Airbnb
T00005418,A000213,C000462,SE,checking,2026-10-01,314.32,GBP,success,Wolt
T00002834,A000352,C000252,FI,credit,2026-10-01,38.80,GBP,success,Wolt
T00004683,A000623,C000173,LV,credit,2026-10-01,412.19,USD,success,Bolt
T00000244,A000116,C000432,FI,credit,2026-10-01,250.19,EUR,failed,Bolt
T00002684,A000117,C000141,SE,savings,2026-10-01,16.26,GBP,success,Tesco
T00007603,A000740,C000194,LV,checking,2026-10-01,452.38,USD,success,Spotify
T00004722,A000474,C000282,FI,credit,2026-10-01,208.37,EUR,success,Bolt
T00006214,A000474,C000282,FI,credit,2026-10-01,92.85,GBP,success,Wolt
T00007358,A000345,C000257,EE,credit,2026-10-01,32.34,EUR,success,Spotify
T00005927,A000241,C000297,LV,credit,2026-10-01,151.30,EUR,failed,Tesco
T00008294,A000211,C000349,LT,checking,2026-10-01,265.06,USD,success,Amazon
T00007051,A000210,C000144,FI,savings,2026-10-01,479.57,USD,success,Amazon
T00008611,A000267,C000353,SE,credit,2026-10-01,109.49,EUR,success,Airbnb
T00002934,A000058,C000251,LV,checking,2026-10-01,265.05,EUR,success,Spotify
T00002157,A000242,C000442,LV,checking,2026-10-01,405.92,GBP,success,Steam
T00008125,A000481,C000416,FI,checking,2026-10-01,302.19,EUR,success,Bolt
T00002907,A000492,C000458,EE,credit,2026-10-01,448.37,EUR,success,Tesco
T00009293,A000209,C000090,LV,savings,2026-10-01,161.41,GBP,failed,Steam
T00008375,A000486,C000307,FI,credit,2026-10-01,282.85,GBP,success,Bolt
T00004214,A000471,C000403,EE,savings,2026-10-01,85.54,EUR,success,Wolt
T00009232,A000243,C000101,EE,credit,2026-10-01,264.21,GBP,success,Rimi
T00007407,A000248,C000451,EE,savings,2026-10-01,202.71,USD,success,IKEA
T00007818,A000268,C000213,SE,checking,2026-10-01,157.98,EUR,success,Spotify
T00003441,A000243,C000101,EE,credit,2026-10-01,10.02,USD,success,Amazon
T00007102,A000207,C000153,EE,savings,2026-10-01,352.38,USD,success,Amazon
T00009632,A000535,C000342,EE,checking,2026-10-01,451.74,EUR,success,IKEA
T00006836,A000385,C000078,FI,credit,2026-10-01,499.68,USD,success,Airbnb
T00006863,A000244,C000451,EE,savings,2026-10-01,412.57,GBP,success,Airbnb
T00007525,A000738,C000022,LV,savings,2026-10-01,111.49,EUR,success,IKEA
T00005284,A000230,C000421,EE,checking,2026-10-01,81.20,EUR,success,Wolt
T00008861,A000205,C000172,LV,savings,2026-10-01,121.35,USD,success,Amazon
T00003332,A000204,C000276,LT,savings,2026-10-01,291.25,GBP,success,Bolt
T00000347,A000537,C000130,EE,credit,2026-10-01,369.69,GBP,success,Steam
T00009067,A000245,C000241,LT,savings,2026-10-01,83.55,GBP,success,Amazon
T00009503,A000204,C000276,LT,savings,2026-10-01,314.25,USD,success,Wolt
T00007440,A000257,C000243,LT,checking,2026-10-01,480.28,USD,success,Wolt
T00002075,A000468,C000483,SE,savings,2026-10-01,217.96,EUR,success,Spotify
T00004776,A000366,C000326,FI,checking,2026-10-01,307.04,USD,success,Tesco
T00007053,A000226,C000328,FI,checking,2026-10-01,214.07,USD,success,Tesco
T00000946,A000376,C000281,EE,credit,2026-10-01,340.09,EUR,success,Rimi
T00008250,A000690,C000278,FI,checking,2026-10-01,198.59,GBP,success,Rimi
T00008066,A000202,C000412,EE,savings,2026-10-01,406.97,USD,success,Steam
T00008094,A000390,C000024,LV,savings,2026-10-01,386.59,GBP,success,Netflix
T00008832,A000231,C000206,EE,checking,2026-10-01,292.84,GBP,failed,Airbnb
T00002059,A000201,C000340,LV,credit,2026-10-01,355.85,USD,success,Spotify
T00003440,A000666,C000386,SE,checking,2026-10-01,481.79,USD,success,IKEA
T00002346,A000224,C000064,FI,checking,2026-10-01,341.70,USD,success,Netflix
T00007123,A000348,C000104,EE,savings,2026-10-01,264.67,EUR,success,Wolt
T00001258,A000343,C000075,EE,checking,2026-10-01,177.66,EUR,success,Wolt
T00001574,A000019,C000064,FI,credit,2026-10-01,380.36,GBP,success,Amazon
T00001133,A000348,C000104,EE,savings,2026-10-01,389.61,GBP,success,Tesco
T00003463,A000692,C000268,LT,credit,2026-10-01,65.30,GBP,failed,Netflix
T00002098,A000199,C000256,FI,savings,2026-10-01,1.87,EUR,success,IKEA
T00009541,A000684,C000150,FI,checking,2026-10-01,251.73,EUR,success,Tesco
T00002808,A000199,C000256,FI,savings,2026-10-01,411.06,GBP,success,Tesco
T00004375,A000199,C000256,FI,savings,2026-10-01,228.39,EUR,success,Amazon
T00003931,A000515,C000056,LT,credit,2026-10-01,21.18,EUR,success,Amazon
T00006435,A000466,C000496,SE,credit,2026-10-01,109.84,USD,success,Steam
T00000010,A000019,C000064,FI,credit,2026-10-01,208.50,EUR,success,Airbnb
T00004006,A000275,C000005,FI,savings,2026-10-01,234.17,GBP,success,Airbnb
T00002291,A000544,C000081,SE,checking,2026-10-01,425.57,EUR,success,Wolt
T00005918,A000050,C000449,FI,checking,2026-10-01,299.62,EUR,success,Wolt
T00008544,A000464,C000204,SE,savings,2026-10-01,232.84,GBP,success,Airbnb
T00000151,A000544,C000081,SE,checking,2026-10-01,248.95,GBP,success,Airbnb
T00004596,A000194,C000334,LT,savings,2026-10-01,138.23,EUR,success,Bolt
T00003005,A000546,C000156,LV,credit,2026-10-01,194.93,EUR,success,Spotify
T00007381,A000277,C000159,SE,credit,2026-10-01,171.43,USD,success,Tesco
T00009962,A000548,C000411,FI,credit,2026-10-01,312.36,EUR,success,IKEA
T00008192,A000279,C000246,EE,credit,2026-10-01,362.71,USD,success,Steam
T00002116,A000005,C000328,FI,savings,2026-10-01,323.78,EUR,success,Tesco
T00009622,A000001,C000399,SE,savings,2026-10-01,280.22,EUR,success,Airbnb
T00001877,A000516,C000047,LT,savings,2026-10-01,126.80,EUR,success,IKEA
T00004726,A000548,C000411,FI,credit,2026-10-01,475.07,EUR,success,Amazon
T00006819,A000223,C000070,LV,savings,2026-10-01,390.00,EUR,success,Netflix
T00002823,A000076,C000217,LV,credit,2026-10-01,171.73,USD,success,Netflix
T00008800,A000077,C000100,LT,savings,2026-10-01,286.47,GBP,success,Wolt
T00002884,A000695,C000214,FI,checking,2026-10-01,349.86,GBP,success,Steam
T00006697,A000517,C000338,SE,credit,2026-10-01,243.34,EUR,success,Tesco
T00002506,A000234,C000141,SE,checking,2026-10-01,322.15,EUR,success,Wolt
T00003419,A000549,C000103,FI,savings,2026-10-01,35.02,GBP,success,Netflix
T00000425,A000460,C000414,LT,credit,2026-10-01,117.23,GBP,success,Wolt
T00007598,A000190,C000436,LT,savings,2026-10-01,19.22,EUR,success,Airbnb
T00005543,A000660,C000298,LT,savings,2026-10-01,99.55,GBP,success,Rimi
T00008060,A000189,C000348,SE,checking,2026-10-01,193.32,GBP,success,Bolt
T00008346,A000668,C000344,EE,checking,2026-10-01,94.36,GBP,success,Wolt
T00005150,A000280,C000069,LT,checking,2026-10-01,78.52,GBP,success,Bolt
T00003906,A000551,C000363,LT,checking,2026-10-01,449.77,USD,success,Steam
T00007961,A000709,C000493,FI,savings,2026-10-01,198.83,EUR,success,Wolt
T00009486,A000343,C000075,EE,checking,2026-10-01,415.41,EUR,success,Bolt
T00007394,A000080,C000362,FI,credit,2026-10-01,105.85,EUR,success,Spotify
T00006588,A000080,C000362,FI,credit,2026-10-01,92.89,GBP,success,Steam
T00002247,A000186,C000047,LT,savings,2026-10-01,494.03,GBP,success,Bolt
T00000251,A000458,C000037,EE,checking,2026-10-01,416.48,USD,success,Bolt
T00001067,A000458,C000037,EE,checking,2026-10-01,255.01,USD,success,Steam
T00008844,A000254,C000118,LT,savings,2026-10-01,141.34,USD,success,Wolt
T00007900,A000557,C000003,LT,savings,2026-10-01,169.83,EUR,success,Bolt
T00008318,A000559,C000499,FI,checking,2026-10-01,232.26,USD,success,Steam
T00001867,A000724,C000411,FI,savings,2026-10-01,130.75,EUR,success,Tesco
T00002178,A000709,C000493,FI,savings,2026-10-01,312.84,GBP,failed,Tesco
T00007073,A000021,C000450,LT,credit,2026-10-01,422.15,GBP,success,IKEA
T00004335,A000455,C000060,EE,checking,2026-10-01,282.87,GBP,success,Spotify
T00001411,A000283,C000443,SE,checking,2026-10-01,342.93,USD,success,Tesco
T00007236,A000560,C000250,LT,credit,2026-10-01,289.64,EUR,success,Amazon
T00004359,A000180,C000163,LV,credit,2026-10-01,136.84,EUR,success,Airbnb
T00001711,A000655,C000309,EE,credit,2026-10-01,100.07,GBP,success,Steam
T00005614,A000286,C000310,SE,checking,2026-10-01,377.64,GBP,success,Steam
T00009930,A000563,C000406,SE,savings,2026-10-01,464.05,GBP,success,Airbnb
T00004168,A000177,C000115,FI,savings,2026-10-01,204.05,EUR,success,Wolt
T00007393,A000177,C000115,FI,savings,2026-10-01,484.95,EUR,success,IKEA
T00004529,A000710,C000207,LT,checking,2026-10-01,487.92,GBP,success,Bolt
T00002006,A000176,C000432,FI,savings,2026-10-01,164.51,EUR,success,Bolt
T00007862,A000654,C000133,EE,savings,2026-10-01,23.82,EUR,success,IKEA
T00001630,A000235,C000129,SE,savings,2026-10-01,123.00,EUR,success,Steam
T00009496,A000288,C000038,SE,credit,2026-10-01,14.00,USD,success,Airbnb
T00005678,A000087,C000270,FI,credit,2026-10-01,52.72,USD,success,IKEA
T00000657,A000451,C000268,LT,savings,2026-10-01,110.05,USD,success,Steam
T00001577,A000565,C000045,FI,credit,2026-10-01,165.29,USD,success,Rimi
T00007796,A000566,C000056,LT,checking,2026-10-01,325.06,EUR,success,Airbnb
T00007777,A000067,C000474,EE,credit,2026-10-01,479.35,GBP,failed,IKEA
T00009939,A000008,C000186,LT,checking,2026-10-01,274.45,USD,success,IKEA
T00004011,A000652,C000067,SE,checking,2026-10-01,372.36,GBP,success,Airbnb
T00000817,A000174,C000355,FI,savings,2026-10-01,451.05,GBP,failed,Rimi
T00002362,A000355,C000087,FI,credit,2026-10-01,165.85,EUR,success,Netflix
T00003568,A000699,C000034,EE,savings,2026-10-01,281.49,USD,success,Amazon
T00001395,A000477,C000182,SE,checking,2026-10-01,361.95,GBP,pending,Bolt
T00003084,A000699,C000034,EE,savings,2026-10-01,435.26,EUR,success,Bolt
T00000067,A000011,C000150,FI,credit,2026-10-01,429.20,GBP,success,Spotify
T00003738,A000503,C000120,SE,savings,2026-10-01,437.25,GBP,success,Bolt
T00007902,A000568,C000300,LT,checking,2026-10-01,346.04,EUR,success,Spotify
T00007947,A000652,C000067,SE,checking,2026-10-01,84.97,EUR,success,Steam
T00004910,A000054,C000171,FI,checking,2026-10-01,194.75,GBP,success,Amazon
T00007334,A000519,C000019,FI,checking,2026-10-01,314.92,GBP,success,Tesco
T00006123,A000171,C000034,EE,checking,2026-10-01,235.90,GBP,success,IKEA
T00006052,A000037,C000059,LT,checking,2026-10-01,9.34,GBP,success,Netflix
T00009270,A000171,C000034,EE,checking,2026-10-01,448.10,EUR,success,Spotify
T00003500,A000705,C000473,LT,checking,2026-10-01,11.11,GBP,success,Netflix
T00001189,A000650,C000428,EE,credit,2026-10-01,106.04,GBP,success,Tesco
T00002217,A000399,C000098,FI,credit,2026-10-01,344.34,EUR,success,Steam
T00004029,A000169,C000242,FI,checking,2026-10-01,203.69,USD,success,Airbnb
T00007037,A000169,C000242,FI,checking,2026-10-01,260.68,EUR,failed,Wolt
T00003345,A000390,C000024,LV,savings,2026-10-01,151.01,GBP,success,Airbnb
T00008951,A000168,C000101,EE,checking,2026-10-01,268.63,GBP,success,Airbnb
T00008816,A000042,C000411,FI,savings,2026-10-01,38.98,USD,success,Bolt
T00002190,A000571,C000127,LT,savings,2026-10-01,196.42,EUR,success,Airbnb
T00003924,A000749,C000405,LT,credit,2026-10-01,176.97,GBP,success,Amazon
T00000369,A000700,C000205,SE,checking,2026-10-01,178.58,USD,success,Amazon
T00003823,A000667,C000198,FI,credit,2026-10-01,388.61,USD,success,Spotify
T00002804,A000687,C000441,EE,credit,2026-10-01,409.48,EUR,success,Netflix
T00009971,A000041,C000005,FI,credit,2026-10-01,453.81,USD,success,Steam
T00009055,A000512,C000400,SE,credit,2026-10-01,450.99,EUR,success,Steam
T00002145,A000363,C000086,SE,savings,2026-10-01,190.00,EUR,failed,Steam
T00009098,A000648,C000165,LT,savings,2026-10-01,215.02,USD,success,Bolt
T00006476,A000520,C000489,EE,checking,2026-10-01,374.79,EUR,failed,Amazon
T00006666,A000578,C000404,LT,checking,2026-10-01,69.43,GBP,success,Airbnb
T00004643,A000721,C000105,FI,credit,2026-10-01,259.18,USD,success,Wolt
T00005299,A000095,C000088,FI,credit,2026-10-01,248.23,EUR,success,Rimi
T00002025,A000039,C000052,FI,credit,2026-10-01,345.43,USD,success,Netflix
T00002879,A000039,C000052,FI,credit,2026-10-01,427.59,EUR,success,Amazon
T00004436,A000646,C000142,FI,checking,2026-10-01,26.25,EUR,failed,Airbnb
T00001406,A000341,C000004,LT,credit,2026-10-01,229.93,USD,success,Netflix
T00008102,A000371,C000327,FI,credit,2026-10-01,235.31,GBP,success,Netflix
T00000758,A000236,C000132,EE,credit,2026-10-01,38.96,GBP,success,Spotify
T00009738,A000363,C000086,SE,savings,2026-10-01,59.44,USD,failed,Rimi
T00003123,A000703,C000175,SE,credit,2026-10-01,277.76,EUR,success,Steam
T00002692,A000385,C000078,FI,credit,2026-10-01,56.50,EUR,success,Steam
T00008168,A000721,C000105,FI,credit,2026-10-01,327.38,EUR,success,Wolt
T00007670,A000380,C000362,FI,savings,2026-10-01,152.11,USD,success,Amazon
T00006929,A000299,C000063,EE,savings,2026-10-01,247.39,EUR,success,Airbnb
T00006279,A000097,C000291,LT,savings,2026-10-01,7.27,USD,success,Netflix
T00003542,A000097,C000291,LT,savings,2026-10-01,381.09,USD,success,Spotify
T00007801,A000644,C000136,LT,credit,2026-10-01,170.24,GBP,success,Spotify
T00001538,A000054,C000171,FI,checking,2026-10-01,61.14,EUR,success,Amazon
T00008865,A000098,C000234,LV,credit,2026-10-01,263.33,EUR,success,Bolt
T00001228,A000158,C000408,LT,checking,2026-10-01,380.87,GBP,success,Spotify
T00001068,A000333,C000075,EE,checking,2026-10-01,322.87,EUR,success,Spotify
T00008248,A000158,C000408,LT,checking,2026-10-01,374.21,EUR,failed,Amazon
T00009424,A000158,C000408,LT,checking,2026-10-01,39.32,USD,success,Wolt
T00002827,A000438,C000298,LT,credit,2026-10-01,265.74,USD,success,Steam
T00000085,A000683,C000361,EE,checking,2026-10-01,141.38,USD,success,Netflix
T00001535,A000642,C000109,SE,credit,2026-10-01,452.46,USD,success,Bolt
T00001987,A000588,C000392,SE,checking,2026-10-01,108.25,EUR,success,Steam
T00004559,A000391,C000096,FI,savings,2026-10-01,266.62,GBP,success,Spotify
T00001936,A000376,C000281,EE,credit,2026-10-01,157.93,EUR,success,IKEA
T00000799,A000589,C000261,EE,checking,2026-10-01,244.13,USD,success,Amazon
T00008756,A000026,C000003,LT,checking,2026-10-01,148.71,GBP,success,Airbnb
T00004593,A000152,C000416,FI,checking,2026-10-01,341.18,GBP,success,IKEA
T00003294,A000501,C000351,EE,checking,2026-10-01,158.86,GBP,success,Tesco
T00004457,A000099,C000455,LV,checking,2026-10-01,103.44,USD,success,Rimi
T00001558,A000506,C000437,SE,checking,2026-10-01,403.93,USD,success,Tesco
T00008693,A000306,C000228,LT,savings,2026-10-01,197.50,GBP,success,Amazon
T00000365,A000217,C000013,LV,savings,2026-10-01,296.12,GBP,success,Bolt
T00008749,A000595,C000231,LT,checking,2026-10-01,493.75,USD,failed,Tesco
T00000071,A000306,C000228,LT,savings,2026-10-01,302.08,GBP,failed,Rimi
T00004710,A000596,C000113,LV,checking,2026-10-01,471.34,GBP,success,Airbnb
T00003882,A000596,C000113,LV,checking,2026-10-01,106.82,EUR,success,Steam
T00007431,A000640,C000126,FI,checking,2026-10-01,389.55,GBP,success,Steam
T00000308,A000596,C000113,LV,checking,2026-10-01,310.96,USD,success,Rimi
T00007890,A000404,C000034,EE,credit,2026-10-01,203.97,USD,success,Wolt
T00007543,A000675,C000482,LT,credit,2026-10-01,67.12,USD,success,Amazon
T00007151,A000308,C000429,SE,savings,2026-10-01,121.61,GBP,success,Amazon
T00005954,A000372,C000096,FI,savings,2026-10-01,238.66,GBP,success,Spotify
T00008229,A000639,C000321,SE,savings,2026-10-01,190.96,GBP,success,Amazon
T00009418,A000598,C000101,EE,credit,2026-10-01,48.10,GBP,success,Steam
T00000784,A000308,C000429,SE,savings,2026-10-01,493.16,USD,success,Tesco
T00006222,A000598,C000101,EE,credit,2026-10-01,195.90,EUR,success,IKEA
T00004725,A000309,C000212,LV,credit,2026-10-01,389.39,USD,success,Wolt
T00008282,A000719,C000481,EE,savings,2026-10-01,268.73,GBP,success,Rimi
T00005921,A000430,C000225,FI,checking,2026-10-01,381.76,EUR,failed,Spotify
T00007450,A000405,C000020,LV,savings,2026-10-01,227.41,EUR,success,Spotify
T00003120,A000309,C000212,LV,credit,2026-10-01,212.91,EUR,success,Bolt
T00008658,A000601,C000412,EE,savings,2026-10-01,10.44,GBP,failed,Bolt
T00008629,A000065,C000137,LV,credit,2026-10-01,48.61,GBP,success,Tesco
T00002785,A000601,C000412,EE,savings,2026-10-01,387.52,EUR,success,Spotify
T00000334,A000052,C000459,LT,checking,2026-10-01,445.33,GBP,success,Wolt
T00007571,A000602,C000014,LV,credit,2026-10-01,120.90,EUR,success,IKEA
T00009745,A000145,C000160,LT,credit,2026-10-01,184.02,GBP,success,IKEA
T00009136,A000429,C000055,SE,checking,2026-10-01,31.70,USD,success,Rimi
T00009853,A000637,C000457,FI,checking,2026-10-01,429.79,GBP,success,IKEA
T00002503,A000032,C000293,SE,savings,2026-10-01,27.38,EUR,success,Bolt
T00008383,A000355,C000087,FI,credit,2026-10-01,60.65,EUR,success,IKEA
T00004639,A000143,C000262,LV,credit,2026-10-01,365.84,USD,success,Airbnb
T00003450,A000603,C000437,SE,savings,2026-10-01,494.36,GBP,success,Netflix
T00008754,A000331,C000314,FI,credit,2026-10-01,213.86,GBP,success,Steam
T00006542,A000032,C000293,SE,savings,2026-10-01,237.74,GBP,success,Airbnb
T00007919,A000106,C000251,LV,credit,2026-10-01,89.80,USD,success,Tesco
T00005399,A000250,C000373,SE,checking,2026-10-01,232.00,GBP,success,Bolt
T00000164,A000604,C000085,LV,checking,2026-10-01,467.59,EUR,success,Netflix
T00006606,A000106,C000251,LV,credit,2026-10-01,265.12,USD,success,Steam
T00003029,A000238,C000127,LT,savings,2026-10-01,409.22,USD,success,Wolt
T00001719,A000330,C000365,FI,savings,2026-10-01,413.18,EUR,success,IKEA
T00004803,A000372,C000096,FI,savings,2026-10-01,8.89,USD,failed,Wolt
T00009590,A000635,C000490,SE,credit,2026-10-01,248.19,USD,success,Rimi
T00002009,A000634,C000114,EE,credit,2026-10-01,296.34,USD,success,Steam
T00002347,A000406,C000263,EE,checking,2026-10-01,142.55,EUR,success,Tesco
T00001551,A000106,C000251,LV,credit,2026-10-01,25.32,USD,success,Spotify
T00005333,A000605,C000109,SE,credit,2026-10-01,175.42,EUR,success,Steam
T00002404,A000141,C000170,LV,savings,2026-10-01,57.10,GBP,success,Spotify
T00004383,A000055,C000025,FI,credit,2026-10-01,422.54,GBP,success,Rimi
T00000082,A000140,C000330,LV,savings,2026-10-01,46.24,EUR,success,IKEA
T00002056,A000485,C000457,FI,credit,2026-10-01,110.18,EUR,success,Wolt
T00005378,A000107,C000069,LT,credit,2026-10-01,139.25,GBP,success,Steam
T00004589,A000427,C000305,LT,savings,2026-10-01,279.23,GBP,success,Rimi
T00006432,A000607,C000192,SE,checking,2026-10-01,371.52,GBP,success,Netflix
T00005078,A000427,C000305,LT,savings,2026-10-01,74.73,GBP,success,Steam
T00005949,A000312,C000272,EE,savings,2026-10-01,271.78,USD,success,Wolt
T00000858,A000607,C000192,SE,checking,2026-10-01,250.49,EUR,failed,IKEA
T00007986,A000670,C000429,SE,savings,2026-10-01,289.08,EUR,success,Steam
T00008093,A000108,C000089,FI,checking,2026-10-01,437.16,GBP,success,Amazon
T00004778,A000312,C000272,EE,savings,2026-10-01,102.59,USD,success,Amazon
T00002175,A000312,C000272,EE,savings,2026-10-01,17.43,GBP,success,IKEA
T00007832,A000608,C000210,LV,savings,2026-10-01,403.80,USD,success,Netflix
T00003290,A000638,C000085,LV,savings,2026-09-30,493.09,GBP,success,Bolt
T00000574,A000012,C000455,LV,savings,2026-09-30,480.56,USD,success,Airbnb
T00005742,A000377,C000499,FI,savings,2026-09-30,85.29,USD,success,Spotify
T00000412,A000689,C000426,LT,credit,2026-09-30,377.95,EUR,success,IKEA
T00000745,A000234,C000141,SE,checking,2026-09-30,277.59,EUR,success,Netflix
T00006864,A000235,C000129,SE,savings,2026-09-30,257.04,USD,success,Amazon
T00008206,A000504,C000449,FI,credit,2026-09-30,405.30,USD,success,Amazon
T00001261,A000503,C000120,SE,savings,2026-09-30,186.77,EUR,success,Amazon
T00001849,A000235,C000129,SE,savings,2026-09-30,224.28,USD,success,Spotify
T00008200,A000016,C000172,LV,checking,2026-09-30,125.11,USD,success,IKEA
T00002587,A000486,C000307,FI,credit,2026-09-30,206.54,EUR,success,Netflix
T00004702,A000503,C000120,SE,savings,2026-09-30,116.97,EUR,success,Wolt
T00000658,A000251,C000395,FI,savings,2026-09-30,97.80,EUR,success,Rimi
T00003635,A000730,C000487,FI,checking,2026-09-30,29.62,USD,success,Bolt
T00005673,A000251,C000395,FI,savings,2026-09-30,330.22,EUR,success,Bolt
T00009660,A000347,C000423,FI,checking,2026-09-30,261.02,GBP,success,Wolt
T00009168,A000690,C000278,FI,checking,2026-09-30,18.14,USD,success,Spotify
T00004993,A000052,C000459,LT,checking,2026-09-30,317.74,USD,success,Wolt
T00000178,A000489,C000343,FI,checking,2026-09-30,148.35,EUR,pending,IKEA
T00002622,A000490,C000384,LT,savings,2026-09-30,371.23,EUR,success,Tesco
T00001203,A000242,C000442,LV,checking,2026-09-30,90.94,GBP,success,Bolt
T00009623,A000243,C000101,EE,credit,2026-09-30,33.05,USD,success,Rimi
T00006477,A000244,C000451,EE,savings,2026-09-30,321.81,GBP,success,Netflix
T00000066,A000495,C000483,SE,checking,2026-09-30,342.70,EUR,success,Wolt
T00003839,A000244,C000451,EE,savings,2026-09-30,1.95,EUR,success,Wolt
T00001245,A000014,C000402,LT,checking,2026-09-30,243.00,EUR,success,Tesco
T00005483,A000246,C000380,FI,checking,2026-09-30,59.27,USD,success,Rimi
T00005364,A000002,C000487,FI,credit,2026-09-30,187.43,GBP,pending,Amazon
T00006982,A000682,C000075,EE,checking,2026-09-30,141.58,GBP,success,Rimi
T00002781,A000666,C000386,SE,checking,2026-09-30,395.95,USD,success,Bolt
T00007630,A000401,C000469,LV,savings,2026-09-30,498.41,EUR,success,Airbnb
T00006730,A000060,C000199,SE,savings,2026-09-30,138.31,USD,success,Airbnb
T00003633,A000666,C000386,SE,checking,2026-09-30,253.43,EUR,success,Steam
T00001855,A000336,C000114,EE,credit,2026-09-30,426.95,GBP,success,Bolt
T00005970,A000060,C000199,SE,savings,2026-09-30,198.48,GBP,success,Wolt
T00000013,A000665,C000077,FI,credit,2026-09-30,163.09,GBP,success,Netflix
T00000537,A000336,C000114,EE,credit,2026-09-30,323.91,GBP,success,Amazon
T00003395,A000663,C000161,EE,savings,2026-09-30,208.25,EUR,success,Spotify
T00007485,A000076,C000217,LV,credit,2026-09-30,159.37,GBP,success,Steam
T00009595,A000695,C000214,FI,checking,2026-09-30,44.27,EUR,success,Airbnb
T00003016,A000076,C000217,LV,credit,2026-09-30,473.77,USD,success,Rimi
T00007157,A000663,C000161,EE,savings,2026-09-30,182.84,EUR,success,Steam
T00008771,A000663,C000161,EE,savings,2026-09-30,69.34,GBP,success,Spotify
T00004486,A000077,C000100,LT,savings,2026-09-30,66.88,USD,success,Bolt
T00009866,A000661,C000028,SE,credit,2026-09-30,62.01,GBP,success,Bolt
T00005014,A000038,C000401,SE,checking,2026-09-30,170.88,USD,success,Amazon
T00003362,A000078,C000215,FI,checking,2026-09-30,249.79,EUR,success,Amazon
T00002525,A000038,C000401,SE,checking,2026-09-30,33.24,EUR,success,Spotify
T00009495,A000660,C000298,LT,savings,2026-09-30,316.24,EUR,pending,Spotify
T00004833,A000080,C000362,FI,credit,2026-09-30,389.99,USD,success,Netflix
T00006932,A000335,C000275,LV,savings,2026-09-30,46.09,GBP,success,Bolt
T00009726,A000047,C000231,LT,savings,2026-09-30,461.90,GBP,success,IKEA
T00003110,A000709,C000493,FI,savings,2026-09-30,352.09,EUR,success,Airbnb
T00004763,A000085,C000276,LT,credit,2026-09-30,78.82,EUR,success,Spotify
T00006937,A000086,C000301,LV,credit,2026-09-30,451.28,GBP,success,Rimi
T00007717,A000045,C000130,EE,savings,2026-09-30,13.20,GBP,success,Bolt
T00003030,A000086,C000301,LV,credit,2026-09-30,193.65,USD,success,Airbnb
T00000839,A000086,C000301,LV,credit,2026-09-30,250.23,EUR,success,Airbnb
T00006585,A000087,C000270,FI,credit,2026-09-30,344.18,USD,success,Amazon
T00000005,A000746,C000272,EE,savings,2026-09-30,71.29,GBP,success,Steam
T00007985,A000088,C000497,EE,credit,2026-09-30,283.95,EUR,success,Rimi
T00002939,A000088,C000497,EE,credit,2026-09-30,390.76,USD,success,Bolt
T00005631,A000043,C000241,LT,savings,2026-09-30,186.61,USD,success,Rimi
T00000739,A000088,C000497,EE,credit,2026-09-30,135.55,USD,failed,Amazon
T00004597,A000680,C000010,LT,credit,2026-09-30,53.24,EUR,success,IKEA
T00006675,A000090,C000034,EE,checking,2026-09-30,48.05,USD,success,Netflix
T00007971,A000650,C000428,EE,credit,2026-09-30,379.70,USD,success,IKEA
T00004322,A000334,C000117,EE,savings,2026-09-30,381.04,GBP,success,Tesco
T00007507,A000042,C000411,FI,savings,2026-09-30,452.43,EUR,success,Steam
T00008191,A000092,C000134,FI,checking,2026-09-30,83.21,EUR,success,Amazon
T00007356,A000701,C000305,LT,checking,2026-09-30,149.00,EUR,success,Spotify
T00009032,A000648,C000165,LT,savings,2026-09-30,2.79,GBP,success,Netflix
T00002988,A000702,C000223,EE,checking,2026-09-30,133.06,USD,success,Airbnb
T00004367,A000647,C000264,EE,credit,2026-09-30,201.39,EUR,success,Steam
T00003958,A000040,C000071,LV,savings,2026-09-30,466.36,USD,success,Airbnb
T00005612,A000094,C000467,SE,credit,2026-09-30,159.68,EUR,success,Amazon
T00001332,A000038,C000401,SE,checking,2026-09-30,196.15,GBP,success,Rimi
T00006344,A000096,C000245,LV,savings,2026-09-30,166.55,USD,success,Tesco
T00004849,A000646,C000142,FI,checking,2026-09-30,194.09,EUR,success,Wolt
T00002200,A000096,C000245,LV,savings,2026-09-30,74.33,GBP,success,Airbnb
T00000238,A000096,C000245,LV,savings,2026-09-30,436.91,EUR,success,Airbnb
T00007085,A000097,C000291,LT,savings,2026-09-30,317.52,GBP,success,Rimi
T00002599,A000644,C000136,LT,credit,2026-09-30,358.23,USD,failed,Amazon
T00009760,A000642,C000109,SE,credit,2026-09-30,395.23,EUR,success,Amazon
T00000133,A000061,C000348,SE,checking,2026-09-30,165.09,GBP,success,Bolt
T00003754,A000003,C000098,FI,savings,2026-09-30,79.44,USD,success,IKEA
T00005854,A000641,C000282,FI,credit,2026-09-30,296.16,USD,success,Amazon
T00009903,A000743,C000077,FI,savings,2026-09-30,233.01,USD,success,Steam
T00000704,A000640,C000126,FI,checking,2026-09-30,285.79,GBP,success,Wolt
T00000900,A000403,C000250,LT,savings,2026-09-30,318.57,EUR,success,IKEA
T00009321,A000639,C000321,SE,savings,2026-09-30,353.50,USD,success,Bolt
T00007927,A000679,C000190,LT,savings,2026-09-30,257.66,USD,success,Netflix
T00001955,A000101,C000335,EE,checking,2026-09-30,364.17,GBP,success,Amazon
T00006281,A000062,C000023,FI,credit,2026-09-30,431.52,EUR,success,Bolt
T00000241,A000331,C000314,FI,credit,2026-09-30,379.06,EUR,success,Amazon
T00006516,A000103,C000060,EE,checking,2026-09-30,10.56,EUR,success,IKEA
T00001354,A000104,C000047,LT,savings,2026-09-30,441.05,USD,success,Tesco
T00007511,A000106,C000251,LV,credit,2026-09-30,447.77,USD,success,Bolt
T00006316,A000635,C000490,SE,credit,2026-09-30,32.87,USD,success,Spotify
T00002536,A000106,C000251,LV,credit,2026-09-30,287.90,USD,success,Wolt
T00006419,A000107,C000069,LT,credit,2026-09-30,147.33,EUR,success,Tesco
T00001637,A000633,C000132,EE,credit,2026-09-30,285.59,EUR,pending,Spotify
T00001106,A000375,C000199,SE,credit,2026-09-30,339.33,USD,success,Wolt
T00008783,A000330,C000365,FI,savings,2026-09-30,484.17,GBP,success,Bolt
T00000315,A000407,C000145,LV,savings,2026-09-30,12.39,USD,success,Rimi
T00000321,A000408,C000018,LV,credit,2026-09-30,157.80,USD,success,Bolt
T00008627,A000110,C000266,LV,savings,2026-09-30,108.31,USD,success,Airbnb
T00008266,A000631,C000304,SE,checking,2026-09-30,455.60,GBP,success,Airbnb
T00001459,A000684,C000150,FI,checking,2026-09-30,437.60,GBP,success,Airbnb
T00003330,A000630,C000049,LV,credit,2026-09-30,117.26,EUR,pending,Bolt
T00002963,A000031,C000014,LV,checking,2026-09-30,331.63,USD,success,Wolt
T00002161,A000713,C000354,EE,checking,2026-09-30,294.08,USD,success,IKEA
T00005392,A000734,C000253,EE,credit,2026-09-30,320.69,EUR,success,Netflix
T00009704,A000627,C000022,LV,credit,2026-09-30,440.07,EUR,success,IKEA
T00000716,A000114,C000409,SE,credit,2026-09-30,271.41,GBP,success,Bolt
T00005198,A000030,C000218,SE,checking,2026-09-30,417.25,EUR,success,Airbnb
T00004104,A000412,C000155,EE,checking,2026-09-30,189.47,EUR,success,Netflix
T00003454,A000412,C000155,EE,checking,2026-09-30,472.21,GBP,success,Airbnb
T00009810,A000626,C000353,SE,credit,2026-09-30,320.28,USD,success,Rimi
T00004009,A000625,C000311,EE,savings,2026-09-30,403.62,EUR,success,Airbnb
T00004368,A000625,C000311,EE,savings,2026-09-30,137.87,EUR,success,Amazon
T00007178,A000381,C000074,LT,credit,2026-09-30,258.23,EUR,success,Spotify
T00009935,A000030,C000218,SE,checking,2026-09-30,90.24,USD,success,Netflix
T00007761,A000714,C000017,FI,checking,2026-09-30,362.07,EUR,success,Tesco
T00007641,A000117,C000141,SE,savings,2026-09-30,384.20,GBP,success,Steam
T00001941,A000623,C000173,LV,credit,2026-09-30,211.02,GBP,success,Wolt
T00005830,A000742,C000248,FI,credit,2026-09-30,414.78,GBP,success,Tesco
T00002995,A000323,C000315,LT,savings,2026-09-30,129.53,EUR,success,IKEA
T00002633,A000393,C000457,FI,savings,2026-09-30,14.78,USD,failed,Amazon
T00007459,A000621,C000078,FI,credit,2026-09-30,175.88,USD,success,Bolt
T00008975,A000121,C000491,EE,savings,2026-09-30,94.86,GBP,success,Rimi
T00005516,A000416,C000309,EE,savings,2026-09-30,149.10,EUR,success,IKEA
T00000545,A000676,C000363,LT,savings,2026-09-30,9.64,EUR,success,Netflix
T00000204,A000122,C000235,LT,credit,2026-09-30,46.44,GBP,success,Wolt
T00007411,A000123,C000362,FI,savings,2026-09-30,243.62,USD,success,Amazon
T00005266,A000028,C000264,EE,checking,2026-09-30,475.82,EUR,success,Steam
T00009540,A000126,C000437,SE,credit,2026-09-30,62.08,GBP,success,Wolt
T00006627,A000126,C000437,SE,credit,2026-09-30,333.20,GBP,success,Amazon
T00007137,A000615,C000249,LV,credit,2026-09-30,408.07,GBP,success,Airbnb
T00000594,A000127,C000232,SE,savings,2026-09-30,106.10,EUR,success,Steam
T00000356,A000128,C000046,LV,credit,2026-09-30,346.74,EUR,success,IKEA
T00005610,A000614,C000083,LV,savings,2026-09-30,457.04,USD,success,Rimi
T00005663,A000614,C000083,LV,savings,2026-09-30,61.67,EUR,success,Amazon
T00006826,A000318,C000034,EE,credit,2026-09-30,125.01,GBP,failed,Spotify
T00003327,A000129,C000037,EE,checking,2026-09-30,193.59,GBP,success,Amazon
T00009691,A000421,C000106,SE,checking,2026-09-30,387.53,GBP,success,Bolt
T00000444,A000613,C000401,SE,checking,2026-09-30,344.90,GBP,success,Spotify
T00003456,A000130,C000173,LV,savings,2026-09-30,307.03,EUR,success,Netflix
T00005165,A000317,C000284,FI,checking,2026-09-30,423.53,GBP,success,Airbnb
T00009956,A000423,C000138,FI,credit,2026-09-30,462.27,EUR,success,Amazon
T00008550,A000423,C000138,FI,credit,2026-09-30,324.68,GBP,success,IKEA
T00007515,A000315,C000487,FI,savings,2026-09-30,358.47,EUR,success,Airbnb
T00002332,A000132,C000082,SE,checking,2026-09-30,179.87,USD,success,Airbnb
T00001908,A000717,C000214,FI,savings,2026-09-30,29.02,EUR,success,Amazon
T00008086,A000676,C000363,LT,savings,2026-09-30,499.22,GBP,failed,IKEA
T00000332,A000608,C000210,LV,savings,2026-09-30,229.12,GBP,success,Bolt
T00000927,A000718,C000265,FI,checking,2026-09-30,41.28,USD,success,Amazon
T00008115,A000313,C000285,LV,checking,2026-09-30,380.47,GBP,success,Wolt
T00006199,A000606,C000317,EE,checking,2026-09-30,94.05,EUR,failed,Netflix
T00000215,A000311,C000368,EE,savings,2026-09-30,468.89,USD,failed,Wolt
T00008656,A000603,C000437,SE,savings,2026-09-30,453.01,GBP,pending,Netflix
T00009968,A000429,C000055,SE,checking,2026-09-30,198.48,USD,success,Airbnb
T00003520,A000059,C000415,SE,credit,2026-09-30,411.08,USD,failed,Bolt
T00007409,A000429,C000055,SE,checking,2026-09-30,462.60,GBP,success,IKEA
T00005736,A000392,C000010,LT,credit,2026-09-30,214.00,GBP,success,Airbnb
T00007749,A000310,C000371,EE,savings,2026-09-30,146.70,USD,success,Rimi
T00005754,A000600,C000488,FI,savings,2026-09-30,412.16,EUR,success,Netflix
T00007391,A000146,C000255,FI,savings,2026-09-30,122.94,USD,success,Wolt
T00006555,A000065,C000137,LV,credit,2026-09-30,214.25,EUR,success,Netflix
T00002897,A000147,C000484,SE,credit,2026-09-30,178.19,GBP,success,Wolt
T00001872,A000596,C000113,LV,checking,2026-09-30,147.16,EUR,success,Steam
T00008466,A000306,C000228,LT,savings,2026-09-30,32.10,GBP,success,Wolt
T00001336,A000594,C000172,LV,checking,2026-09-30,27.96,EUR,pending,Netflix
T00006852,A000305,C000126,FI,checking,2026-09-30,212.23,GBP,success,Steam
T00004232,A000026,C000003,LT,checking,2026-09-30,121.84,EUR,success,Rimi
T00009646,A000305,C000126,FI,checking,2026-09-30,133.98,GBP,success,Wolt
T00001853,A000304,C000494,SE,savings,2026-09-30,118.35,GBP,success,Wolt
T00004912,A000152,C000416,FI,checking,2026-09-30,404.72,EUR,success,Steam
T00001299,A000152,C000416,FI,checking,2026-09-30,467.21,USD,success,Spotify
T00004358,A000382,C000013,LV,credit,2026-09-30,285.43,EUR,success,Amazon
T00003264,A000589,C000261,EE,checking,2026-09-30,319.80,GBP,success,Steam
T00006137,A000589,C000261,EE,checking,2026-09-30,278.71,GBP,success,Tesco
T00009348,A000675,C000482,LT,credit,2026-09-30,451.03,GBP,success,Wolt
T00009050,A000737,C000283,SE,savings,2026-09-30,360.61,GBP,success,Airbnb
T00004296,A000382,C000013,LV,credit,2026-09-30,9.29,USD,success,Spotify
T00002582,A000588,C000392,SE,checking,2026-09-30,108.03,EUR,success,Amazon
T00008945,A000303,C000132,EE,credit,2026-09-30,317.41,USD,success,Spotify
T00001800,A000058,C000251,LV,checking,2026-09-30,260.22,GBP,success,Bolt
T00004416,A000302,C000393,LT,credit,2026-09-30,43.12,EUR,failed,Amazon
T00007338,A000302,C000393,LT,credit,2026-09-30,359.81,GBP,success,Rimi
T00001864,A000720,C000001,SE,credit,2026-09-30,456.50,EUR,success,Wolt
T00001380,A000301,C000312,LT,savings,2026-09-30,354.40,EUR,success,IKEA
T00007090,A000372,C000096,FI,savings,2026-09-30,255.50,GBP,success,IKEA
T00004874,A000341,C000004,LT,credit,2026-09-30,162.47,EUR,success,Amazon
T00006179,A000585,C000363,LT,checking,2026-09-30,461.71,GBP,success,Bolt
T00008171,A000391,C000096,FI,savings,2026-09-30,225.77,GBP,success,Wolt
T00002977,A000066,C000341,EE,checking,2026-09-30,461.06,GBP,success,Tesco
T00000060,A000579,C000328,FI,savings,2026-09-30,304.76,GBP,success,IKEA
T00002316,A000579,C000328,FI,savings,2026-09-30,161.34,EUR,success,Steam
T00006448,A000445,C000173,LV,savings,2026-09-30,199.50,EUR,success,Airbnb
T00006891,A000296,C000361,EE,credit,2026-09-30,160.15,GBP,success,Netflix
T00000923,A000295,C000244,SE,checking,2026-09-30,341.97,USD,success,Bolt
T00008279,A000576,C000207,LT,credit,2026-09-30,213.08,USD,success,Steam
T00007813,A000023,C000204,SE,credit,2026-09-30,368.45,EUR,success,Spotify
T00004967,A000171,C000034,EE,checking,2026-09-30,72.40,USD,success,IKEA
T00002087,A000734,C000253,EE,credit,2026-09-30,227.35,USD,success,Rimi
T00006489,A000291,C000373,SE,credit,2026-09-30,249.50,USD,success,Netflix
T00006825,A000449,C000052,FI,checking,2026-09-30,359.36,EUR,success,IKEA
T00003474,A000172,C000459,LT,checking,2026-09-30,276.75,GBP,success,Tesco
T00006474,A000054,C000171,FI,checking,2026-09-30,387.10,USD,success,Bolt
T00003113,A000289,C000442,LV,savings,2026-09-30,67.12,GBP,success,Airbnb
T00008235,A000289,C000442,LV,savings,2026-09-30,417.43,GBP,success,IKEA
T00000390,A000288,C000038,SE,credit,2026-09-30,70.74,GBP,success,Wolt
T00007821,A000364,C000196,LT,credit,2026-09-30,402.28,USD,success,Netflix
T00007264,A000175,C000224,SE,checking,2026-09-30,221.48,EUR,success,Steam
T00009641,A000176,C000432,FI,savings,2026-09-30,218.37,GBP,success,Steam
T00008811,A000452,C000051,FI,checking,2026-09-30,28.64,EUR,success,Airbnb
T00000570,A000287,C000173,LV,checking,2026-09-30,231.36,USD,failed,Airbnb
T00004413,A000452,C000051,FI,checking,2026-09-30,281.49,EUR,success,IKEA
T00002532,A000011,C000150,FI,credit,2026-09-30,451.00,GBP,failed,Netflix
T00000767,A000563,C000406,SE,savings,2026-09-30,360.22,GBP,success,Airbnb
T00004360,A000287,C000173,LV,checking,2026-09-30,4.02,USD,success,Wolt
T00004175,A000067,C000474,EE,credit,2026-09-30,218.22,USD,success,Bolt
T00000419,A000453,C000330,LV,savings,2026-09-30,28.62,USD,success,Wolt
T00000828,A000284,C000109,SE,checking,2026-09-30,164.39,USD,success,Rimi
T00002549,A000284,C000109,SE,checking,2026-09-30,420.43,USD,success,Bolt
T00002886,A000724,C000411,FI,savings,2026-09-30,87.87,EUR,failed,IKEA
T00006559,A000455,C000060,EE,checking,2026-09-30,310.37,EUR,failed,Tesco
T00003427,A000182,C000230,FI,checking,2026-09-30,453.01,GBP,success,Bolt
T00003271,A000182,C000230,FI,checking,2026-09-30,267.47,GBP,success,Rimi
T00007962,A000559,C000499,FI,checking,2026-09-30,239.70,USD,failed,Steam
T00006946,A000283,C000443,SE,checking,2026-09-30,35.77,EUR,success,Bolt
T00003381,A000456,C000146,SE,credit,2026-09-30,27.67,USD,success,Amazon
T00002623,A000737,C000283,SE,savings,2026-09-30,73.21,GBP,success,Steam
T00005695,A000183,C000357,FI,savings,2026-09-30,271.85,EUR,success,Airbnb
T00005884,A000557,C000003,LT,savings,2026-09-30,31.63,USD,success,Steam
T00002962,A000369,C000387,LV,savings,2026-09-30,473.41,USD,success,Steam
T00001530,A000555,C000379,FI,credit,2026-09-30,152.46,GBP,success,Steam
T00003842,A000184,C000266,LV,savings,2026-09-30,174.76,USD,success,Tesco
T00006083,A000458,C000037,EE,checking,2026-09-30,231.70,GBP,success,Steam
T00006525,A000553,C000317,EE,savings,2026-09-30,53.88,GBP,success,IKEA
T00008164,A000011,C000150,FI,credit,2026-09-30,168.21,GBP,success,Amazon
T00006352,A000281,C000279,LT,savings,2026-09-30,63.24,GBP,success,Bolt
T00002985,A000186,C000047,LT,savings,2026-09-30,495.46,GBP,success,Wolt
T00007910,A000281,C000279,LT,savings,2026-09-30,266.25,GBP,success,Tesco
T00001413,A000053,C000422,EE,savings,2026-09-30,136.95,GBP,success,Steam
T00001554,A000459,C000297,LV,savings,2026-09-30,394.39,USD,success,Airbnb
T00008243,A000189,C000348,SE,checking,2026-09-30,475.85,GBP,success,Tesco
T00005994,A000369,C000387,LV,savings,2026-09-30,263.23,GBP,success,Bolt
T00009523,A000549,C000103,FI,savings,2026-09-30,242.66,EUR,success,Rimi
T00006016,A000279,C000246,EE,credit,2026-09-30,489.00,USD,success,IKEA
T00003480,A000548,C000411,FI,credit,2026-09-30,284.21,USD,success,Netflix
T00005926,A000547,C000459,LT,credit,2026-09-30,222.79,USD,success,Netflix
T00002037,A000462,C000250,LT,checking,2026-09-30,275.36,USD,failed,Amazon
T00009430,A000547,C000459,LT,credit,2026-09-30,347.60,EUR,success,Bolt
T00009854,A000463,C000116,LV,checking,2026-09-30,19.36,GBP,success,Steam
T00004871,A000194,C000334,LT,savings,2026-09-30,245.83,GBP,success,Spotify
T00000610,A000545,C000269,SE,savings,2026-09-30,200.74,USD,success,IKEA
T00007249,A000195,C000096,FI,checking,2026-09-30,160.98,EUR,success,Bolt
T00009988,A000545,C000269,SE,savings,2026-09-30,269.57,USD,success,Spotify
T00007751,A000196,C000326,FI,credit,2026-09-30,112.44,USD,success,Bolt
T00007593,A000196,C000326,FI,credit,2026-09-30,218.43,USD,success,Netflix
T00009088,A000672,C000029,SE,credit,2026-09-30,104.39,EUR,success,Steam
T00006266,A000275,C000005,FI,savings,2026-09-30,149.83,GBP,success,Bolt
T00003594,A000465,C000174,LV,checking,2026-09-30,155.45,EUR,success,Wolt
T00003090,A000200,C000016,LT,credit,2026-09-30,130.67,GBP,success,Wolt
T00004850,A000726,C000399,SE,checking,2026-09-30,115.77,USD,success,Steam
T00005236,A000539,C000043,LT,checking,2026-09-30,392.18,GBP,success,IKEA
T00006458,A000539,C000043,LT,checking,2026-09-30,452.68,USD,success,Bolt
T00005842,A000203,C000123,FI,savings,2026-09-30,25.85,GBP,success,IKEA
T00001895,A000203,C000123,FI,savings,2026-09-30,179.00,GBP,success,Steam
T00008856,A000469,C000254,FI,savings,2026-09-30,498.65,GBP,success,Tesco
T00007781,A000204,C000276,LT,savings,2026-09-30,143.98,EUR,success,Netflix
T00006305,A000389,C000265,FI,checking,2026-09-30,180.14,USD,success,Steam
T00005544,A000537,C000130,EE,credit,2026-09-30,33.68,USD,success,Steam
T00007843,A000205,C000172,LV,savings,2026-09-30,235.14,USD,success,Spotify
T00009589,A000537,C000130,EE,credit,2026-09-30,97.48,USD,success,Wolt
T00009568,A000536,C000199,SE,checking,2026-09-30,77.85,GBP,success,Airbnb
T00000034,A000469,C000254,FI,savings,2026-09-30,334.01,GBP,success,Netflix
T00008336,A000206,C000127,LT,credit,2026-09-30,3.42,EUR,success,Netflix
T00000722,A000534,C000396,SE,checking,2026-09-30,434.00,USD,success,Netflix
T00002246,A000534,C000396,SE,checking,2026-09-30,250.05,GBP,success,Tesco
T00005968,A000534,C000396,SE,checking,2026-09-30,135.05,GBP,success,Amazon
T00001976,A000018,C000059,LT,credit,2026-09-30,328.47,GBP,failed,Amazon
T00005983,A000472,C000098,FI,checking,2026-09-30,85.11,EUR,success,Netflix
T00004717,A000006,C000455,LV,checking,2026-09-30,399.56,GBP,success,Netflix
T00005159,A000728,C000034,EE,checking,2026-09-30,85.96,USD,success,Airbnb
T00005349,A000529,C000290,EE,savings,2026-09-30,458.13,USD,success,Netflix
T00002077,A000264,C000498,FI,checking,2026-09-30,454.81,USD,pending,Spotify
T00005359,A000264,C000498,FI,checking,2026-09-30,304.67,GBP,success,Airbnb
T00009952,A000526,C000175,SE,credit,2026-09-30,432.14,USD,success,Amazon
T00004276,A000525,C000353,SE,savings,2026-09-30,426.67,GBP,success,Amazon
T00002639,A000523,C000023,FI,checking,2026-09-30,12.20,USD,success,Tesco
T00008174,A000217,C000013,LV,savings,2026-09-30,468.28,USD,success,Tesco
T00007001,A000263,C000149,EE,checking,2026-09-30,42.24,EUR,success,Wolt
T00006808,A000218,C000461,LT,credit,2026-09-30,67.63,USD,success,Tesco
T00003303,A000262,C000116,LV,checking,2026-09-30,439.17,USD,success,Airbnb
T00003489,A000521,C000480,EE,credit,2026-09-30,392.21,GBP,success,Rimi
T00004741,A000521,C000480,EE,credit,2026-09-30,325.68,GBP,success,Netflix
T00003479,A000219,C000234,LV,savings,2026-09-30,324.96,USD,success,Tesco
T00002713,A000520,C000489,EE,checking,2026-09-30,368.26,USD,success,Rimi
T00009983,A000220,C000240,LV,credit,2026-09-30,161.89,GBP,success,Steam
T00006918,A000520,C000489,EE,checking,2026-09-30,197.90,EUR,success,Wolt
T00002970,A000477,C000182,SE,checking,2026-09-30,81.17,EUR,success,Wolt
T00001192,A000519,C000019,FI,checking,2026-09-30,20.94,USD,success,Netflix
T00000090,A000518,C000399,SE,savings,2026-09-30,233.70,EUR,success,Wolt
T00009593,A000346,C000133,EE,checking,2026-09-30,348.28,USD,success,Amazon
T00006065,A000385,C000078,FI,credit,2026-09-30,305.08,USD,success,Amazon
T00007471,A000669,C000447,EE,credit,2026-09-30,82.09,EUR,success,Airbnb
T00004998,A000515,C000056,LT,credit,2026-09-30,496.40,EUR,success,Spotify
T00001609,A000514,C000251,LV,credit,2026-09-30,454.17,USD,success,Bolt
T00003064,A000514,C000251,LV,credit,2026-09-30,292.62,USD,success,Steam
T00000505,A000224,C000064,FI,checking,2026-09-30,208.48,GBP,success,Spotify
T00008703,A000480,C000113,LV,checking,2026-09-30,480.71,USD,success,Rimi
T00008241,A000480,C000113,LV,checking,2026-09-30,120.98,GBP,success,Tesco
T00003336,A000514,C000251,LV,credit,2026-09-30,285.04,GBP,success,Wolt
T00007981,A000514,C000251,LV,credit,2026-09-30,322.41,GBP,failed,Tesco
T00002068,A000225,C000298,LT,credit,2026-09-30,296.71,EUR,success,Bolt
T00007953,A000480,C000113,LV,checking,2026-09-30,275.88,GBP,success,Spotify
T00001089,A000480,C000113,LV,checking,2026-09-30,183.39,USD,success,Tesco
T00004560,A000481,C000416,FI,checking,2026-09-30,70.68,EUR,success,Spotify
T00003974,A000511,C000469,LV,savings,2026-09-30,62.53,GBP,success,Airbnb
T00003406,A000227,C000260,SE,credit,2026-09-30,127.76,EUR,success,Bolt
T00008378,A000256,C000023,FI,checking,2026-09-30,363.09,USD,success,Steam
T00006530,A000228,C000061,EE,savings,2026-09-30,298.21,EUR,success,IKEA
T00003154,A000228,C000061,EE,savings,2026-09-30,190.89,USD,success,Tesco
T00004161,A000733,C000238,FI,checking,2026-09-30,123.15,USD,success,Rimi
T00009406,A000510,C000184,EE,savings,2026-09-30,180.52,EUR,success,Netflix
T00006010,A000733,C000238,FI,checking,2026-09-30,266.67,USD,success,Rimi
T00001267,A000732,C000382,LT,credit,2026-09-30,249.68,USD,success,IKEA
T00001845,A000509,C000165,LT,checking,2026-09-30,239.74,EUR,success,Tesco
T00001425,A000508,C000123,FI,credit,2026-09-30,170.75,GBP,success,Netflix
T00001625,A000484,C000428,EE,savings,2026-09-30,488.80,USD,success,Bolt
T00009268,A000558,C000225,FI,credit,2026-09-29,378.84,EUR,success,Airbnb
T00000564,A000455,C000060,EE,checking,2026-09-29,34.18,EUR,success,Rimi
T00003242,A000455,C000060,EE,checking,2026-09-29,253.16,USD,success,Netflix
T00005533,A000301,C000312,LT,savings,2026-09-29,355.58,GBP,success,Wolt
T00009849,A000039,C000052,FI,credit,2026-09-29,297.23,USD,success,Bolt
T00004839,A000606,C000317,EE,checking,2026-09-29,326.79,GBP,success,Tesco
T00005939,A000110,C000266,LV,savings,2026-09-29,79.22,EUR,success,Bolt
T00002436,A000283,C000443,SE,checking,2026-09-29,362.66,EUR,failed,Wolt
T00000379,A000121,C000491,EE,savings,2026-09-29,159.95,EUR,success,Amazon
T00008998,A000140,C000330,LV,savings,2026-09-29,494.80,EUR,success,Netflix
T00007311,A000030,C000218,SE,checking,2026-09-29,344.52,USD,failed,Netflix
T00002297,A000746,C000272,EE,savings,2026-09-29,371.25,USD,success,Tesco
T00002997,A000230,C000421,EE,checking,2026-09-29,386.82,GBP,success,Amazon
T00008502,A000737,C000283,SE,savings,2026-09-29,108.72,USD,success,Tesco
T00007996,A000745,C000012,LV,savings,2026-09-29,488.62,EUR,success,Wolt
T00008302,A000046,C000002,LT,checking,2026-09-29,78.01,USD,success,Spotify
T00005489,A000724,C000411,FI,savings,2026-09-29,19.87,GBP,success,IKEA
T00008686,A000516,C000047,LT,savings,2026-09-29,479.11,USD,success,Netflix
T00004478,A000300,C000288,FI,credit,2026-09-29,192.69,GBP,success,Tesco
T00008486,A000002,C000487,FI,credit,2026-09-29,439.22,GBP,success,Tesco
T00006359,A000285,C000444,LT,credit,2026-09-29,365.08,GBP,success,Rimi
T00001686,A000369,C000387,LV,savings,2026-09-29,395.42,EUR,success,Spotify
T00006125,A000615,C000249,LV,credit,2026-09-29,404.68,EUR,success,IKEA
T00007470,A000655,C000309,EE,credit,2026-09-29,311.49,EUR,success,Tesco
T00003465,A000364,C000196,LT,credit,2026-09-29,86.06,EUR,success,Airbnb
T00002133,A000044,C000294,EE,checking,2026-09-29,170.90,GBP,success,Wolt
T00000435,A000299,C000063,EE,savings,2026-09-29,393.14,GBP,success,Steam
T00008875,A000699,C000034,EE,savings,2026-09-29,76.06,GBP,failed,Bolt
T00001638,A000415,C000226,SE,credit,2026-09-29,258.39,USD,success,Bolt
T00004056,A000176,C000432,FI,savings,2026-09-29,429.55,USD,success,Spotify
T00009340,A000582,C000400,SE,checking,2026-09-29,274.51,GBP,success,Rimi
T00000674,A000644,C000136,LT,credit,2026-09-29,440.07,EUR,success,Steam
T00001693,A000350,C000344,EE,savings,2026-09-29,393.03,EUR,success,Wolt
T00009500,A000097,C000291,LT,savings,2026-09-29,72.18,EUR,success,Steam
T00007176,A000621,C000078,FI,credit,2026-09-29,491.57,GBP,success,Spotify
T00008762,A000407,C000145,LV,savings,2026-09-29,442.60,USD,success,Amazon
T00008779,A000443,C000495,LV,checking,2026-09-29,401.09,EUR,success,Netflix
T00003726,A000427,C000305,LT,savings,2026-09-29,427.62,USD,success,Spotify
T00002450,A000388,C000380,FI,credit,2026-09-29,8.52,GBP,success,Airbnb
T00004545,A000621,C000078,FI,credit,2026-09-29,316.65,USD,success,Amazon
T00002105,A000406,C000263,EE,checking,2026-09-29,255.12,GBP,success,Rimi
T00008990,A000370,C000268,LT,checking,2026-09-29,395.58,EUR,success,Spotify
T00008612,A000654,C000133,EE,savings,2026-09-29,415.72,EUR,success,Airbnb
T00007421,A000298,C000073,LV,savings,2026-09-29,20.90,EUR,success,Bolt
T00007103,A000699,C000034,EE,savings,2026-09-29,129.68,EUR,success,Bolt
T00008539,A000298,C000073,LV,savings,2026-09-29,115.28,USD,success,Bolt
T00006552,A000029,C000223,EE,credit,2026-09-29,336.60,USD,success,IKEA
T00004079,A000039,C000052,FI,credit,2026-09-29,276.84,EUR,success,Airbnb
T00007256,A000444,C000427,SE,checking,2026-09-29,137.76,USD,success,Bolt
T00008542,A000504,C000449,FI,credit,2026-09-29,408.94,GBP,success,Rimi
T00002383,A000175,C000224,SE,checking,2026-09-29,314.08,USD,success,Rimi
T00008921,A000096,C000245,LV,savings,2026-09-29,281.49,EUR,success,IKEA
T00000746,A000621,C000078,FI,credit,2026-09-29,305.81,GBP,success,Wolt
T00000142,A000043,C000241,LT,savings,2026-09-29,193.57,USD,success,Airbnb
T00003888,A000444,C000427,SE,checking,2026-09-29,464.10,GBP,success,Steam
T00009802,A000040,C000071,LV,savings,2026-09-29,78.45,EUR,success,Wolt
T00008559,A000088,C000497,EE,credit,2026-09-29,98.07,USD,success,Bolt
T00006944,A000028,C000264,EE,checking,2026-09-29,29.90,EUR,success,IKEA
T00006322,A000022,C000343,FI,savings,2026-09-29,83.91,USD,success,IKEA
T00007346,A000652,C000067,SE,checking,2026-09-29,355.97,USD,success,Tesco
T00003506,A000444,C000427,SE,checking,2026-09-29,494.11,USD,success,Tesco
T00005146,A000095,C000088,FI,credit,2026-09-29,162.82,EUR,success,Amazon
T00000768,A000217,C000013,LV,savings,2026-09-29,340.36,EUR,failed,IKEA
T00008638,A000634,C000114,EE,credit,2026-09-29,252.30,GBP,success,Bolt
T00009604,A000610,C000255,FI,savings,2026-09-29,343.57,USD,success,Airbnb
T00002086,A000163,C000384,LT,savings,2026-09-29,217.39,GBP,success,Bolt
T00005849,A000040,C000071,LV,savings,2026-09-29,449.84,GBP,success,Rimi
T00006614,A000714,C000017,FI,checking,2026-09-29,124.07,EUR,success,Wolt
T00000915,A000106,C000251,LV,credit,2026-09-29,362.03,EUR,success,Spotify
T00001439,A000567,C000376,LV,credit,2026-09-29,269.42,GBP,success,Spotify
T00008982,A000647,C000264,EE,credit,2026-09-29,276.99,USD,success,Steam
T00006775,A000003,C000098,FI,savings,2026-09-29,105.43,GBP,success,IKEA
T00008993,A000676,C000363,LT,savings,2026-09-29,311.19,EUR,success,Steam
T00008649,A000252,C000486,FI,checking,2026-09-29,139.74,EUR,pending,Amazon
T00004245,A000296,C000361,EE,credit,2026-09-29,355.36,USD,success,Bolt
T00001514,A000173,C000233,EE,credit,2026-09-29,54.07,GBP,success,Rimi
T00007750,A000328,C000142,FI,savings,2026-09-29,414.01,USD,failed,Tesco
T00000155,A000289,C000442,LV,savings,2026-09-29,9.56,EUR,success,Spotify
T00008520,A000652,C000067,SE,checking,2026-09-29,183.50,GBP,success,Airbnb
T00002595,A000106,C000251,LV,credit,2026-09-29,446.04,USD,success,Netflix
T00007046,A000290,C000478,LT,savings,2026-09-29,145.13,USD,success,Bolt
T00006782,A000172,C000459,LT,checking,2026-09-29,449.31,USD,pending,Bolt
T00007575,A000577,C000375,EE,checking,2026-09-29,198.72,USD,success,Spotify
T00000409,A000022,C000343,FI,savings,2026-09-29,252.27,USD,success,Amazon
T00001819,A000622,C000362,FI,savings,2026-09-29,343.65,EUR,success,Spotify
T00009345,A000518,C000399,SE,savings,2026-09-29,22.88,USD,success,Airbnb
T00003651,A000106,C000251,LV,credit,2026-09-29,458.24,EUR,failed,Airbnb
T00006241,A000478,C000362,FI,checking,2026-09-29,383.05,USD,success,Steam
T00001173,A000622,C000362,FI,savings,2026-09-29,48.82,GBP,failed,Steam
T00001345,A000569,C000368,EE,checking,2026-09-29,369.65,USD,success,Tesco
T00000273,A000569,C000368,EE,checking,2026-09-29,151.68,EUR,failed,Netflix
T00006573,A000109,C000371,EE,savings,2026-09-29,191.70,EUR,success,Amazon
T00006512,A000034,C000300,LT,savings,2026-09-29,453.40,USD,success,Tesco
T00000353,A000291,C000373,SE,credit,2026-09-29,25.80,GBP,success,Spotify
T00007321,A000170,C000092,SE,savings,2026-09-29,258.77,GBP,success,Bolt
T00002878,A000091,C000293,SE,savings,2026-09-29,13.26,GBP,success,Bolt
T00001972,A000448,C000129,SE,savings,2026-09-29,324.80,USD,success,Netflix
T00001088,A000292,C000287,LV,savings,2026-09-29,305.09,GBP,success,Steam
T00003683,A000448,C000129,SE,savings,2026-09-29,458.92,USD,failed,Rimi
T00007469,A000714,C000017,FI,checking,2026-09-29,481.74,USD,success,Steam
T00009823,A000010,C000282,FI,credit,2026-09-29,39.55,USD,success,Rimi
T00003203,A000379,C000349,LT,credit,2026-09-29,98.94,USD,success,Spotify
T00004207,A000414,C000427,SE,credit,2026-09-29,145.28,EUR,success,Wolt
T00001012,A000676,C000363,LT,savings,2026-09-29,152.22,USD,success,Steam
T00005419,A000168,C000101,EE,checking,2026-09-29,425.69,EUR,success,Spotify
T00008185,A000295,C000244,SE,checking,2026-09-29,353.72,GBP,success,Steam
T00009426,A000113,C000368,EE,credit,2026-09-29,173.82,USD,success,Steam
T00007567,A000117,C000141,SE,savings,2026-09-29,405.87,GBP,success,Amazon
T00008161,A000649,C000249,LV,credit,2026-09-29,177.22,EUR,success,IKEA
T00007734,A000338,C000123,FI,credit,2026-09-29,143.41,GBP,success,Rimi
T00000718,A000624,C000082,SE,savings,2026-09-29,12.89,EUR,success,Bolt
T00005400,A000004,C000410,LT,credit,2026-09-29,152.79,GBP,failed,Bolt
T00009039,A000215,C000320,SE,checking,2026-09-29,105.24,USD,success,Airbnb
T00007558,A000240,C000059,LT,savings,2026-09-29,428.11,USD,success,Tesco
T00009843,A000729,C000051,FI,checking,2026-09-29,238.25,EUR,success,Rimi
T00007901,A000214,C000361,EE,savings,2026-09-29,401.08,USD,success,IKEA
T00004707,A000632,C000169,LV,savings,2026-09-29,114.37,EUR,success,Wolt
T00007300,A000406,C000263,EE,checking,2026-09-29,92.11,EUR,success,Wolt
T00001083,A000351,C000229,SE,credit,2026-09-29,333.92,EUR,success,IKEA
T00005588,A000396,C000007,FI,credit,2026-09-29,91.77,GBP,success,Netflix
T00005553,A000419,C000146,SE,checking,2026-09-29,288.07,EUR,success,Spotify
T00003820,A000718,C000265,FI,checking,2026-09-29,480.19,EUR,failed,Steam
T00006622,A000228,C000061,EE,savings,2026-09-29,327.88,EUR,success,Tesco
T00001138,A000738,C000022,LV,savings,2026-09-29,457.29,USD,success,Steam
T00005959,A000028,C000264,EE,checking,2026-09-29,391.13,EUR,success,Netflix
T00004847,A000670,C000429,SE,savings,2026-09-29,226.42,EUR,success,Amazon
T00003872,A000218,C000461,LT,credit,2026-09-29,425.69,GBP,pending,Amazon
T00004615,A000262,C000116,LV,checking,2026-09-29,269.96,EUR,success,IKEA
T00002287,A000264,C000498,FI,checking,2026-09-29,290.19,USD,success,Tesco
T00009143,A000529,C000290,EE,savings,2026-09-29,318.98,USD,success,Tesco
T00001498,A000031,C000014,LV,checking,2026-09-29,41.45,GBP,success,Spotify
T00005255,A000529,C000290,EE,savings,2026-09-29,466.86,GBP,success,Rimi
T00004811,A000331,C000314,FI,credit,2026-09-29,92.09,USD,success,Steam
T00003177,A000144,C000358,EE,credit,2026-09-29,238.93,GBP,success,Steam
T00004341,A000529,C000290,EE,savings,2026-09-29,147.81,EUR,success,Tesco
T00001423,A000026,C000003,LT,checking,2026-09-29,485.11,EUR,success,IKEA
T00001516,A000670,C000429,SE,savings,2026-09-29,116.35,EUR,success,Steam
T00003792,A000372,C000096,FI,savings,2026-09-29,315.83,EUR,failed,Spotify
T00009112,A000492,C000458,EE,credit,2026-09-29,77.39,EUR,success,Wolt
T00009868,A000211,C000349,LT,checking,2026-09-29,66.00,USD,success,Spotify
T00001060,A000530,C000051,FI,savings,2026-09-29,97.82,GBP,success,Wolt
T00009453,A000671,C000253,EE,credit,2026-09-29,142.60,USD,success,IKEA
T00008965,A000210,C000144,FI,savings,2026-09-29,192.11,EUR,success,Bolt
T00003641,A000616,C000032,FI,savings,2026-09-29,112.81,USD,success,Netflix
T00006934,A000492,C000458,EE,credit,2026-09-29,354.44,USD,success,Tesco
T00007035,A000016,C000172,LV,checking,2026-09-29,313.60,USD,success,Steam
T00009200,A000534,C000396,SE,checking,2026-09-29,106.49,USD,success,Steam
T00002537,A000131,C000280,LT,credit,2026-09-29,193.06,GBP,success,Spotify
T00004076,A000310,C000371,EE,savings,2026-09-29,92.51,GBP,success,Wolt
T00004896,A000731,C000068,FI,checking,2026-09-29,446.29,GBP,success,Amazon
T00002058,A000125,C000268,LT,checking,2026-09-29,463.57,GBP,success,Tesco
T00001196,A000247,C000272,EE,checking,2026-09-29,132.61,USD,success,Tesco
T00000339,A000726,C000399,SE,checking,2026-09-29,307.23,USD,failed,Amazon
T00009942,A000257,C000243,LT,checking,2026-09-29,246.92,GBP,failed,Amazon
T00003649,A000600,C000488,FI,savings,2026-09-29,496.38,EUR,success,Netflix
T00009077,A000497,C000285,LV,savings,2026-09-29,201.43,EUR,success,Amazon
T00001504,A000685,C000492,FI,credit,2026-09-29,453.73,GBP,success,Bolt
T00001647,A000418,C000404,LT,credit,2026-09-29,124.21,USD,success,Rimi
T00000672,A000110,C000266,LV,savings,2026-09-29,160.29,EUR,success,IKEA
T00006906,A000600,C000488,FI,savings,2026-09-29,352.39,EUR,success,Bolt
T00007769,A000671,C000253,EE,credit,2026-09-29,120.68,USD,success,Airbnb
T00002674,A000243,C000101,EE,credit,2026-09-29,188.02,USD,success,Airbnb
T00003190,A000247,C000272,EE,checking,2026-09-29,46.21,EUR,success,Tesco
T00007604,A000470,C000226,SE,checking,2026-09-29,466.58,EUR,success,Wolt
T00007349,A000206,C000127,LT,credit,2026-09-29,344.86,GBP,success,IKEA
T00004480,A000599,C000021,FI,credit,2026-09-29,449.02,USD,success,Tesco
T00004974,A000247,C000272,EE,checking,2026-09-29,14.91,EUR,success,Spotify
T00000447,A000617,C000304,SE,savings,2026-09-29,489.39,USD,success,Steam
T00002134,A000475,C000406,SE,credit,2026-09-29,282.66,GBP,success,Rimi
T00008635,A000244,C000451,EE,savings,2026-09-29,240.93,USD,pending,Tesco
T00004299,A000536,C000199,SE,checking,2026-09-29,4.40,USD,success,IKEA
T00006953,A000738,C000022,LV,savings,2026-09-29,29.27,USD,success,IKEA
T00004204,A000010,C000282,FI,credit,2026-09-29,466.31,USD,success,IKEA
T00003363,A000469,C000254,FI,savings,2026-09-29,459.82,GBP,pending,Steam
T00005677,A000326,C000219,LV,checking,2026-09-29,211.49,USD,success,Netflix
T00005799,A000638,C000085,LV,savings,2026-09-29,68.65,USD,success,Wolt
T00006830,A000537,C000130,EE,credit,2026-09-29,173.71,USD,success,Bolt
T00009742,A000374,C000046,LV,savings,2026-09-29,203.58,USD,success,Spotify
T00007314,A000257,C000243,LT,checking,2026-09-29,278.16,GBP,success,Steam
T00004151,A000431,C000230,FI,savings,2026-09-29,130.67,USD,failed,Tesco
T00000220,A000737,C000283,SE,savings,2026-09-29,119.26,GBP,success,IKEA
T00003968,A000638,C000085,LV,savings,2026-09-29,414.20,EUR,success,Amazon
T00001176,A000608,C000210,LV,savings,2026-09-29,469.80,USD,success,Rimi
T00000329,A000417,C000421,EE,checking,2026-09-29,471.93,USD,success,Bolt
T00001453,A000537,C000130,EE,credit,2026-09-29,73.64,EUR,success,Airbnb
T00003890,A000469,C000254,FI,savings,2026-09-29,431.69,USD,success,Tesco
T00009951,A000388,C000380,FI,credit,2026-09-29,338.38,EUR,success,Wolt
T00008436,A000254,C000118,LT,savings,2026-09-29,430.06,USD,success,Airbnb
T00001759,A000016,C000172,LV,checking,2026-09-29,477.26,GBP,success,Rimi
T00003298,A000101,C000335,EE,checking,2026-09-29,313.47,GBP,success,Netflix
T00002244,A000203,C000123,FI,savings,2026-09-29,126.81,GBP,success,Rimi
T00002987,A000366,C000326,FI,checking,2026-09-29,182.93,GBP,success,Tesco
T00005263,A000308,C000429,SE,savings,2026-09-29,257.81,USD,success,Rimi
T00002824,A000676,C000363,LT,savings,2026-09-29,344.62,EUR,success,Amazon
T00007551,A000736,C000339,SE,checking,2026-09-29,416.38,GBP,failed,IKEA
T00008433,A000060,C000199,SE,savings,2026-09-29,248.12,EUR,success,Netflix
T00005851,A000735,C000056,LT,checking,2026-09-29,426.67,EUR,success,Airbnb
T00003238,A000148,C000078,FI,savings,2026-09-29,484.99,EUR,success,Amazon
T00004530,A000201,C000340,LV,credit,2026-09-29,434.33,GBP,success,Steam
T00005758,A000618,C000434,LT,credit,2026-09-29,285.81,EUR,success,Rimi
T00009819,A000692,C000268,LT,credit,2026-09-29,266.78,USD,success,Wolt
T00001841,A000368,C000259,SE,savings,2026-09-29,476.20,GBP,success,Netflix
T00000024,A000200,C000016,LT,credit,2026-09-29,105.01,EUR,success,Tesco
T00008670,A000057,C000458,EE,credit,2026-09-29,30.65,EUR,success,Rimi
T00002908,A000671,C000253,EE,credit,2026-09-29,82.73,EUR,success,Steam
T00008480,A000692,C000268,LT,credit,2026-09-29,407.63,GBP,success,IKEA
T00006224,A000719,C000481,EE,savings,2026-09-29,414.42,USD,success,Rimi
T00002321,A000272,C000294,EE,credit,2026-09-29,74.04,GBP,success,Rimi
T00005370,A000362,C000043,LT,credit,2026-09-29,78.19,USD,success,IKEA
T00000004,A000073,C000319,LV,savings,2026-09-29,166.24,GBP,success,Rimi
T00009003,A000033,C000071,LV,checking,2026-09-29,392.92,GBP,success,IKEA
T00008260,A000387,C000493,FI,checking,2026-09-29,466.31,GBP,success,Rimi
T00001555,A000354,C000009,FI,savings,2026-09-29,7.37,GBP,success,Spotify
T00009023,A000666,C000386,SE,checking,2026-09-29,394.20,GBP,success,Bolt
T00009056,A000150,C000299,SE,savings,2026-09-29,377.22,GBP,failed,Netflix
T00003869,A000362,C000043,LT,credit,2026-09-29,218.02,GBP,success,Tesco
T00009850,A000100,C000056,LT,checking,2026-09-29,157.43,USD,success,Airbnb
T00000367,A000595,C000231,LT,checking,2026-09-29,90.85,EUR,success,Rimi
T00004445,A000074,C000212,LV,savings,2026-09-29,191.72,EUR,success,Steam
T00002876,A000665,C000077,FI,credit,2026-09-29,16.66,GBP,success,Airbnb
T00002614,A000058,C000251,LV,checking,2026-09-29,174.99,EUR,success,Netflix
T00009385,A000404,C000034,EE,credit,2026-09-29,26.09,EUR,success,Amazon
T00000956,A000671,C000253,EE,credit,2026-09-29,17.96,USD,success,Bolt
T00009035,A000020,C000063,EE,credit,2026-09-29,39.28,USD,success,Steam
T00004047,A000465,C000174,LV,checking,2026-09-29,52.08,GBP,success,Wolt
T00003621,A000219,C000234,LV,savings,2026-09-29,393.23,EUR,success,Steam
T00005520,A000033,C000071,LV,checking,2026-09-29,247.10,USD,failed,Steam
T00005214,A000275,C000005,FI,savings,2026-09-29,321.03,USD,success,IKEA
T00002848,A000305,C000126,FI,checking,2026-09-29,378.25,EUR,success,Rimi
T00002478,A000335,C000275,LV,savings,2026-09-29,172.69,GBP,success,Netflix
T00005475,A000050,C000449,FI,checking,2026-09-29,432.25,GBP,success,Spotify
T00008326,A000075,C000184,EE,savings,2026-09-29,418.76,EUR,success,Spotify
T00002021,A000593,C000065,EE,credit,2026-09-29,275.73,EUR,success,Wolt
T00007038,A000070,C000191,FI,savings,2026-09-29,292.50,GBP,success,Tesco
T00008541,A000195,C000096,FI,checking,2026-09-29,12.85,EUR,success,Amazon
T00005404,A000228,C000061,EE,savings,2026-09-29,140.01,USD,success,Bolt
T00002978,A000482,C000152,FI,checking,2026-09-29,102.82,GBP,success,IKEA
T00005130,A000068,C000281,EE,credit,2026-09-29,366.12,GBP,success,Spotify
T00001586,A000053,C000422,EE,savings,2026-09-29,16.64,GBP,success,Rimi
T00003853,A000194,C000334,LT,savings,2026-09-29,488.69,EUR,success,IKEA
T00006698,A000013,C000282,FI,savings,2026-09-29,123.34,USD,success,Wolt
T00007837,A000619,C000216,LV,checking,2026-09-29,214.22,EUR,success,IKEA
T00007193,A000114,C000409,SE,credit,2026-09-29,108.24,GBP,failed,Amazon
T00004304,A000194,C000334,LT,savings,2026-09-29,37.91,USD,pending,Rimi
T00006841,A000276,C000343,FI,credit,2026-09-29,258.84,USD,success,Steam
T00009286,A000050,C000449,FI,checking,2026-09-29,84.01,GBP,success,IKEA
T00006849,A000546,C000156,LV,credit,2026-09-29,315.11,GBP,success,Spotify
T00002011,A000049,C000140,LT,savings,2026-09-29,129.67,GBP,success,Netflix
T00009423,A000509,C000165,LT,checking,2026-09-29,87.57,EUR,success,Steam
T00001534,A000361,C000170,LV,checking,2026-09-29,365.70,EUR,success,Bolt
T00004396,A000193,C000210,LV,checking,2026-09-29,185.70,EUR,success,Airbnb
T00001421,A000402,C000441,EE,savings,2026-09-29,475.11,USD,success,Bolt
T00006611,A000672,C000029,SE,credit,2026-09-29,362.85,USD,success,IKEA
T00004454,A000715,C000093,FI,checking,2026-09-29,312.67,USD,success,Rimi
T00008311,A000258,C000207,LT,credit,2026-09-29,19.55,EUR,success,Steam
T00009986,A000032,C000293,SE,savings,2026-09-29,221.09,EUR,success,Tesco
T00005934,A000694,C000354,EE,checking,2026-09-29,398.49,EUR,success,Netflix
T00007748,A000258,C000207,LT,credit,2026-09-29,271.45,GBP,success,Airbnb
T00005384,A000462,C000250,LT,checking,2026-09-29,449.76,USD,success,Tesco
T00005674,A000123,C000362,FI,savings,2026-09-29,332.41,GBP,failed,Amazon
T00007262,A000220,C000240,LV,credit,2026-09-29,482.25,GBP,success,Bolt
T00008045,A000462,C000250,LT,checking,2026-09-29,471.92,GBP,success,Steam
T00007330,A000378,C000281,EE,checking,2026-09-29,490.25,EUR,success,Netflix
T00007995,A000123,C000362,FI,savings,2026-09-29,420.24,EUR,success,Airbnb
T00004113,A000132,C000082,SE,checking,2026-09-29,29.73,EUR,success,Bolt
T00006274,A000642,C000109,SE,credit,2026-09-29,138.68,GBP,success,Wolt
T00000314,A000718,C000265,FI,checking,2026-09-29,79.79,GBP,success,Amazon
T00001721,A000376,C000281,EE,credit,2026-09-29,445.70,USD,success,Tesco
T00003868,A000047,C000231,LT,savings,2026-09-29,274.86,USD,success,Spotify
T00009592,A000715,C000093,FI,checking,2026-09-29,464.30,EUR,success,Airbnb
T00004017,A000036,C000448,SE,checking,2026-09-29,466.56,USD,success,IKEA
T00007711,A000388,C000380,FI,credit,2026-09-29,190.25,GBP,success,Wolt
T00002269,A000642,C000109,SE,credit,2026-09-29,66.73,EUR,success,Tesco
T00002085,A000610,C000255,FI,savings,2026-09-29,397.62,EUR,success,Rimi
T00003817,A000280,C000069,LT,checking,2026-09-29,260.89,EUR,success,Tesco
T00006491,A000057,C000458,EE,credit,2026-09-29,284.97,GBP,success,Rimi
T00000333,A000498,C000363,LT,credit,2026-09-29,275.00,USD,success,Steam
T00003903,A000551,C000363,LT,checking,2026-09-29,393.01,GBP,success,Netflix
T00001828,A000614,C000083,LV,savings,2026-09-29,130.96,GBP,success,Tesco
T00006350,A000629,C000403,EE,checking,2026-09-29,366.70,EUR,success,Spotify
T00002407,A000394,C000070,LV,savings,2026-09-29,3.16,GBP,success,Steam
T00000159,A000686,C000037,EE,savings,2026-09-29,169.60,GBP,success,IKEA
T00009869,A000225,C000298,LT,credit,2026-09-29,10.01,EUR,success,Bolt
T00007697,A000315,C000487,FI,savings,2026-09-29,99.09,EUR,success,Steam
T00003848,A000187,C000279,LT,savings,2026-09-29,96.31,GBP,success,Tesco
T00004427,A000725,C000408,LT,credit,2026-09-29,49.58,USD,failed,Tesco
T00006033,A000047,C000231,LT,savings,2026-09-29,402.86,EUR,success,IKEA
T00008068,A000080,C000362,FI,credit,2026-09-29,300.15,USD,success,Tesco
T00005210,A000186,C000047,LT,savings,2026-09-29,190.34,EUR,pending,Airbnb
T00006132,A000186,C000047,LT,savings,2026-09-29,172.32,GBP,success,IKEA
T00008837,A000186,C000047,LT,savings,2026-09-29,93.25,EUR,success,Airbnb
T00007799,A000438,C000298,LT,credit,2026-09-29,481.67,EUR,success,Tesco
T00000863,A000505,C000121,LV,checking,2026-09-29,300.00,USD,success,Tesco
T00004570,A000080,C000362,FI,credit,2026-09-29,146.88,GBP,success,Netflix
T00003803,A000319,C000408,LT,savings,2026-09-29,496.23,GBP,success,Steam
T00008062,A000047,C000231,LT,savings,2026-09-29,311.10,EUR,success,Amazon
T00003786,A000709,C000493,FI,savings,2026-09-29,44.74,USD,success,Rimi
T00004433,A000633,C000132,EE,credit,2026-09-29,493.76,USD,success,Rimi
T00009243,A000735,C000056,LT,checking,2026-09-29,461.49,GBP,success,Wolt
T00003671,A000740,C000194,LV,checking,2026-09-29,408.13,USD,success,Bolt
T00001287,A000398,C000191,FI,checking,2026-09-29,416.74,EUR,success,Netflix
T00007496,A000282,C000168,EE,savings,2026-09-29,499.47,GBP,success,IKEA
T00004293,A000115,C000015,LT,checking,2026-09-29,478.86,USD,success,Bolt
T00000876,A000668,C000344,EE,checking,2026-09-29,434.13,USD,success,Spotify
T00005232,A000555,C000379,FI,credit,2026-09-29,242.79,EUR,success,Amazon
T00002942,A000687,C000441,EE,credit,2026-09-29,194.28,GBP,success,Netflix
T00001521,A000362,C000043,LT,credit,2026-09-29,10.28,USD,success,Bolt
T00004146,A000697,C000381,LT,checking,2026-09-29,220.80,EUR,success,IKEA
T00006667,A000098,C000234,LV,credit,2026-09-29,209.05,GBP,success,Amazon
T00000560,A000067,C000474,EE,credit,2026-09-29,201.23,EUR,success,Netflix
T00003785,A000063,C000382,LT,savings,2026-09-29,407.50,USD,success,Netflix
T00004106,A000012,C000455,LV,savings,2026-09-29,393.96,USD,failed,Steam
T00000552,A000183,C000357,FI,savings,2026-09-29,316.34,USD,success,Amazon
T00003125,A000301,C000312,LT,savings,2026-09-28,12.07,EUR,success,Bolt
T00002308,A000388,C000380,FI,credit,2026-09-28,470.50,EUR,success,Amazon
T00008176,A000423,C000138,FI,credit,2026-09-28,86.74,GBP,success,Wolt
T00004181,A000361,C000170,LV,checking,2026-09-28,313.78,EUR,success,Steam
T00009118,A000632,C000169,LV,savings,2026-09-28,494.77,USD,success,Amazon
T00008421,A000706,C000417,LV,credit,2026-09-28,349.65,EUR,failed,Rimi
T00005141,A000237,C000435,FI,savings,2026-09-28,492.41,GBP,success,IKEA
T00007107,A000609,C000349,LT,checking,2026-09-28,156.41,USD,success,Airbnb
T00008142,A000425,C000418,LV,checking,2026-09-28,84.42,GBP,success,Wolt
T00001509,A000608,C000210,LV,savings,2026-09-28,139.63,GBP,success,Steam
T00003420,A000510,C000184,EE,savings,2026-09-28,108.92,EUR,failed,Bolt
T00004636,A000608,C000210,LV,savings,2026-09-28,181.33,EUR,success,Amazon
T00002425,A000741,C000250,LT,credit,2026-09-28,159.18,EUR,failed,Amazon
T00007047,A000138,C000307,FI,savings,2026-09-28,7.81,EUR,success,Rimi
T00005840,A000108,C000089,FI,checking,2026-09-28,12.15,EUR,success,Rimi
T00008032,A000108,C000089,FI,checking,2026-09-28,272.14,USD,failed,Amazon
T00002740,A000742,C000248,FI,credit,2026-09-28,257.31,EUR,success,Tesco
T00007608,A000355,C000087,FI,credit,2026-09-28,176.76,GBP,success,Bolt
T00001327,A000003,C000098,FI,savings,2026-09-28,338.61,EUR,success,Netflix
T00005271,A000139,C000420,FI,checking,2026-09-28,473.78,USD,success,Spotify
T00003337,A000139,C000420,FI,checking,2026-09-28,225.16,EUR,success,Rimi
T00008474,A000686,C000037,EE,savings,2026-09-28,219.60,EUR,success,Bolt
T00007727,A000140,C000330,LV,savings,2026-09-28,331.20,GBP,success,Bolt
T00003798,A000330,C000365,FI,savings,2026-09-28,300.95,USD,success,Amazon
T00001318,A000427,C000305,LT,savings,2026-09-28,136.88,GBP,success,Airbnb
T00005275,A000141,C000170,LV,savings,2026-09-28,42.16,GBP,success,IKEA
T00002128,A000406,C000263,EE,checking,2026-09-28,382.22,EUR,pending,Netflix
T00000008,A000395,C000193,EE,credit,2026-09-28,488.10,GBP,success,Steam
T00000393,A000604,C000085,LV,checking,2026-09-28,234.86,USD,success,Steam
T00000212,A000427,C000305,LT,savings,2026-09-28,132.31,GBP,success,Wolt
T00002645,A000032,C000293,SE,savings,2026-09-28,346.54,GBP,success,Steam
T00005407,A000055,C000025,FI,credit,2026-09-28,356.08,USD,success,Netflix
T00009636,A000311,C000368,EE,savings,2026-09-28,355.46,EUR,pending,Tesco
T00005698,A000335,C000275,LV,savings,2026-09-28,261.66,EUR,success,Bolt
T00008500,A000104,C000047,LT,savings,2026-09-28,165.66,EUR,success,Netflix
T00009872,A000376,C000281,EE,credit,2026-09-28,420.89,GBP,success,Amazon
T00003719,A000429,C000055,SE,checking,2026-09-28,289.08,USD,failed,Rimi
T00005780,A000145,C000160,LT,credit,2026-09-28,306.85,GBP,success,Spotify
T00004658,A000686,C000037,EE,savings,2026-09-28,451.52,GBP,success,Steam
T00001050,A000429,C000055,SE,checking,2026-09-28,436.93,EUR,success,IKEA
T00006898,A000508,C000123,FI,credit,2026-09-28,324.44,EUR,success,Rimi
T00008586,A000310,C000371,EE,savings,2026-09-28,93.55,GBP,failed,Spotify
T00006798,A000507,C000338,SE,credit,2026-09-28,346.49,USD,success,Netflix
T00000800,A000102,C000395,FI,credit,2026-09-28,126.05,USD,success,Tesco
T00002588,A000712,C000385,LV,credit,2026-09-28,137.40,GBP,success,Amazon
T00004859,A000309,C000212,LV,credit,2026-09-28,219.57,GBP,success,Bolt
T00007199,A000062,C000023,FI,credit,2026-09-28,255.87,GBP,success,Rimi
T00004376,A000432,C000487,FI,credit,2026-09-28,159.00,GBP,success,Netflix
T00000484,A000230,C000421,EE,checking,2026-09-28,377.78,USD,success,Steam
T00005722,A000101,C000335,EE,checking,2026-09-28,198.34,USD,success,Wolt
T00008175,A000359,C000470,LV,checking,2026-09-28,399.30,GBP,success,IKEA
T00008090,A000597,C000361,EE,savings,2026-09-28,414.39,USD,success,Netflix
T00000455,A000149,C000211,FI,savings,2026-09-28,370.25,GBP,success,Tesco
T00009474,A000435,C000171,FI,credit,2026-09-28,296.39,EUR,success,IKEA
T00000957,A000304,C000494,SE,savings,2026-09-28,266.32,GBP,success,Spotify
T00009563,A000379,C000349,LT,credit,2026-09-28,146.76,USD,failed,Bolt
T00003610,A000641,C000282,FI,credit,2026-09-28,178.48,USD,success,Wolt
T00006158,A000436,C000456,LT,checking,2026-09-28,259.86,USD,success,Amazon
T00008821,A000153,C000357,FI,savings,2026-09-28,16.12,EUR,pending,IKEA
T00001773,A000641,C000282,FI,credit,2026-09-28,257.83,EUR,success,Airbnb
T00003130,A000303,C000132,EE,credit,2026-09-28,89.36,USD,success,Rimi
T00003547,A000303,C000132,EE,credit,2026-09-28,35.47,EUR,success,Bolt
T00007512,A000510,C000184,EE,savings,2026-09-28,185.60,GBP,success,IKEA
T00002554,A000098,C000234,LV,credit,2026-09-28,23.60,USD,success,Amazon
T00003485,A000588,C000392,SE,checking,2026-09-28,254.39,USD,success,Airbnb
T00007495,A000588,C000392,SE,checking,2026-09-28,268.69,GBP,success,IKEA
T00000569,A000587,C000005,FI,credit,2026-09-28,416.14,GBP,success,Tesco
T00009161,A000252,C000486,FI,checking,2026-09-28,388.03,EUR,success,Amazon
T00006487,A000372,C000096,FI,savings,2026-09-28,63.18,EUR,failed,IKEA
T00002660,A000155,C000467,SE,savings,2026-09-28,471.54,EUR,success,Netflix
T00006326,A000438,C000298,LT,credit,2026-09-28,87.11,GBP,success,Spotify
T00008141,A000741,C000250,LT,credit,2026-09-28,88.54,USD,failed,Airbnb
T00006207,A000157,C000074,LT,checking,2026-09-28,345.54,GBP,pending,Netflix
T00002303,A000025,C000265,FI,checking,2026-09-28,188.65,EUR,success,Bolt
T00007206,A000684,C000150,FI,checking,2026-09-28,134.59,EUR,success,Steam
T00005413,A000261,C000279,LT,credit,2026-09-28,400.09,USD,success,Amazon
T00004989,A000039,C000052,FI,credit,2026-09-28,84.21,GBP,success,Airbnb
T00001101,A000097,C000291,LT,savings,2026-09-28,412.36,GBP,success,Netflix
T00009263,A000066,C000341,EE,checking,2026-09-28,103.33,EUR,success,IKEA
T00002421,A000097,C000291,LT,savings,2026-09-28,66.76,GBP,success,Bolt
T00008103,A000066,C000341,EE,checking,2026-09-28,335.56,USD,success,Wolt
T00003328,A000441,C000205,SE,checking,2026-09-28,109.69,USD,success,Airbnb
T00008262,A000161,C000062,EE,credit,2026-09-28,240.45,EUR,failed,Spotify
T00003018,A000442,C000134,FI,checking,2026-09-28,79.65,EUR,success,Rimi
T00005696,A000298,C000073,LV,savings,2026-09-28,254.85,USD,success,Steam
T00006394,A000645,C000018,LV,checking,2026-09-28,133.20,GBP,success,Spotify
T00008640,A000581,C000431,LT,credit,2026-09-28,326.50,USD,failed,Airbnb
T00008395,A000358,C000213,SE,savings,2026-09-28,305.79,USD,success,Wolt
T00005733,A000703,C000175,SE,credit,2026-09-28,51.22,GBP,success,IKEA
T00000689,A000162,C000176,LV,checking,2026-09-28,309.22,USD,success,IKEA
T00009018,A000163,C000384,LT,savings,2026-09-28,417.48,GBP,success,Steam
T00005560,A000706,C000417,LV,credit,2026-09-28,414.48,USD,success,Spotify
T00008577,A000397,C000474,EE,checking,2026-09-28,443.28,USD,success,Bolt
T00005848,A000578,C000404,LT,checking,2026-09-28,208.62,GBP,failed,Airbnb
T00002159,A000444,C000427,SE,checking,2026-09-28,473.37,EUR,success,Spotify
T00007689,A000578,C000404,LT,checking,2026-09-28,487.00,USD,success,IKEA
T00001610,A000577,C000375,EE,checking,2026-09-28,55.87,EUR,failed,Tesco
T00002189,A000711,C000414,LT,credit,2026-09-28,479.89,USD,success,IKEA
T00004687,A000164,C000015,LT,savings,2026-09-28,362.90,USD,success,Airbnb
T00000960,A000702,C000223,EE,checking,2026-09-28,418.49,GBP,success,Bolt
T00001085,A000703,C000175,SE,credit,2026-09-28,394.70,GBP,success,Netflix
T00006182,A000165,C000061,EE,credit,2026-09-28,455.11,GBP,success,Tesco
T00003896,A000165,C000061,EE,credit,2026-09-28,29.48,EUR,success,Rimi
T00000137,A000721,C000105,FI,credit,2026-09-28,484.39,GBP,success,Tesco
T00009026,A000166,C000246,EE,credit,2026-09-28,363.54,USD,success,Amazon
T00005637,A000574,C000237,EE,savings,2026-09-28,387.04,GBP,success,IKEA
T00007658,A000574,C000237,EE,savings,2026-09-28,377.66,USD,success,Spotify
T00003926,A000702,C000223,EE,checking,2026-09-28,4.31,GBP,success,Spotify
T00002687,A000166,C000246,EE,credit,2026-09-28,89.01,USD,success,Steam
T00009747,A000649,C000249,LV,credit,2026-09-28,186.76,GBP,success,Tesco
T00006027,A000722,C000046,LV,credit,2026-09-28,87.50,USD,success,Airbnb
T00001212,A000293,C000232,SE,checking,2026-09-28,317.71,GBP,success,Amazon
T00004693,A000092,C000134,FI,checking,2026-09-28,32.44,EUR,success,Rimi
T00004490,A000168,C000101,EE,checking,2026-09-28,57.64,EUR,success,Tesco
T00001335,A000292,C000287,LV,savings,2026-09-28,371.44,GBP,success,Airbnb
T00005689,A000169,C000242,FI,checking,2026-09-28,12.43,GBP,success,Tesco
T00000953,A000008,C000186,LT,checking,2026-09-28,164.54,EUR,success,Amazon
T00002832,A000700,C000205,SE,checking,2026-09-28,364.71,EUR,success,Airbnb
T00004661,A000700,C000205,SE,checking,2026-09-28,220.25,EUR,success,Wolt
T00007743,A000170,C000092,SE,savings,2026-09-28,448.26,USD,failed,Wolt
T00000877,A000448,C000129,SE,savings,2026-09-28,369.36,EUR,success,Netflix
T00002163,A000699,C000034,EE,savings,2026-09-28,114.09,GBP,success,Netflix
T00002715,A000747,C000422,EE,savings,2026-09-28,285.52,USD,success,Tesco
T00006118,A000171,C000034,EE,checking,2026-09-28,303.76,EUR,success,Steam
T00003685,A000229,C000208,FI,savings,2026-09-28,169.49,EUR,success,Amazon
T00009665,A000023,C000204,SE,credit,2026-09-28,420.05,EUR,pending,Wolt
T00001733,A000057,C000458,EE,credit,2026-09-28,248.88,GBP,success,Rimi
T00002841,A000517,C000338,SE,credit,2026-09-28,262.92,USD,success,Amazon
T00003183,A000517,C000338,SE,credit,2026-09-28,367.43,EUR,success,Steam
T00002583,A000568,C000300,LT,checking,2026-09-28,106.07,GBP,success,Airbnb
T00007371,A000173,C000233,EE,credit,2026-09-28,136.11,USD,failed,IKEA
T00002673,A000486,C000307,FI,credit,2026-09-28,395.89,GBP,success,Airbnb
T00004742,A000652,C000067,SE,checking,2026-09-28,343.32,EUR,success,Netflix
T00008983,A000175,C000224,SE,checking,2026-09-28,258.78,USD,success,Steam
T00001259,A000723,C000438,LT,credit,2026-09-28,431.24,GBP,success,Amazon
T00001322,A000037,C000059,LT,checking,2026-09-28,123.19,USD,success,Tesco
T00006127,A000175,C000224,SE,checking,2026-09-28,73.70,GBP,success,Tesco
T00005845,A000566,C000056,LT,checking,2026-09-28,36.10,USD,success,Tesco
T00001858,A000175,C000224,SE,checking,2026-09-28,176.33,EUR,success,Wolt
T00001566,A000175,C000224,SE,checking,2026-09-28,26.80,USD,success,Rimi
T00004442,A000087,C000270,FI,credit,2026-09-28,340.22,GBP,success,Wolt
T00008650,A000517,C000338,SE,credit,2026-09-28,293.20,GBP,success,IKEA
T00005944,A000565,C000045,FI,credit,2026-09-28,377.22,GBP,success,Netflix
T00006915,A000565,C000045,FI,credit,2026-09-28,243.64,GBP,success,Tesco
T00007435,A000087,C000270,FI,credit,2026-09-28,188.40,USD,success,Amazon
T00009606,A000177,C000115,FI,savings,2026-09-28,274.71,USD,success,IKEA
T00006904,A000223,C000070,LV,savings,2026-09-28,1.28,GBP,success,Amazon
T00003797,A000668,C000344,EE,checking,2026-09-28,18.67,EUR,success,IKEA
T00002126,A000563,C000406,SE,savings,2026-09-28,66.36,EUR,success,Wolt
T00003894,A000287,C000173,LV,checking,2026-09-28,333.60,GBP,success,Airbnb
T00007402,A000453,C000330,LV,savings,2026-09-28,77.28,EUR,success,Netflix
T00003181,A000698,C000387,LV,credit,2026-09-28,230.31,EUR,success,Steam
T00004051,A000673,C000446,LV,savings,2026-09-28,125.51,EUR,success,Rimi
T00006894,A000286,C000310,SE,checking,2026-09-28,353.95,EUR,success,Steam
T00003287,A000655,C000309,EE,credit,2026-09-28,332.79,USD,pending,Airbnb
T00002773,A000369,C000387,LV,savings,2026-09-28,440.84,GBP,success,Wolt
T00003504,A000698,C000387,LV,credit,2026-09-28,107.78,GBP,success,Amazon
T00005267,A000746,C000272,EE,savings,2026-09-28,111.91,EUR,success,IKEA
T00002657,A000179,C000018,LV,credit,2026-09-28,460.16,GBP,success,Airbnb
T00004098,A000561,C000129,SE,checking,2026-09-28,177.45,USD,success,Spotify
T00005996,A000698,C000387,LV,credit,2026-09-28,415.55,USD,success,Amazon
T00000587,A000401,C000469,LV,savings,2026-09-28,471.69,USD,success,Airbnb
T00006574,A000005,C000328,FI,savings,2026-09-28,441.85,GBP,success,Netflix
T00009294,A000560,C000250,LT,credit,2026-09-28,155.14,GBP,success,Rimi
T00002521,A000034,C000300,LT,savings,2026-09-28,134.40,USD,success,Amazon
T00003612,A000559,C000499,FI,checking,2026-09-28,334.76,USD,failed,Spotify
T00007031,A000182,C000230,FI,checking,2026-09-28,405.68,GBP,success,Rimi
T00005686,A000083,C000444,LT,credit,2026-09-28,199.98,USD,success,Amazon
T00008979,A000224,C000064,FI,checking,2026-09-28,489.91,USD,success,Airbnb
T00006547,A000358,C000213,SE,savings,2026-09-28,298.49,EUR,success,Steam
T00003532,A000282,C000168,EE,savings,2026-09-28,288.81,USD,success,Tesco
T00003038,A000229,C000208,FI,savings,2026-09-28,123.74,USD,success,IKEA
T00007232,A000224,C000064,FI,checking,2026-09-28,214.67,EUR,success,Wolt
T00001545,A000456,C000146,SE,credit,2026-09-28,298.37,USD,success,Amazon
T00000571,A000377,C000499,FI,savings,2026-09-28,172.52,GBP,failed,Wolt
T00006970,A000658,C000090,LV,credit,2026-09-28,37.74,GBP,failed,Amazon
T00004760,A000185,C000188,EE,credit,2026-09-28,281.70,EUR,success,Amazon
T00008078,A000554,C000236,LT,checking,2026-09-28,206.00,EUR,success,Amazon
T00002296,A000342,C000084,LT,credit,2026-09-28,31.69,USD,failed,Spotify
T00005374,A000697,C000381,LT,checking,2026-09-28,312.86,EUR,success,Amazon
T00007290,A000186,C000047,LT,savings,2026-09-28,140.29,USD,success,Wolt
T00009017,A000459,C000297,LV,savings,2026-09-28,9.96,USD,success,Rimi
T00004627,A000186,C000047,LT,savings,2026-09-28,324.74,USD,success,IKEA
T00002629,A000459,C000297,LV,savings,2026-09-28,14.19,EUR,success,Amazon
T00005826,A000080,C000362,FI,credit,2026-09-28,288.35,EUR,success,Spotify
T00004330,A000507,C000338,SE,credit,2026-09-28,97.97,USD,success,Bolt
T00005649,A000697,C000381,LT,checking,2026-09-28,257.59,GBP,success,Amazon
T00004053,A000187,C000279,LT,savings,2026-09-28,74.83,USD,success,Steam
T00009259,A000281,C000279,LT,savings,2026-09-28,57.93,EUR,success,Rimi
T00000349,A000280,C000069,LT,checking,2026-09-28,64.97,EUR,success,Tesco
T00002838,A000079,C000205,SE,savings,2026-09-28,26.21,GBP,success,Tesco
T00002444,A000681,C000355,FI,savings,2026-09-28,213.25,EUR,success,Steam
T00005923,A000659,C000129,SE,savings,2026-09-28,361.50,USD,success,Bolt
T00009883,A000189,C000348,SE,checking,2026-09-28,251.89,GBP,success,Amazon
T00008073,A000254,C000118,LT,savings,2026-09-28,303.90,GBP,success,Rimi
T00003407,A000672,C000029,SE,credit,2026-09-28,447.26,USD,success,IKEA
T00006374,A000280,C000069,LT,checking,2026-09-28,183.90,EUR,success,Spotify
T00007134,A000190,C000436,LT,savings,2026-09-28,275.72,EUR,success,Wolt
T00006397,A000460,C000414,LT,credit,2026-09-28,104.70,EUR,success,Tesco
T00006900,A000280,C000069,LT,checking,2026-09-28,13.57,GBP,success,Netflix
T00009920,A000697,C000381,LT,checking,2026-09-28,234.74,EUR,success,Amazon
T00004432,A000190,C000436,LT,savings,2026-09-28,416.52,USD,success,Netflix
T00004501,A000708,C000056,LT,savings,2026-09-28,334.13,EUR,success,Amazon
T00008356,A000661,C000028,SE,credit,2026-09-28,488.67,GBP,success,Bolt
T00004199,A000661,C000028,SE,credit,2026-09-28,140.10,EUR,success,Steam
T00008360,A000369,C000387,LV,savings,2026-09-28,174.25,GBP,success,Amazon
T00000789,A000548,C000411,FI,credit,2026-09-28,430.77,GBP,success,Airbnb
T00009836,A000695,C000214,FI,checking,2026-09-28,307.69,EUR,success,Wolt
T00000001,A000276,C000343,FI,credit,2026-09-28,341.61,USD,success,Wolt
T00002066,A000509,C000165,LT,checking,2026-09-28,73.68,GBP,success,Wolt
T00001469,A000001,C000399,SE,savings,2026-09-28,477.69,USD,success,Tesco
T00008205,A000463,C000116,LV,checking,2026-09-28,300.50,USD,success,Spotify
T00006653,A000276,C000343,FI,credit,2026-09-28,9.39,USD,success,Wolt
T00007227,A000038,C000401,SE,checking,2026-09-28,452.98,GBP,success,Bolt
T00003491,A000463,C000116,LV,checking,2026-09-28,434.97,GBP,success,Steam
T00009194,A000017,C000304,SE,savings,2026-09-28,258.41,GBP,success,Rimi
T00001066,A000225,C000298,LT,credit,2026-09-28,163.73,EUR,failed,Netflix
T00008564,A000465,C000174,LV,checking,2026-09-28,147.51,USD,success,Steam
T00006976,A000544,C000081,SE,checking,2026-09-28,381.58,USD,success,Steam
T00002396,A000335,C000275,LV,savings,2026-09-28,248.27,USD,success,Bolt
T00004094,A000543,C000304,SE,credit,2026-09-28,33.19,GBP,failed,Netflix
T00008906,A000197,C000147,LV,credit,2026-09-28,42.51,GBP,success,Amazon
T00008039,A000038,C000401,SE,checking,2026-09-28,360.10,GBP,success,Steam
T00003810,A000053,C000422,EE,savings,2026-09-28,482.99,EUR,success,Rimi
T00008342,A000274,C000133,EE,checking,2026-09-28,135.84,EUR,success,Spotify
T00002668,A000050,C000449,FI,checking,2026-09-28,130.29,USD,failed,Netflix
T00006630,A000541,C000470,LV,savings,2026-09-28,474.11,GBP,success,Spotify
T00007691,A000541,C000470,LV,savings,2026-09-28,185.07,EUR,success,Rimi
T00006081,A000666,C000386,SE,checking,2026-09-28,229.53,USD,success,Steam
T00007443,A000272,C000294,EE,credit,2026-09-28,273.03,EUR,success,Tesco
T00004614,A000073,C000319,LV,savings,2026-09-28,464.80,EUR,success,Steam
T00005177,A000201,C000340,LV,credit,2026-09-28,484.55,USD,success,IKEA
T00001603,A000334,C000117,EE,savings,2026-09-28,440.49,GBP,success,Rimi
T00006071,A000058,C000251,LV,checking,2026-09-28,341.40,EUR,pending,Bolt
T00009958,A000202,C000412,EE,savings,2026-09-28,189.87,EUR,success,Wolt
T00009131,A000202,C000412,EE,savings,2026-09-28,98.10,EUR,success,Bolt
T00008402,A000467,C000172,LV,checking,2026-09-28,304.43,GBP,success,Steam
T00001873,A000072,C000148,LV,credit,2026-09-28,33.06,USD,success,Spotify
T00006156,A000202,C000412,EE,savings,2026-09-28,78.54,GBP,success,Rimi
T00004762,A000072,C000148,LV,credit,2026-09-28,68.02,USD,failed,Netflix
T00004922,A000539,C000043,LT,checking,2026-09-28,426.88,GBP,failed,Spotify
T00008944,A000272,C000294,EE,credit,2026-09-28,265.40,EUR,success,Steam
T00004878,A000202,C000412,EE,savings,2026-09-28,441.47,USD,success,Steam
T00000208,A000202,C000412,EE,savings,2026-09-28,39.48,GBP,success,Bolt
T00006704,A000667,C000198,FI,credit,2026-09-28,277.52,EUR,failed,Airbnb
T00004724,A000368,C000259,SE,savings,2026-09-28,114.10,EUR,success,Wolt
T00007070,A000506,C000437,SE,checking,2026-09-28,285.96,GBP,success,Spotify
T00001503,A000737,C000283,SE,savings,2026-09-28,396.06,USD,success,Amazon
T00002148,A000493,C000053,EE,savings,2026-09-28,363.57,EUR,success,Airbnb
T00006168,A000469,C000254,FI,savings,2026-09-28,48.29,GBP,success,Amazon
T00003197,A000493,C000053,EE,savings,2026-09-28,99.06,EUR,success,Bolt
T00008290,A000205,C000172,LV,savings,2026-09-28,258.20,EUR,success,IKEA
T00008317,A000537,C000130,EE,credit,2026-09-28,465.52,USD,success,Airbnb
T00002667,A000668,C000344,EE,checking,2026-09-28,351.57,EUR,success,Bolt
T00008419,A000486,C000307,FI,credit,2026-09-28,248.43,USD,success,Airbnb
T00000997,A000205,C000172,LV,savings,2026-09-28,65.28,EUR,success,Tesco
T00001091,A000367,C000072,FI,credit,2026-09-28,422.06,USD,success,Bolt
T00005438,A000232,C000127,LT,credit,2026-09-28,176.06,EUR,success,Airbnb
T00006464,A000535,C000342,EE,checking,2026-09-28,242.70,EUR,failed,Wolt
T00008349,A000496,C000190,LT,credit,2026-09-28,233.96,GBP,failed,Bolt
T00009001,A000207,C000153,EE,savings,2026-09-28,473.07,USD,success,IKEA
T00003062,A000268,C000213,SE,checking,2026-09-28,172.20,EUR,success,Amazon
T00004460,A000207,C000153,EE,savings,2026-09-28,437.57,EUR,success,Airbnb
T00005442,A000534,C000396,SE,checking,2026-09-28,285.61,GBP,success,Airbnb
T00001156,A000470,C000226,SE,checking,2026-09-28,492.00,EUR,success,Rimi
T00002956,A000208,C000189,FI,savings,2026-09-28,289.45,USD,success,Amazon
T00005470,A000497,C000285,LV,savings,2026-09-28,274.96,EUR,pending,Bolt
T00007940,A000671,C000253,EE,credit,2026-09-28,64.05,GBP,success,Netflix
T00005353,A000018,C000059,LT,credit,2026-09-28,128.64,EUR,success,Tesco
T00008184,A000509,C000165,LT,checking,2026-09-28,115.70,GBP,success,Spotify
T00008679,A000242,C000442,LV,checking,2026-09-28,78.40,GBP,success,Amazon
T00007021,A000018,C000059,LT,credit,2026-09-28,415.47,EUR,success,Rimi
T00007513,A000266,C000426,LT,checking,2026-09-28,37.01,USD,success,Netflix
T00007626,A000266,C000426,LT,checking,2026-09-28,210.04,USD,success,Wolt
T00000576,A000241,C000297,LV,credit,2026-09-28,291.35,GBP,success,Netflix
T00000113,A000472,C000098,FI,checking,2026-09-28,494.40,USD,success,Tesco
T00006100,A000249,C000371,EE,checking,2026-09-28,486.15,USD,success,IKEA
T00001357,A000491,C000422,EE,credit,2026-09-28,382.58,GBP,pending,IKEA
T00008653,A000739,C000420,FI,credit,2026-09-28,213.05,EUR,success,Netflix
T00006605,A000241,C000297,LV,credit,2026-09-28,402.26,GBP,success,Rimi
T00001850,A000728,C000034,EE,checking,2026-09-28,371.99,GBP,success,Amazon
T00004201,A000347,C000423,FI,checking,2026-09-28,380.38,GBP,success,IKEA
T00004464,A000497,C000285,LV,savings,2026-09-28,148.00,GBP,success,IKEA
T00004219,A000006,C000455,LV,checking,2026-09-28,136.14,USD,success,Amazon
T00003114,A000367,C000072,FI,credit,2026-09-28,202.71,GBP,success,Tesco
T00004348,A000474,C000282,FI,credit,2026-09-28,492.60,EUR,success,IKEA
T00006685,A000007,C000101,EE,savings,2026-09-28,103.73,GBP,success,Steam
T00002494,A000069,C000483,SE,checking,2026-09-28,442.29,GBP,success,Rimi
T00008917,A000731,C000068,FI,checking,2026-09-28,199.77,GBP,success,Wolt
T00009288,A000526,C000175,SE,credit,2026-09-28,41.83,EUR,success,Netflix
T00003144,A000510,C000184,EE,savings,2026-09-28,399.31,EUR,success,Steam
T00008884,A000475,C000406,SE,credit,2026-09-28,332.72,USD,success,Steam
T00003675,A000414,C000427,SE,credit,2026-09-28,384.43,EUR,success,Tesco
T00006348,A000624,C000082,SE,savings,2026-09-28,223.50,EUR,success,Spotify
T00006514,A000624,C000082,SE,savings,2026-09-28,110.07,EUR,success,Wolt
T00009621,A000624,C000082,SE,savings,2026-09-28,345.39,EUR,success,Spotify
T00003729,A000374,C000046,LV,savings,2026-09-28,153.73,GBP,success,Steam
T00002796,A000116,C000432,FI,credit,2026-09-28,145.57,EUR,success,Airbnb
T00006624,A000714,C000017,FI,checking,2026-09-28,115.47,USD,success,IKEA
T00005007,A000742,C000248,FI,credit,2026-09-28,297.51,USD,success,Netflix
T00006817,A000415,C000226,SE,credit,2026-09-28,478.13,EUR,success,Rimi
T00000681,A000323,C000315,LT,savings,2026-09-28,406.05,EUR,success,IKEA
T00001269,A000119,C000064,FI,savings,2026-09-28,437.17,EUR,success,Tesco
T00009794,A000394,C000070,LV,savings,2026-09-28,478.18,EUR,success,IKEA
T00008824,A000120,C000295,EE,savings,2026-09-28,218.52,EUR,success,Rimi
T00005389,A000415,C000226,SE,credit,2026-09-28,488.96,USD,success,Tesco
T00004689,A000525,C000353,SE,savings,2026-09-28,494.32,EUR,success,Rimi
T00002741,A000714,C000017,FI,checking,2026-09-28,235.20,EUR,success,Amazon
T00004115,A000416,C000309,EE,savings,2026-09-28,377.47,GBP,success,Bolt
T00007025,A000325,C000142,FI,savings,2026-09-28,250.49,USD,success,Rimi
T00009463,A000323,C000315,LT,savings,2026-09-28,360.42,EUR,success,Spotify
T00003187,A000748,C000148,LV,credit,2026-09-28,241.42,GBP,success,Spotify
T00004172,A000122,C000235,LT,credit,2026-09-28,8.08,GBP,success,IKEA
T00003680,A000122,C000235,LT,credit,2026-09-28,106.81,USD,success,Amazon
T00007955,A000412,C000155,EE,checking,2026-09-28,226.27,EUR,success,Rimi
T00006130,A000352,C000252,FI,credit,2026-09-28,96.12,USD,success,Netflix
T00004434,A000417,C000421,EE,checking,2026-09-28,449.72,EUR,success,Steam
T00002146,A000114,C000409,SE,credit,2026-09-28,17.32,GBP,success,Netflix
T00001999,A000626,C000353,SE,credit,2026-09-28,50.47,EUR,success,Airbnb
T00004568,A000715,C000093,FI,checking,2026-09-28,377.70,EUR,success,IKEA
T00005907,A000335,C000275,LV,savings,2026-09-28,147.57,EUR,success,Steam
T00004504,A000393,C000457,FI,savings,2026-09-28,289.10,USD,success,IKEA
T00007899,A000125,C000268,LT,checking,2026-09-28,308.24,GBP,success,Tesco
T00006323,A000125,C000268,LT,checking,2026-09-28,150.09,EUR,success,Amazon
T00003085,A000713,C000354,EE,checking,2026-09-28,362.19,USD,success,Airbnb
T00000102,A000418,C000404,LT,credit,2026-09-28,389.04,GBP,success,Airbnb
T00008216,A000499,C000337,EE,savings,2026-09-28,335.16,USD,success,Wolt
T00005187,A000615,C000249,LV,credit,2026-09-28,446.35,USD,success,Tesco
T00003883,A000126,C000437,SE,credit,2026-09-28,49.90,GBP,failed,Amazon
T00001158,A000126,C000437,SE,credit,2026-09-28,445.05,USD,failed,Rimi
T00007094,A000327,C000169,LV,savings,2026-09-28,163.13,EUR,success,Steam
T00000025,A000419,C000146,SE,checking,2026-09-28,341.80,EUR,success,Wolt
T00008891,A000112,C000102,LT,credit,2026-09-28,194.41,GBP,success,Airbnb
T00007115,A000319,C000408,LT,savings,2026-09-28,390.52,USD,success,Netflix
T00009364,A000319,C000408,LT,savings,2026-09-28,115.15,EUR,success,Bolt
T00004482,A000629,C000403,EE,checking,2026-09-28,78.55,EUR,success,Rimi
T00006578,A000420,C000121,LV,checking,2026-09-28,68.88,EUR,failed,Steam
T00005262,A000327,C000169,LV,savings,2026-09-28,159.00,GBP,success,Steam
T00008786,A000352,C000252,FI,credit,2026-09-28,58.58,USD,success,Airbnb
T00002442,A000031,C000014,LV,checking,2026-09-28,443.38,USD,success,Bolt
T00008401,A000670,C000429,SE,savings,2026-09-28,138.50,USD,pending,Netflix
T00001350,A000421,C000106,SE,checking,2026-09-28,226.00,GBP,success,Bolt
T00002572,A000734,C000253,EE,credit,2026-09-28,214.08,EUR,success,IKEA
T00000546,A000315,C000487,FI,savings,2026-09-28,342.21,GBP,success,Steam
T00009360,A000613,C000401,SE,checking,2026-09-28,436.38,EUR,success,Netflix
T00001117,A000315,C000487,FI,savings,2026-09-28,366.48,USD,success,Rimi
T00001949,A000027,C000101,EE,checking,2026-09-28,59.88,GBP,success,Wolt
T00003619,A000110,C000266,LV,savings,2026-09-28,284.15,GBP,success,Rimi
T00007766,A000238,C000127,LT,savings,2026-09-28,445.38,USD,success,Airbnb
T00008247,A000631,C000304,SE,checking,2026-09-28,16.06,GBP,success,Tesco
T00008483,A000612,C000050,EE,checking,2026-09-28,144.54,USD,success,Netflix
T00000650,A000409,C000183,LT,checking,2026-09-27,309.69,USD,success,Wolt
T00000521,A000185,C000188,EE,credit,2026-09-27,119.74,USD,success,Tesco
T00001651,A000324,C000281,EE,credit,2026-09-27,320.18,USD,success,Steam
T00002048,A000553,C000317,EE,savings,2026-09-27,308.06,GBP,success,Spotify
T00001604,A000025,C000265,FI,checking,2026-09-27,106.11,EUR,success,Spotify
T00002681,A000354,C000009,FI,savings,2026-09-27,129.05,USD,success,Wolt
T00002020,A000311,C000368,EE,savings,2026-09-27,240.38,USD,success,Airbnb
T00004463,A000302,C000393,LT,credit,2026-09-27,110.71,GBP,success,Wolt
T00008554,A000381,C000074,LT,credit,2026-09-27,58.23,EUR,success,Steam
T00002088,A000612,C000050,EE,checking,2026-09-27,316.77,GBP,success,IKEA
T00008913,A000659,C000129,SE,savings,2026-09-27,33.18,EUR,success,Bolt
T00002931,A000412,C000155,EE,checking,2026-09-27,89.21,EUR,success,Wolt
T00001412,A000587,C000005,FI,credit,2026-09-27,220.39,EUR,failed,Steam
T00002169,A000508,C000123,FI,credit,2026-09-27,216.67,GBP,success,Tesco
T00006139,A000361,C000170,LV,checking,2026-09-27,163.86,GBP,success,Spotify
T00008357,A000606,C000317,EE,checking,2026-09-27,186.37,USD,success,Steam
T00005867,A000098,C000234,LV,credit,2026-09-27,263.54,EUR,success,Wolt
T00007951,A000155,C000467,SE,savings,2026-09-27,145.31,USD,success,Netflix
T00001049,A000280,C000069,LT,checking,2026-09-27,390.23,EUR,success,Steam
T00002704,A000154,C000306,SE,credit,2026-09-27,202.02,GBP,success,Netflix
T00003344,A000215,C000320,SE,checking,2026-09-27,355.19,EUR,success,Tesco
T00002751,A000239,C000115,FI,checking,2026-09-27,223.76,USD,success,Tesco
T00003470,A000394,C000070,LV,savings,2026-09-27,37.62,GBP,success,Netflix
T00008962,A000460,C000414,LT,credit,2026-09-27,274.73,USD,success,Amazon
T00009876,A000358,C000213,SE,savings,2026-09-27,325.87,EUR,success,Netflix
T00001994,A000133,C000260,SE,checking,2026-09-27,309.23,USD,success,Airbnb
T00008639,A000480,C000113,LV,checking,2026-09-27,481.34,EUR,success,Amazon
T00000635,A000660,C000298,LT,savings,2026-09-27,123.64,USD,success,Netflix
T00003036,A000614,C000083,LV,savings,2026-09-27,121.79,USD,success,Bolt
T00005073,A000614,C000083,LV,savings,2026-09-27,207.16,EUR,success,Wolt
T00001930,A000230,C000421,EE,checking,2026-09-27,282.44,EUR,success,Steam
T00000420,A000121,C000491,EE,savings,2026-09-27,396.31,GBP,success,Spotify
T00008122,A000407,C000145,LV,savings,2026-09-27,403.32,USD,success,Steam
T00007695,A000399,C000098,FI,credit,2026-09-27,331.28,EUR,success,Bolt
T00001167,A000686,C000037,EE,savings,2026-09-27,392.79,GBP,success,Steam
T00005576,A000038,C000401,SE,checking,2026-09-27,480.53,USD,success,Amazon
T00005034,A000663,C000161,EE,savings,2026-09-27,88.20,USD,success,Amazon
T00000850,A000679,C000190,LT,savings,2026-09-27,130.23,EUR,success,Amazon
T00000011,A000353,C000067,SE,credit,2026-09-27,74.51,GBP,success,Steam
T00009571,A000099,C000455,LV,checking,2026-09-27,1.59,USD,success,Amazon
T00004543,A000462,C000250,LT,checking,2026-09-27,305.11,EUR,success,Rimi
T00000889,A000476,C000031,LV,checking,2026-09-27,187.87,EUR,failed,Airbnb
T00004944,A000514,C000251,LV,credit,2026-09-27,289.46,USD,success,Amazon
T00007983,A000336,C000114,EE,credit,2026-09-27,62.14,USD,success,Tesco
T00008459,A000402,C000441,EE,savings,2026-09-27,92.93,USD,success,Rimi
T00005306,A000417,C000421,EE,checking,2026-09-27,116.96,USD,success,Tesco
T00004585,A000193,C000210,LV,checking,2026-09-27,302.74,EUR,pending,Amazon
T00006815,A000099,C000455,LV,checking,2026-09-27,298.05,USD,success,Spotify
T00005235,A000546,C000156,LV,credit,2026-09-27,439.21,EUR,success,Rimi
T00005863,A000129,C000037,EE,checking,2026-09-27,226.36,EUR,success,Rimi
T00002538,A000304,C000494,SE,savings,2026-09-27,372.62,GBP,success,Netflix
T00007949,A000436,C000456,LT,checking,2026-09-27,76.55,USD,success,IKEA
T00008471,A000726,C000399,SE,checking,2026-09-27,36.37,USD,success,Tesco
T00002941,A000393,C000457,FI,savings,2026-09-27,458.53,USD,success,Rimi
T00004370,A000122,C000235,LT,credit,2026-09-27,145.70,USD,success,Airbnb
T00008954,A000276,C000343,FI,credit,2026-09-27,162.49,GBP,success,IKEA
T00008158,A000480,C000113,LV,checking,2026-09-27,22.90,EUR,success,Tesco
T00002826,A000464,C000204,SE,savings,2026-09-27,499.54,EUR,success,Tesco
T00002017,A000257,C000243,LT,checking,2026-09-27,363.21,USD,success,Tesco
T00006200,A000196,C000326,FI,credit,2026-09-27,195.88,EUR,success,Wolt
T00005003,A000196,C000326,FI,credit,2026-09-27,25.14,EUR,success,Tesco
T00005893,A000665,C000077,FI,credit,2026-09-27,395.63,GBP,success,Steam
T00003804,A000275,C000005,FI,savings,2026-09-27,170.70,EUR,success,Spotify
T00008710,A000435,C000171,FI,credit,2026-09-27,52.44,USD,success,Netflix
T00000418,A000619,C000216,LV,checking,2026-09-27,168.19,USD,success,Airbnb
T00009882,A000197,C000147,LV,credit,2026-09-27,220.47,EUR,success,Tesco
T00003198,A000665,C000077,FI,credit,2026-09-27,299.18,USD,success,Bolt
T00000454,A000630,C000049,LV,credit,2026-09-27,433.00,USD,success,Bolt
T00008292,A000197,C000147,LV,credit,2026-09-27,207.30,USD,success,Amazon
T00009421,A000217,C000013,LV,savings,2026-09-27,213.25,USD,success,Spotify
T00003537,A000150,C000299,SE,savings,2026-09-27,374.32,EUR,success,Spotify
T00002768,A000465,C000174,LV,checking,2026-09-27,296.35,EUR,success,Tesco
T00006940,A000366,C000326,FI,checking,2026-09-27,136.11,USD,failed,Spotify
T00006991,A000466,C000496,SE,credit,2026-09-27,385.22,USD,success,Spotify
T00003712,A000434,C000015,LT,credit,2026-09-27,189.73,GBP,success,IKEA
T00006108,A000273,C000223,EE,credit,2026-09-27,306.31,USD,success,Spotify
T00004495,A000009,C000240,LV,checking,2026-09-27,368.41,USD,success,Spotify
T00004139,A000198,C000225,FI,savings,2026-09-27,350.41,USD,success,Netflix
T00005463,A000541,C000470,LV,savings,2026-09-27,383.54,USD,success,IKEA
T00002943,A000198,C000225,FI,savings,2026-09-27,322.68,GBP,success,Rimi
T00007523,A000666,C000386,SE,checking,2026-09-27,228.79,EUR,success,Bolt
T00005478,A000541,C000470,LV,savings,2026-09-27,354.68,GBP,success,Airbnb
T00006082,A000541,C000470,LV,savings,2026-09-27,437.56,EUR,success,Amazon
T00000006,A000432,C000487,FI,credit,2026-09-27,25.52,EUR,success,Tesco
T00008760,A000675,C000482,LT,credit,2026-09-27,4.01,EUR,failed,Spotify
T00008165,A000541,C000470,LV,savings,2026-09-27,319.25,USD,success,Rimi
T00004378,A000272,C000294,EE,credit,2026-09-27,434.15,USD,success,IKEA
T00009080,A000326,C000219,LV,checking,2026-09-27,89.95,GBP,success,Wolt
T00004831,A000540,C000482,LT,savings,2026-09-27,169.59,GBP,success,Wolt
T00001808,A000200,C000016,LT,credit,2026-09-27,375.84,EUR,success,Rimi
T00007964,A000011,C000150,FI,credit,2026-09-27,280.24,USD,success,Steam
T00001441,A000596,C000113,LV,checking,2026-09-27,87.40,EUR,success,Spotify
T00000794,A000307,C000231,LT,savings,2026-09-27,160.48,USD,success,Rimi
T00006270,A000123,C000362,FI,savings,2026-09-27,214.40,USD,success,Wolt
T00006979,A000051,C000366,LV,savings,2026-09-27,191.97,USD,success,Tesco
T00008617,A000706,C000417,LV,credit,2026-09-27,283.02,EUR,pending,Rimi
T00007413,A000688,C000032,FI,credit,2026-09-27,352.38,GBP,success,Amazon
T00009996,A000202,C000412,EE,savings,2026-09-27,53.05,GBP,success,Spotify
T00002617,A000255,C000384,LT,checking,2026-09-27,314.31,EUR,failed,Spotify
T00000272,A000425,C000418,LV,checking,2026-09-27,273.98,GBP,success,Spotify
T00007859,A000064,C000160,LT,credit,2026-09-27,41.40,USD,success,Steam
T00009770,A000101,C000335,EE,checking,2026-09-27,191.65,GBP,success,IKEA
T00001565,A000480,C000113,LV,checking,2026-09-27,106.77,USD,success,Tesco
T00002805,A000003,C000098,FI,savings,2026-09-27,132.00,EUR,success,Tesco
T00002789,A000014,C000402,LT,checking,2026-09-27,269.35,EUR,success,Steam
T00008537,A000110,C000266,LV,savings,2026-09-27,53.73,GBP,success,Rimi
T00008720,A000271,C000436,LT,savings,2026-09-27,83.33,GBP,success,Airbnb
T00008910,A000495,C000483,SE,checking,2026-09-27,397.27,EUR,success,IKEA
T00009355,A000494,C000248,FI,savings,2026-09-27,378.00,GBP,success,Rimi
T00003265,A000389,C000265,FI,checking,2026-09-27,87.89,USD,pending,Bolt
T00003204,A000101,C000335,EE,checking,2026-09-27,224.97,USD,success,Airbnb
T00002726,A000726,C000399,SE,checking,2026-09-27,394.25,USD,success,Bolt
T00006433,A000618,C000434,LT,credit,2026-09-27,409.85,USD,success,Airbnb
T00009984,A000247,C000272,EE,checking,2026-09-27,324.58,GBP,success,Steam
T00000457,A000108,C000089,FI,checking,2026-09-27,251.43,USD,success,Tesco
T00007674,A000598,C000101,EE,credit,2026-09-27,465.27,EUR,success,IKEA
T00002171,A000430,C000225,FI,checking,2026-09-27,209.29,EUR,success,IKEA
T00002721,A000204,C000276,LT,savings,2026-09-27,21.59,USD,success,Spotify
T00008784,A000493,C000053,EE,savings,2026-09-27,447.07,EUR,success,Steam
T00004917,A000335,C000275,LV,savings,2026-09-27,440.51,USD,pending,Bolt
T00007572,A000102,C000395,FI,credit,2026-09-27,232.01,GBP,success,Rimi
T00009772,A000609,C000349,LT,checking,2026-09-27,380.54,EUR,success,Wolt
T00005492,A000247,C000272,EE,checking,2026-09-27,169.69,USD,success,Tesco
T00007860,A000430,C000225,FI,checking,2026-09-27,445.06,USD,success,Airbnb
T00008163,A000136,C000042,SE,savings,2026-09-27,366.50,USD,success,Wolt
T00001634,A000599,C000021,FI,credit,2026-09-27,181.30,EUR,success,Spotify
T00001520,A000616,C000032,FI,savings,2026-09-27,302.14,USD,success,Steam
T00008027,A000408,C000018,LV,credit,2026-09-27,368.55,GBP,success,Rimi
T00002325,A000496,C000190,LT,credit,2026-09-27,426.18,GBP,success,Wolt
T00006807,A000219,C000234,LV,savings,2026-09-27,456.28,GBP,success,Bolt
T00008085,A000430,C000225,FI,checking,2026-09-27,209.48,EUR,success,Netflix
T00004065,A000600,C000488,FI,savings,2026-09-27,349.81,GBP,success,Bolt
T00005971,A000207,C000153,EE,savings,2026-09-27,491.95,GBP,success,Spotify
T00009828,A000601,C000412,EE,savings,2026-09-27,205.31,USD,success,IKEA
T00005328,A000062,C000023,FI,credit,2026-09-27,2.47,GBP,success,IKEA
T00003496,A000268,C000213,SE,checking,2026-09-27,9.41,EUR,success,Wolt
T00000798,A000418,C000404,LT,credit,2026-09-27,204.24,GBP,success,Spotify
T00004391,A000207,C000153,EE,savings,2026-09-27,462.68,GBP,success,Spotify
T00001783,A000247,C000272,EE,checking,2026-09-27,81.21,EUR,success,Netflix
T00001743,A000018,C000059,LT,credit,2026-09-27,39.68,EUR,success,Airbnb
T00006710,A000232,C000127,LT,credit,2026-09-27,150.00,USD,success,Steam
T00000771,A000429,C000055,SE,checking,2026-09-27,88.93,USD,success,Bolt
T00005211,A000243,C000101,EE,credit,2026-09-27,378.04,USD,success,Spotify
T00009688,A000358,C000213,SE,savings,2026-09-27,308.88,USD,success,Wolt
T00006460,A000320,C000197,LT,savings,2026-09-27,261.34,EUR,success,Spotify
T00003071,A000009,C000240,LV,checking,2026-09-27,162.32,GBP,success,Bolt
T00003386,A000532,C000168,EE,checking,2026-09-27,408.19,USD,success,Netflix
T00004731,A000497,C000285,LV,savings,2026-09-27,339.20,EUR,success,Rimi
T00001878,A000209,C000090,LV,savings,2026-09-27,273.26,GBP,success,Rimi
T00004290,A000492,C000458,EE,credit,2026-09-27,443.62,USD,failed,Netflix
T00004155,A000675,C000482,LT,credit,2026-09-27,9.55,USD,success,Wolt
T00006604,A000405,C000020,LV,savings,2026-09-27,143.30,EUR,success,Wolt
T00002235,A000266,C000426,LT,checking,2026-09-27,230.34,EUR,success,Amazon
T00006298,A000037,C000059,LT,checking,2026-09-27,462.75,EUR,success,Bolt
T00009908,A000014,C000402,LT,checking,2026-09-27,167.57,EUR,success,Spotify
T00008264,A000228,C000061,EE,savings,2026-09-27,224.38,GBP,success,IKEA
T00007759,A000018,C000059,LT,credit,2026-09-27,20.24,EUR,success,IKEA
T00000021,A000241,C000297,LV,credit,2026-09-27,465.94,USD,success,Rimi
T00001964,A000472,C000098,FI,checking,2026-09-27,13.65,EUR,success,Rimi
T00001771,A000705,C000473,LT,checking,2026-09-27,148.34,GBP,success,Spotify
T00005974,A000028,C000264,EE,checking,2026-09-27,121.47,GBP,success,Netflix
T00000002,A000472,C000098,FI,checking,2026-09-27,382.40,EUR,success,Tesco
T00004321,A000103,C000060,EE,checking,2026-09-27,361.62,EUR,success,Steam
T00005424,A000211,C000349,LT,checking,2026-09-27,277.49,GBP,success,Spotify
T00002054,A000315,C000487,FI,savings,2026-09-27,211.47,USD,success,Bolt
T00008513,A000410,C000047,LT,credit,2026-09-27,424.59,USD,success,Netflix
T00003008,A000481,C000416,FI,checking,2026-09-27,482.29,USD,success,Rimi
T00000523,A000409,C000183,LT,checking,2026-09-27,256.40,EUR,success,Rimi
T00005590,A000109,C000371,EE,savings,2026-09-27,494.64,GBP,success,Spotify
T00002903,A000144,C000358,EE,credit,2026-09-27,483.48,USD,success,Tesco
T00008801,A000488,C000232,SE,savings,2026-09-27,386.48,USD,success,Wolt
T00006380,A000529,C000290,EE,savings,2026-09-27,116.63,USD,success,Amazon
T00004074,A000497,C000285,LV,savings,2026-09-27,131.15,EUR,success,Spotify
T00001397,A000481,C000416,FI,checking,2026-09-27,308.99,EUR,success,Spotify
T00002286,A000294,C000125,EE,credit,2026-09-27,436.12,USD,success,Netflix
T00007660,A000680,C000010,LT,credit,2026-09-27,485.99,USD,failed,Rimi
T00003003,A000041,C000005,FI,credit,2026-09-27,329.45,EUR,success,Steam
T00006780,A000711,C000414,LT,credit,2026-09-27,237.84,USD,success,Wolt
T00006990,A000314,C000099,LV,credit,2026-09-27,360.90,GBP,success,Rimi
T00009245,A000042,C000411,FI,savings,2026-09-27,153.35,EUR,success,IKEA
T00002402,A000240,C000059,LT,savings,2026-09-27,344.67,USD,success,Airbnb
T00009924,A000402,C000441,EE,savings,2026-09-27,459.60,EUR,success,Wolt
T00000987,A000478,C000362,FI,checking,2026-09-27,389.79,USD,success,Amazon
T00004544,A000448,C000129,SE,savings,2026-09-27,71.96,GBP,success,Bolt
T00001696,A000054,C000171,FI,checking,2026-09-27,399.91,EUR,success,Spotify
T00007036,A000680,C000010,LT,credit,2026-09-27,189.41,GBP,success,Airbnb
T00002944,A000491,C000422,EE,credit,2026-09-27,321.79,EUR,success,Tesco
T00001814,A000386,C000071,LV,credit,2026-09-27,255.76,EUR,success,Netflix
T00009301,A000603,C000437,SE,savings,2026-09-27,122.91,EUR,success,Tesco
T00001776,A000647,C000264,EE,credit,2026-09-27,356.43,GBP,success,Tesco
T00007442,A000127,C000232,SE,savings,2026-09-27,309.00,EUR,success,Rimi
T00003887,A000213,C000462,SE,checking,2026-09-27,271.83,USD,success,Steam
T00001377,A000448,C000129,SE,savings,2026-09-27,111.24,EUR,success,Netflix
T00005607,A000397,C000474,EE,checking,2026-09-27,347.41,USD,success,Tesco
T00003041,A000445,C000173,LV,savings,2026-09-27,266.99,USD,success,IKEA
T00006637,A000347,C000423,FI,checking,2026-09-27,429.68,GBP,success,Amazon
T00001241,A000143,C000262,LV,credit,2026-09-27,64.38,GBP,success,Netflix
T00009997,A000214,C000361,EE,savings,2026-09-27,14.82,EUR,success,Bolt
T00008997,A000518,C000399,SE,savings,2026-09-27,196.93,EUR,success,Wolt
T00005221,A000576,C000207,LT,credit,2026-09-27,284.22,GBP,success,Rimi
T00005380,A000240,C000059,LT,savings,2026-09-27,418.05,GBP,success,Bolt
T00008362,A000296,C000361,EE,credit,2026-09-27,78.97,GBP,success,Steam
T00008335,A000005,C000328,FI,savings,2026-09-27,295.08,USD,success,Airbnb
T00007755,A000491,C000422,EE,credit,2026-09-27,487.96,GBP,success,Spotify
T00006695,A000043,C000241,LT,savings,2026-09-27,418.83,EUR,failed,Steam
T00009197,A000347,C000423,FI,checking,2026-09-27,43.34,USD,success,Spotify
T00004564,A000296,C000361,EE,credit,2026-09-27,231.96,GBP,success,Amazon
T00006537,A000342,C000084,LT,credit,2026-09-27,204.17,GBP,success,Bolt
T00009907,A000290,C000478,LT,savings,2026-09-27,90.26,USD,success,Wolt
T00005662,A000043,C000241,LT,savings,2026-09-27,110.70,GBP,success,Steam
T00002689,A000289,C000442,LV,savings,2026-09-27,33.08,GBP,success,Airbnb
T00006105,A000164,C000015,LT,savings,2026-09-27,137.84,USD,success,Netflix
T00006028,A000517,C000338,SE,credit,2026-09-27,122.42,EUR,success,Netflix
T00004250,A000721,C000105,FI,credit,2026-09-27,445.85,EUR,failed,Wolt
T00006827,A000221,C000452,SE,savings,2026-09-27,63.18,USD,success,Airbnb
T00007273,A000163,C000384,LT,savings,2026-09-27,479.51,EUR,success,Airbnb
T00006445,A000143,C000262,LV,credit,2026-09-27,15.52,EUR,success,Steam
T00004528,A000384,C000199,SE,checking,2026-09-27,152.31,GBP,success,Airbnb
T00006532,A000240,C000059,LT,savings,2026-09-27,32.64,USD,success,Tesco
T00008374,A000567,C000376,LV,credit,2026-09-27,234.97,EUR,success,Airbnb
T00005142,A000109,C000371,EE,savings,2026-09-27,2.85,GBP,success,Spotify
T00008938,A000096,C000245,LV,savings,2026-09-27,318.56,EUR,success,Airbnb
T00009528,A000044,C000294,EE,checking,2026-09-27,217.59,GBP,failed,Steam
T00002597,A000066,C000341,EE,checking,2026-09-27,168.67,EUR,success,Tesco
T00008964,A000566,C000056,LT,checking,2026-09-27,242.81,EUR,success,Amazon
T00005111,A000370,C000268,LT,checking,2026-09-27,76.13,GBP,success,IKEA
T00004171,A000371,C000327,FI,credit,2026-09-27,73.84,USD,success,Rimi
T00002753,A000687,C000441,EE,credit,2026-09-27,218.76,USD,pending,Netflix
T00002577,A000260,C000088,FI,savings,2026-09-27,81.97,GBP,success,Spotify
T00004678,A000328,C000142,FI,savings,2026-09-27,303.06,GBP,success,Airbnb
T00000039,A000110,C000266,LV,savings,2026-09-27,126.71,EUR,success,Wolt
T00006226,A000646,C000142,FI,checking,2026-09-27,305.00,EUR,success,Netflix
T00002361,A000397,C000474,EE,checking,2026-09-27,180.56,EUR,success,Bolt
T00004680,A000644,C000136,LT,credit,2026-09-27,488.20,EUR,success,IKEA
T00006355,A000654,C000133,EE,savings,2026-09-27,323.54,USD,failed,Tesco
T00003831,A000025,C000265,FI,checking,2026-09-27,450.17,GBP,failed,Spotify
T00002636,A000003,C000098,FI,savings,2026-09-27,347.52,GBP,success,Wolt
T00006379,A000387,C000493,FI,checking,2026-09-27,128.21,EUR,success,Tesco
T00006855,A000177,C000115,FI,savings,2026-09-27,117.84,USD,success,Tesco
T00006021,A000117,C000141,SE,savings,2026-09-27,317.31,EUR,success,Tesco
T00003775,A000452,C000051,FI,checking,2026-09-27,237.40,EUR,success,Wolt
T00004438,A000027,C000101,EE,checking,2026-09-27,157.45,EUR,success,Amazon
T00003447,A000177,C000115,FI,savings,2026-09-27,293.53,EUR,success,Steam
T00001291,A000059,C000415,SE,credit,2026-09-27,217.22,USD,success,Netflix
T00005098,A000644,C000136,LT,credit,2026-09-27,437.52,GBP,success,Tesco
T00008634,A000629,C000403,EE,checking,2026-09-27,323.48,GBP,success,Bolt
T00001564,A000384,C000199,SE,checking,2026-09-27,35.19,EUR,success,IKEA
T00003962,A000086,C000301,LV,credit,2026-09-27,1.68,GBP,success,Steam
T00003168,A000178,C000401,SE,credit,2026-09-27,50.70,GBP,success,Rimi
T00007040,A000624,C000082,SE,savings,2026-09-27,67.45,USD,success,Spotify
T00006779,A000583,C000493,FI,checking,2026-09-27,487.14,EUR,success,Bolt
T00009851,A000179,C000018,LV,credit,2026-09-27,262.46,USD,success,Amazon
T00004562,A000742,C000248,FI,credit,2026-09-27,418.04,GBP,success,Steam
T00007623,A000479,C000350,SE,checking,2026-09-27,317.37,GBP,success,IKEA
T00002304,A000117,C000141,SE,savings,2026-09-27,415.56,USD,failed,Bolt
T00003255,A000507,C000338,SE,credit,2026-09-27,251.36,GBP,success,Rimi
T00000671,A000062,C000023,FI,credit,2026-09-27,169.45,EUR,success,Netflix
T00000620,A000631,C000304,SE,checking,2026-09-27,297.76,USD,success,Amazon
T00000965,A000223,C000070,LV,savings,2026-09-27,162.18,USD,success,IKEA
T00006881,A000180,C000163,LV,credit,2026-09-27,221.82,USD,success,Spotify
T00002196,A000355,C000087,FI,credit,2026-09-27,485.14,GBP,success,Amazon
T00001109,A000180,C000163,LV,credit,2026-09-27,354.85,GBP,success,Bolt
T00008057,A000181,C000329,FI,checking,2026-09-27,11.80,EUR,success,Airbnb
T00000091,A000656,C000491,EE,savings,2026-09-27,175.44,EUR,success,Steam
T00007651,A000142,C000087,FI,checking,2026-09-27,170.56,EUR,success,Steam
T00001561,A000358,C000213,SE,savings,2026-09-27,95.99,EUR,success,Rimi
T00008252,A000182,C000230,FI,checking,2026-09-27,207.01,EUR,success,Steam
T00001142,A000709,C000493,FI,savings,2026-09-27,411.39,USD,success,Amazon
T00002340,A000358,C000213,SE,savings,2026-09-27,416.35,USD,success,Airbnb
T00006295,A000505,C000121,LV,checking,2026-09-27,132.98,GBP,success,Steam
T00002505,A000605,C000109,SE,credit,2026-09-27,258.00,USD,success,Spotify
T00000586,A000070,C000191,FI,savings,2026-09-27,260.16,GBP,success,Steam
T00008076,A000183,C000357,FI,savings,2026-09-27,286.32,EUR,failed,Spotify
T00000959,A000046,C000002,LT,checking,2026-09-27,451.76,EUR,success,Amazon
T00003201,A000621,C000078,FI,credit,2026-09-27,398.04,USD,failed,Steam
T00009740,A000725,C000408,LT,credit,2026-09-27,277.33,USD,success,Tesco
T00008676,A000083,C000444,LT,credit,2026-09-27,221.85,GBP,success,Airbnb
T00008751,A000394,C000070,LV,savings,2026-09-27,444.44,GBP,failed,IKEA
T00000944,A000333,C000075,EE,checking,2026-09-27,324.76,EUR,success,Netflix
T00009409,A000335,C000275,LV,savings,2026-09-27,61.53,GBP,success,Bolt
T00009331,A000236,C000132,EE,credit,2026-09-27,33.52,USD,failed,IKEA
T00002743,A000157,C000074,LT,checking,2026-09-27,367.58,GBP,failed,Steam
T00009718,A000555,C000379,FI,credit,2026-09-27,304.98,GBP,success,Bolt
T00006751,A000458,C000037,EE,checking,2026-09-27,313.29,GBP,success,Netflix
T00005679,A000360,C000239,LV,checking,2026-09-27,272.14,USD,success,Amazon
T00009375,A000725,C000408,LT,credit,2026-09-27,38.67,EUR,success,IKEA
T00003462,A000503,C000120,SE,savings,2026-09-27,31.15,EUR,success,Tesco
T00004975,A000383,C000344,EE,credit,2026-09-27,171.42,EUR,success,Amazon
T00006114,A000157,C000074,LT,checking,2026-09-27,407.44,EUR,success,Netflix
T00009450,A000082,C000275,LV,credit,2026-09-27,349.61,USD,success,Netflix
T00001292,A000052,C000459,LT,checking,2026-09-27,20.06,GBP,success,Netflix
T00001606,A000458,C000037,EE,checking,2026-09-27,145.07,GBP,failed,Netflix
T00002593,A000643,C000277,FI,credit,2026-09-27,30.10,GBP,success,Bolt
T00009205,A000613,C000401,SE,checking,2026-09-27,47.17,USD,success,Bolt
T00005571,A000739,C000420,FI,credit,2026-09-26,16.54,USD,success,Netflix
T00001343,A000214,C000361,EE,savings,2026-09-26,389.84,GBP,failed,Rimi
T00006998,A000554,C000236,LT,checking,2026-09-26,217.02,USD,success,Tesco
T00000575,A000637,C000457,FI,checking,2026-09-26,18.43,EUR,failed,Netflix
T00005871,A000740,C000194,LV,checking,2026-09-26,55.74,GBP,success,IKEA
T00003631,A000326,C000219,LV,checking,2026-09-26,374.52,USD,success,Wolt
T00002980,A000267,C000353,SE,credit,2026-09-26,458.30,EUR,success,Spotify
T00002044,A000625,C000311,EE,savings,2026-09-26,277.26,USD,success,Tesco
T00001251,A000400,C000152,FI,savings,2026-09-26,374.97,GBP,success,Bolt
T00005534,A000584,C000056,LT,checking,2026-09-26,396.65,GBP,success,Airbnb
T00009973,A000742,C000248,FI,credit,2026-09-26,466.75,EUR,success,Spotify
T00002664,A000673,C000446,LV,savings,2026-09-26,47.92,USD,success,Airbnb
T00004456,A000523,C000023,FI,checking,2026-09-26,58.77,USD,success,IKEA
T00002150,A000242,C000442,LV,checking,2026-09-26,338.54,USD,success,Airbnb
T00008911,A000519,C000019,FI,checking,2026-09-26,176.97,USD,success,Steam
T00005563,A000419,C000146,SE,checking,2026-09-26,32.07,EUR,success,Bolt
T00001596,A000318,C000034,EE,credit,2026-09-26,39.09,EUR,success,Spotify
T00007965,A000515,C000056,LT,credit,2026-09-26,40.91,EUR,success,Wolt
T00005402,A000385,C000078,FI,credit,2026-09-26,114.61,EUR,success,Steam
T00004488,A000352,C000252,FI,credit,2026-09-26,382.28,GBP,success,Airbnb
T00003178,A000684,C000150,FI,checking,2026-09-26,22.28,GBP,success,Netflix
T00000644,A000133,C000260,SE,checking,2026-09-26,32.31,EUR,success,Rimi
T00006874,A000380,C000362,FI,savings,2026-09-26,471.08,USD,success,Bolt
T00007312,A000236,C000132,EE,credit,2026-09-26,50.67,USD,failed,Amazon
T00009141,A000383,C000344,EE,credit,2026-09-26,445.90,EUR,success,Amazon
T00003597,A000180,C000163,LV,credit,2026-09-26,162.05,GBP,success,Bolt
T00008323,A000720,C000001,SE,credit,2026-09-26,76.16,USD,pending,Rimi
T00009387,A000044,C000294,EE,checking,2026-09-26,495.81,USD,success,Amazon
T00009818,A000732,C000382,LT,credit,2026-09-26,57.96,EUR,success,IKEA
T00004395,A000104,C000047,LT,savings,2026-09-26,259.81,USD,success,IKEA
T00002156,A000263,C000149,EE,checking,2026-09-26,310.85,EUR,success,Tesco
T00006877,A000145,C000160,LT,credit,2026-09-26,65.69,GBP,success,Rimi
T00008386,A000605,C000109,SE,credit,2026-09-26,390.51,USD,success,Steam
T00006759,A000018,C000059,LT,credit,2026-09-26,419.07,USD,success,Bolt
T00006862,A000659,C000129,SE,savings,2026-09-26,15.48,EUR,success,Amazon
T00009173,A000711,C000414,LT,credit,2026-09-26,144.79,EUR,success,Airbnb
T00006172,A000551,C000363,LT,checking,2026-09-26,238.32,GBP,success,Tesco
T00000919,A000154,C000306,SE,credit,2026-09-26,271.80,GBP,success,Airbnb
T00008896,A000109,C000371,EE,savings,2026-09-26,37.16,EUR,success,Spotify
T00005573,A000210,C000144,FI,savings,2026-09-26,182.60,EUR,success,Steam
T00006282,A000424,C000383,SE,savings,2026-09-26,299.91,GBP,success,Wolt
T00004303,A000323,C000315,LT,savings,2026-09-26,238.77,EUR,success,Tesco
T00001676,A000120,C000295,EE,savings,2026-09-26,382.81,USD,failed,Steam
T00008805,A000440,C000450,LT,checking,2026-09-26,226.82,USD,success,Airbnb
T00006561,A000660,C000298,LT,savings,2026-09-26,462.56,EUR,success,IKEA
T00003415,A000519,C000019,FI,checking,2026-09-26,464.46,EUR,success,Bolt
T00001833,A000215,C000320,SE,checking,2026-09-26,253.69,USD,success,Amazon
T00001996,A000052,C000459,LT,checking,2026-09-26,49.02,EUR,success,Rimi
T00009005,A000697,C000381,LT,checking,2026-09-26,388.47,EUR,success,IKEA
T00008504,A000387,C000493,FI,checking,2026-09-26,415.72,USD,success,Netflix
T00001899,A000486,C000307,FI,credit,2026-09-26,435.10,GBP,success,Netflix
T00007095,A000312,C000272,EE,savings,2026-09-26,403.71,EUR,success,Spotify
T00003136,A000660,C000298,LT,savings,2026-09-26,63.29,GBP,success,Rimi
T00009597,A000550,C000343,FI,credit,2026-09-26,134.87,EUR,success,Bolt
T00000565,A000415,C000226,SE,credit,2026-09-26,244.28,GBP,success,Steam
T00004298,A000489,C000343,FI,checking,2026-09-26,10.81,GBP,success,Wolt
T00001838,A000056,C000027,EE,credit,2026-09-26,482.62,GBP,success,Rimi
T00001749,A000331,C000314,FI,credit,2026-09-26,331.05,USD,success,Amazon
T00001033,A000688,C000032,FI,credit,2026-09-26,409.46,EUR,success,Bolt
T00005538,A000378,C000281,EE,checking,2026-09-26,44.11,GBP,success,Wolt
T00005997,A000017,C000304,SE,savings,2026-09-26,206.23,EUR,success,Wolt
T00006327,A000602,C000014,LV,credit,2026-09-26,199.06,GBP,success,Airbnb
T00009558,A000621,C000078,FI,credit,2026-09-26,437.70,GBP,success,Bolt
T00008313,A000327,C000169,LV,savings,2026-09-26,363.30,GBP,success,Rimi
T00002771,A000609,C000349,LT,checking,2026-09-26,152.03,EUR,success,IKEA
T00003938,A000585,C000363,LT,checking,2026-09-26,135.28,EUR,success,IKEA
T00006886,A000687,C000441,EE,credit,2026-09-26,455.05,EUR,success,Bolt
T00004363,A000279,C000246,EE,credit,2026-09-26,203.14,USD,success,Tesco
T00007753,A000663,C000161,EE,savings,2026-09-26,55.60,GBP,success,Tesco
T00003682,A000258,C000207,LT,credit,2026-09-26,199.04,EUR,success,Steam
T00008384,A000719,C000481,EE,savings,2026-09-26,144.09,EUR,success,IKEA
T00007270,A000385,C000078,FI,credit,2026-09-26,423.16,GBP,success,Bolt
T00009913,A000230,C000421,EE,checking,2026-09-26,243.38,USD,success,Steam
T00005372,A000372,C000096,FI,savings,2026-09-26,149.61,GBP,success,Steam
T00003072,A000439,C000418,LV,credit,2026-09-26,398.56,EUR,success,IKEA
T00004452,A000387,C000493,FI,checking,2026-09-26,189.59,GBP,success,Rimi
T00009338,A000266,C000426,LT,checking,2026-09-26,485.40,USD,success,Tesco
T00007247,A000390,C000024,LV,savings,2026-09-26,473.67,EUR,failed,Tesco
T00009679,A000677,C000174,LV,checking,2026-09-26,440.06,USD,success,Spotify
T00001768,A000663,C000161,EE,savings,2026-09-26,196.95,USD,success,Rimi
T00007052,A000298,C000073,LV,savings,2026-09-26,434.69,USD,success,Tesco
T00004230,A000116,C000432,FI,credit,2026-09-26,236.29,GBP,success,IKEA
T00000352,A000319,C000408,LT,savings,2026-09-26,301.65,USD,success,Netflix
T00007616,A000505,C000121,LV,checking,2026-09-26,411.26,USD,success,Airbnb
T00005700,A000423,C000138,FI,credit,2026-09-26,84.49,EUR,success,Bolt
T00006481,A000474,C000282,FI,credit,2026-09-26,127.63,GBP,success,Netflix
T00006620,A000424,C000383,SE,savings,2026-09-26,311.75,GBP,success,Spotify
T00000660,A000610,C000255,FI,savings,2026-09-26,460.85,USD,success,Tesco
T00006265,A000503,C000120,SE,savings,2026-09-26,170.94,GBP,success,Netflix
T00006499,A000097,C000291,LT,savings,2026-09-26,308.68,USD,success,Rimi
T00008246,A000193,C000210,LV,checking,2026-09-26,65.73,GBP,success,Spotify
T00006554,A000615,C000249,LV,credit,2026-09-26,94.36,EUR,failed,Netflix
T00002219,A000259,C000350,SE,savings,2026-09-26,260.38,USD,success,Amazon
T00004248,A000152,C000416,FI,checking,2026-09-26,34.16,EUR,success,Tesco
T00009796,A000676,C000363,LT,savings,2026-09-26,463.33,USD,success,Airbnb
T00001057,A000693,C000424,EE,checking,2026-09-26,96.05,USD,success,Amazon
T00001216,A000738,C000022,LV,savings,2026-09-26,320.24,USD,success,IKEA
T00008491,A000699,C000034,EE,savings,2026-09-26,418.71,USD,success,Airbnb
T00004654,A000059,C000415,SE,credit,2026-09-26,440.41,EUR,success,Spotify
T00006131,A000152,C000416,FI,checking,2026-09-26,268.67,GBP,success,Rimi
T00006583,A000075,C000184,EE,savings,2026-09-26,348.63,USD,success,Tesco
T00007125,A000010,C000282,FI,credit,2026-09-26,275.18,EUR,success,Rimi
T00008134,A000047,C000231,LT,savings,2026-09-26,472.62,GBP,success,Spotify
T00005825,A000224,C000064,FI,checking,2026-09-26,30.12,GBP,success,Airbnb
T00008613,A000084,C000081,SE,credit,2026-09-26,158.17,USD,success,Wolt
T00005030,A000194,C000334,LT,savings,2026-09-26,93.65,GBP,success,Netflix
T00000261,A000257,C000243,LT,checking,2026-09-26,75.85,EUR,success,Wolt
T00008718,A000620,C000014,LV,savings,2026-09-26,379.00,GBP,success,Steam
T00000755,A000219,C000234,LV,savings,2026-09-26,156.16,EUR,success,Bolt
T00004206,A000194,C000334,LT,savings,2026-09-26,289.38,GBP,success,Wolt
T00001904,A000181,C000329,FI,checking,2026-09-26,64.80,GBP,success,Spotify
T00002670,A000099,C000455,LV,checking,2026-09-26,448.16,EUR,success,Steam
T00005059,A000343,C000075,EE,checking,2026-09-26,186.02,USD,success,Netflix
T00008372,A000689,C000426,LT,credit,2026-09-26,443.39,EUR,success,Tesco
T00004607,A000151,C000165,LT,credit,2026-09-26,453.34,GBP,success,IKEA
T00004621,A000026,C000003,LT,checking,2026-09-26,230.19,GBP,pending,Amazon
T00005347,A000593,C000065,EE,credit,2026-09-26,201.27,USD,success,Steam
T00008211,A000726,C000399,SE,checking,2026-09-26,416.14,EUR,success,Amazon
T00003703,A000593,C000065,EE,credit,2026-09-26,55.18,GBP,success,Wolt
T00009864,A000489,C000343,FI,checking,2026-09-26,363.06,USD,success,Wolt
T00006641,A000401,C000469,LV,savings,2026-09-26,427.39,USD,success,Bolt
T00002531,A000294,C000125,EE,credit,2026-09-26,188.80,USD,success,IKEA
T00000759,A000044,C000294,EE,checking,2026-09-26,207.66,USD,success,Bolt
T00005556,A000354,C000009,FI,savings,2026-09-26,13.93,USD,success,Rimi
T00006121,A000372,C000096,FI,savings,2026-09-26,348.89,EUR,success,Rimi
T00009526,A000637,C000457,FI,checking,2026-09-26,20.02,USD,success,Rimi
T00001037,A000033,C000071,LV,checking,2026-09-26,49.11,GBP,success,Tesco
T00008598,A000704,C000025,FI,savings,2026-09-26,95.71,EUR,success,IKEA
T00001092,A000593,C000065,EE,credit,2026-09-26,488.33,USD,success,Spotify
T00000323,A000293,C000232,SE,checking,2026-09-26,488.94,EUR,success,Bolt
T00009955,A000342,C000084,LT,credit,2026-09-26,141.04,USD,success,Rimi
T00003206,A000420,C000121,LV,checking,2026-09-26,339.90,USD,success,IKEA
T00005699,A000649,C000249,LV,credit,2026-09-26,206.29,EUR,success,Spotify
T00008489,A000572,C000319,LV,checking,2026-09-26,375.81,USD,success,Airbnb
T00002081,A000086,C000301,LV,credit,2026-09-26,122.25,USD,success,Steam
T00002030,A000739,C000420,FI,credit,2026-09-26,297.60,GBP,success,Steam
T00001160,A000074,C000212,LV,savings,2026-09-26,157.01,EUR,success,Netflix
T00007836,A000594,C000172,LV,checking,2026-09-26,252.74,USD,success,Amazon
T00009537,A000366,C000326,FI,checking,2026-09-26,348.12,EUR,success,IKEA
T00003042,A000257,C000243,LT,checking,2026-09-26,356.27,USD,success,Wolt
T00003498,A000403,C000250,LT,savings,2026-09-26,62.04,EUR,success,Tesco
T00005213,A000318,C000034,EE,credit,2026-09-26,386.08,USD,success,Airbnb
T00005527,A000649,C000249,LV,credit,2026-09-26,267.21,USD,success,Rimi
T00002541,A000086,C000301,LV,credit,2026-09-26,460.84,EUR,success,Steam
T00009992,A000017,C000304,SE,savings,2026-09-26,166.06,USD,success,Wolt
T00001887,A000371,C000327,FI,credit,2026-09-26,336.75,GBP,success,Rimi
T00004247,A000311,C000368,EE,savings,2026-09-26,144.91,USD,success,Netflix
T00001559,A000520,C000489,EE,checking,2026-09-26,324.33,EUR,success,Netflix
T00003522,A000542,C000087,FI,credit,2026-09-26,395.03,EUR,success,Spotify
T00004451,A000745,C000012,LV,savings,2026-09-26,188.83,USD,success,IKEA
T00005844,A000060,C000199,SE,savings,2026-09-26,284.21,EUR,success,Rimi
T00007133,A000340,C000437,SE,credit,2026-09-26,305.82,GBP,success,Netflix
T00001127,A000504,C000449,FI,credit,2026-09-26,30.75,USD,success,Airbnb
T00007488,A000446,C000315,LT,checking,2026-09-26,464.23,USD,success,Spotify
T00003405,A000061,C000348,SE,checking,2026-09-26,428.53,GBP,success,Wolt
T00006813,A000108,C000089,FI,checking,2026-09-26,318.80,GBP,success,Steam
T00008573,A000555,C000379,FI,credit,2026-09-26,411.68,EUR,success,Spotify
T00009192,A000511,C000469,LV,savings,2026-09-26,404.05,GBP,success,Wolt
T00005814,A000117,C000141,SE,savings,2026-09-26,247.82,GBP,success,Tesco
T00000348,A000093,C000126,FI,credit,2026-09-26,408.34,GBP,success,Rimi
T00004264,A000541,C000470,LV,savings,2026-09-26,357.79,GBP,success,Netflix
T00004160,A000198,C000225,FI,savings,2026-09-26,444.57,USD,success,Tesco
T00004864,A000571,C000127,LT,savings,2026-09-26,130.55,USD,failed,Airbnb
T00000974,A000388,C000380,FI,credit,2026-09-26,141.22,GBP,pending,Tesco
T00007183,A000332,C000225,FI,checking,2026-09-26,155.34,EUR,success,Netflix
T00009912,A000699,C000034,EE,savings,2026-09-26,275.74,USD,success,Spotify
T00000179,A000607,C000192,SE,checking,2026-09-26,376.02,USD,success,IKEA
T00008312,A000446,C000315,LT,checking,2026-09-26,436.87,GBP,success,Steam
T00008240,A000157,C000074,LT,checking,2026-09-26,303.91,GBP,success,Airbnb
T00003973,A000556,C000111,SE,checking,2026-09-26,201.87,GBP,success,Wolt
T00008615,A000256,C000023,FI,checking,2026-09-26,388.21,GBP,success,Rimi
T00009921,A000322,C000218,SE,savings,2026-09-26,311.73,EUR,success,Airbnb
T00006656,A000033,C000071,LV,checking,2026-09-26,2.02,GBP,success,Rimi
T00001642,A000388,C000380,FI,credit,2026-09-26,43.54,USD,success,Spotify
T00000804,A000649,C000249,LV,credit,2026-09-26,129.63,USD,success,Bolt
T00008628,A000682,C000075,EE,checking,2026-09-26,171.23,EUR,success,Bolt
T00005072,A000633,C000132,EE,credit,2026-09-26,338.13,GBP,success,Bolt
T00003920,A000169,C000242,FI,checking,2026-09-26,390.11,GBP,success,Bolt
T00001382,A000432,C000487,FI,credit,2026-09-26,408.11,GBP,success,Bolt
T00001807,A000352,C000252,FI,credit,2026-09-26,190.97,EUR,success,Rimi
T00002435,A000455,C000060,EE,checking,2026-09-26,226.74,USD,success,Amazon
T00004007,A000354,C000009,FI,savings,2026-09-26,223.44,GBP,success,Wolt
T00001755,A000540,C000482,LT,savings,2026-09-26,145.70,EUR,success,Amazon
T00004284,A000384,C000199,SE,checking,2026-09-26,35.38,EUR,success,Amazon
T00004992,A000508,C000123,FI,credit,2026-09-26,413.02,EUR,success,Netflix
T00003722,A000570,C000066,LV,checking,2026-09-26,152.29,GBP,success,Wolt
T00001934,A000478,C000362,FI,checking,2026-09-26,477.81,USD,success,Netflix
T00002459,A000263,C000149,EE,checking,2026-09-26,29.52,USD,success,Spotify
T00003001,A000100,C000056,LT,checking,2026-09-26,42.04,EUR,failed,Steam
T00002860,A000086,C000301,LV,credit,2026-09-26,35.10,USD,success,Bolt
T00008422,A000234,C000141,SE,checking,2026-09-26,254.23,USD,success,Netflix
T00000949,A000100,C000056,LT,checking,2026-09-26,347.63,USD,success,Airbnb
T00008114,A000091,C000293,SE,savings,2026-09-26,231.97,USD,success,Tesco
T00003555,A000539,C000043,LT,checking,2026-09-26,15.71,USD,success,Spotify
T00006306,A000178,C000401,SE,credit,2026-09-26,332.71,GBP,success,Tesco
T00009815,A000365,C000392,SE,checking,2026-09-26,314.10,EUR,success,Amazon
T00006385,A000633,C000132,EE,credit,2026-09-26,161.37,USD,success,Bolt
T00005060,A000240,C000059,LT,savings,2026-09-26,340.86,USD,success,Rimi
T00005344,A000423,C000138,FI,credit,2026-09-26,455.03,USD,success,Spotify
T00008070,A000171,C000034,EE,checking,2026-09-26,471.83,GBP,success,IKEA
T00006442,A000264,C000498,FI,checking,2026-09-26,167.65,EUR,success,IKEA
T00004945,A000421,C000106,SE,checking,2026-09-26,181.22,EUR,failed,Tesco
T00009359,A000667,C000198,FI,credit,2026-09-26,93.01,EUR,success,Netflix
T00003544,A000137,C000007,FI,credit,2026-09-26,176.29,EUR,success,Airbnb
T00007386,A000690,C000278,FI,checking,2026-09-26,372.01,GBP,success,Tesco
T00001007,A000490,C000384,LT,savings,2026-09-26,438.83,GBP,success,Amazon
T00005354,A000202,C000412,EE,savings,2026-09-26,451.98,EUR,success,IKEA
T00008885,A000282,C000168,EE,savings,2026-09-26,80.41,GBP,success,IKEA
T00005280,A000425,C000418,LV,checking,2026-09-26,299.75,GBP,success,Rimi
T00001115,A000713,C000354,EE,checking,2026-09-26,447.91,USD,success,IKEA
T00003902,A000252,C000486,FI,checking,2026-09-26,45.19,GBP,success,Steam
T00009101,A000230,C000421,EE,checking,2026-09-26,192.26,EUR,success,Steam
T00008873,A000570,C000066,LV,checking,2026-09-26,470.87,USD,success,Tesco
T00004475,A000012,C000455,LV,savings,2026-09-26,7.90,EUR,success,Tesco
T00002910,A000271,C000436,LT,savings,2026-09-26,105.79,GBP,success,Bolt
T00008303,A000137,C000007,FI,credit,2026-09-26,23.32,USD,success,Steam
T00009778,A000570,C000066,LV,checking,2026-09-26,144.12,USD,success,Airbnb
T00006520,A000329,C000078,FI,credit,2026-09-26,110.59,EUR,success,Steam
T00008009,A000148,C000078,FI,savings,2026-09-26,349.25,USD,success,Wolt
T00006078,A000259,C000350,SE,savings,2026-09-26,391.70,USD,success,Tesco
T00005930,A000730,C000487,FI,checking,2026-09-26,495.91,USD,success,IKEA
T00005619,A000475,C000406,SE,credit,2026-09-26,46.42,GBP,success,Rimi
T00003863,A000677,C000174,LV,checking,2026-09-26,358.73,EUR,success,Tesco
T00008960,A000117,C000141,SE,savings,2026-09-26,306.58,USD,success,Amazon
T00008871,A000165,C000061,EE,credit,2026-09-26,458.21,EUR,success,Airbnb
T00005972,A000351,C000229,SE,credit,2026-09-26,111.75,USD,success,IKEA
T00004814,A000445,C000173,LV,savings,2026-09-26,139.58,GBP,success,Rimi
T00004550,A000538,C000280,LT,credit,2026-09-26,50.88,GBP,success,Netflix
T00005899,A000160,C000003,LT,credit,2026-09-26,30.64,EUR,success,Netflix
T00005202,A000577,C000375,EE,checking,2026-09-26,135.75,USD,success,IKEA
T00007464,A000495,C000483,SE,checking,2026-09-26,379.55,USD,success,Airbnb
T00001146,A000657,C000317,EE,checking,2026-09-26,339.41,GBP,failed,Amazon
T00003023,A000717,C000214,FI,savings,2026-09-26,300.48,GBP,success,Amazon
T00008223,A000501,C000351,EE,checking,2026-09-26,79.87,USD,success,Wolt
T00008852,A000598,C000101,EE,credit,2026-09-26,317.96,GBP,success,Wolt
T00006455,A000314,C000099,LV,credit,2026-09-26,424.31,GBP,success,Netflix
T00000330,A000147,C000484,SE,credit,2026-09-26,487.79,USD,success,Rimi
T00007924,A000598,C000101,EE,credit,2026-09-26,263.73,EUR,success,Wolt
T00007310,A000618,C000434,LT,credit,2026-09-26,372.81,USD,success,IKEA
T00004305,A000290,C000478,LT,savings,2026-09-26,281.88,USD,success,Bolt
T00000058,A000733,C000238,FI,checking,2026-09-26,200.00,GBP,failed,Airbnb
T00004058,A000731,C000068,FI,checking,2026-09-26,446.52,USD,success,Airbnb
T00005627,A000647,C000264,EE,credit,2026-09-26,283.01,GBP,success,Rimi
T00002500,A000495,C000483,SE,checking,2026-09-26,45.55,EUR,success,Bolt
T00002570,A000141,C000170,LV,savings,2026-09-26,252.08,GBP,success,Wolt
T00007554,A000486,C000307,FI,credit,2026-09-26,269.94,USD,success,Amazon
T00001583,A000449,C000052,FI,checking,2026-09-26,318.02,EUR,success,Amazon
T00006297,A000556,C000111,SE,checking,2026-09-26,488.39,EUR,failed,Netflix
T00001186,A000526,C000175,SE,credit,2026-09-26,282.55,USD,pending,Rimi
T00003714,A000244,C000451,EE,savings,2026-09-26,429.88,USD,success,Steam
T00002930,A000010,C000282,FI,credit,2026-09-26,199.01,EUR,success,Rimi
T00001677,A000613,C000401,SE,checking,2026-09-26,248.59,GBP,success,Wolt
T00007685,A000628,C000384,LT,savings,2026-09-26,411.78,USD,success,Amazon
T00001502,A000252,C000486,FI,checking,2026-09-26,249.84,GBP,success,Spotify
T00009719,A000493,C000053,EE,savings,2026-09-26,361.48,GBP,success,Spotify
T00008750,A000321,C000194,LV,checking,2026-09-26,78.67,GBP,success,Spotify
T00006829,A000262,C000116,LV,checking,2026-09-26,499.79,GBP,success,Wolt
T00000382,A000367,C000072,FI,credit,2026-09-26,382.32,EUR,success,Amazon
T00000640,A000404,C000034,EE,credit,2026-09-26,482.56,GBP,success,Tesco
T00004941,A000536,C000199,SE,checking,2026-09-26,489.35,USD,success,Rimi
T00004694,A000013,C000282,FI,savings,2026-09-26,350.62,GBP,success,Amazon
T00000292,A000404,C000034,EE,credit,2026-09-26,489.63,USD,success,IKEA
T00001512,A000503,C000120,SE,savings,2026-09-26,280.50,USD,success,Tesco
T00000084,A000492,C000458,EE,credit,2026-09-26,93.39,GBP,success,Bolt
T00005916,A000113,C000368,EE,credit,2026-09-26,102.30,GBP,success,IKEA
T00004314,A000485,C000457,FI,credit,2026-09-26,478.21,USD,success,Wolt
T00009989,A000429,C000055,SE,checking,2026-09-26,8.23,USD,success,Steam
T00000105,A000421,C000106,SE,checking,2026-09-26,106.79,GBP,success,Spotify
T00006247,A000430,C000225,FI,checking,2026-09-26,294.79,USD,success,Spotify
T00003170,A000599,C000021,FI,credit,2026-09-26,382.23,GBP,success,Tesco
T00008014,A000674,C000256,FI,savings,2026-09-26,455.66,USD,success,Airbnb
T00008305,A000173,C000233,EE,credit,2026-09-26,319.26,USD,success,Rimi
T00008669,A000535,C000342,EE,checking,2026-09-26,379.90,USD,failed,Rimi
T00001302,A000268,C000213,SE,checking,2026-09-26,291.01,EUR,failed,Airbnb
T00005564,A000029,C000223,EE,credit,2026-09-26,390.32,GBP,success,Wolt
T00004263,A000526,C000175,SE,credit,2026-09-26,104.63,GBP,success,Spotify
T00002840,A000504,C000449,FI,credit,2026-09-26,485.69,EUR,success,Tesco
T00003416,A000671,C000253,EE,credit,2026-09-26,15.82,USD,success,IKEA
T00006480,A000034,C000300,LT,savings,2026-09-26,103.12,EUR,success,IKEA
T00000289,A000413,C000307,FI,savings,2026-09-26,331.63,GBP,success,Steam
T00009347,A000454,C000061,EE,credit,2026-09-26,247.02,GBP,success,Tesco
T00003077,A000743,C000077,FI,savings,2026-09-26,136.26,USD,success,Bolt
T00004240,A000085,C000276,LT,credit,2026-09-26,146.00,USD,success,Spotify
T00006134,A000616,C000032,FI,savings,2026-09-26,171.34,USD,success,Steam
T00002696,A000561,C000129,SE,checking,2026-09-26,159.50,GBP,success,Steam
T00005714,A000012,C000455,LV,savings,2026-09-26,379.86,USD,success,Netflix
T00004807,A000441,C000205,SE,checking,2026-09-26,78.86,USD,success,Wolt
T00002716,A000440,C000450,LT,checking,2026-09-26,349.05,USD,success,Netflix
T00005584,A000440,C000450,LT,checking,2026-09-26,243.08,EUR,success,Steam
T00000361,A000498,C000363,LT,credit,2026-09-26,436.63,EUR,success,Steam
T00001962,A000207,C000153,EE,savings,2026-09-26,284.64,USD,success,Airbnb
T00004100,A000282,C000168,EE,savings,2026-09-26,108.87,EUR,success,Wolt
T00005124,A000311,C000368,EE,savings,2026-09-26,330.64,USD,failed,IKEA
T00006942,A000221,C000452,SE,savings,2026-09-26,465.52,EUR,failed,IKEA
T00008455,A000479,C000350,SE,checking,2026-09-26,377.83,EUR,success,IKEA
T00007936,A000354,C000009,FI,savings,2026-09-26,307.77,GBP,success,Airbnb
T00006858,A000390,C000024,LV,savings,2026-09-26,396.86,EUR,success,Steam
T00005252,A000601,C000412,EE,savings,2026-09-26,155.21,USD,success,Netflix
T00001543,A000170,C000092,SE,savings,2026-09-25,3.93,USD,success,Rimi
T00002791,A000682,C000075,EE,checking,2026-09-25,334.00,GBP,pending,Amazon
T00002615,A000059,C000415,SE,credit,2026-09-25,322.23,EUR,success,Amazon
T00009361,A000061,C000348,SE,checking,2026-09-25,221.44,GBP,success,Bolt
T00009756,A000002,C000487,FI,credit,2026-09-25,481.70,EUR,success,Amazon
T00004417,A000678,C000325,LT,savings,2026-09-25,401.37,EUR,success,Netflix
T00004825,A000063,C000382,LT,savings,2026-09-25,304.10,USD,success,Netflix
T00001714,A000675,C000482,LT,credit,2026-09-25,486.41,USD,success,IKEA
T00000720,A000065,C000137,LV,credit,2026-09-25,133.46,GBP,success,Airbnb
T00000567,A000674,C000256,FI,savings,2026-09-25,371.59,USD,success,Rimi
T00005629,A000069,C000483,SE,checking,2026-09-25,158.29,USD,success,Spotify
T00001777,A000069,C000483,SE,checking,2026-09-25,428.48,GBP,failed,Tesco
T00007974,A000669,C000447,EE,credit,2026-09-25,224.34,GBP,success,Wolt
T00007491,A000071,C000374,SE,checking,2026-09-25,235.60,GBP,success,Amazon
T00006202,A000336,C000114,EE,credit,2026-09-25,48.16,USD,success,Amazon
T00007195,A000072,C000148,LV,credit,2026-09-25,414.15,GBP,success,IKEA
T00004487,A000072,C000148,LV,credit,2026-09-25,368.64,EUR,failed,Spotify
T00005243,A000002,C000487,FI,credit,2026-09-25,223.24,EUR,success,Wolt
T00006128,A000073,C000319,LV,savings,2026-09-25,499.20,EUR,success,Airbnb
T00000879,A000073,C000319,LV,savings,2026-09-25,76.69,EUR,success,Bolt
T00000834,A000073,C000319,LV,savings,2026-09-25,132.77,USD,success,Tesco
T00007563,A000074,C000212,LV,savings,2026-09-25,315.80,EUR,success,Rimi
T00003299,A000707,C000086,SE,savings,2026-09-25,2.89,GBP,success,Bolt
T00006061,A000075,C000184,EE,savings,2026-09-25,73.97,USD,success,Airbnb
T00003471,A000079,C000205,SE,savings,2026-09-25,103.38,EUR,success,Rimi
T00001497,A000035,C000221,FI,credit,2026-09-25,360.97,EUR,success,Spotify
T00006461,A000658,C000090,LV,credit,2026-09-25,175.23,EUR,success,Bolt
T00008026,A000745,C000012,LV,savings,2026-09-25,405.57,GBP,success,Netflix
T00004932,A000337,C000239,LV,credit,2026-09-25,89.52,GBP,success,IKEA
T00008579,A000003,C000098,FI,savings,2026-09-25,77.31,USD,success,Rimi
T00000926,A000651,C000051,FI,credit,2026-09-25,145.62,EUR,success,Wolt
T00003627,A000397,C000474,EE,checking,2026-09-25,496.49,USD,success,Steam
T00002253,A000090,C000034,EE,checking,2026-09-25,433.81,USD,success,Netflix
T00006957,A000711,C000414,LT,credit,2026-09-25,480.64,GBP,success,Amazon
T00005229,A000093,C000126,FI,credit,2026-09-25,315.61,USD,success,Tesco
T00006188,A000397,C000474,EE,checking,2026-09-25,262.74,GBP,success,IKEA
T00000696,A000010,C000282,FI,credit,2026-09-25,90.17,USD,success,Wolt
T00006746,A000098,C000234,LV,credit,2026-09-25,440.29,USD,success,Rimi
T00004980,A000643,C000277,FI,credit,2026-09-25,355.78,USD,success,Netflix
T00007444,A000642,C000109,SE,credit,2026-09-25,15.82,EUR,success,IKEA
T00004426,A000003,C000098,FI,savings,2026-09-25,490.54,USD,success,Rimi
T00003779,A000376,C000281,EE,credit,2026-09-25,115.38,USD,failed,Rimi
T00007520,A000639,C000321,SE,savings,2026-09-25,236.42,EUR,success,Spotify
T00005557,A000101,C000335,EE,checking,2026-09-25,269.13,EUR,failed,Spotify
T00001278,A000638,C000085,LV,savings,2026-09-25,293.16,USD,success,Bolt
T00002348,A000101,C000335,EE,checking,2026-09-25,331.20,EUR,success,Airbnb
T00008780,A000102,C000395,FI,credit,2026-09-25,191.62,USD,success,Tesco
T00006792,A000638,C000085,LV,savings,2026-09-25,382.55,EUR,failed,Rimi
T00009502,A000638,C000085,LV,savings,2026-09-25,484.53,EUR,success,Wolt
T00009070,A000338,C000123,FI,credit,2026-09-25,320.45,EUR,success,Airbnb
T00001360,A000104,C000047,LT,savings,2026-09-25,349.07,USD,success,Steam
T00004942,A000635,C000490,SE,credit,2026-09-25,441.48,GBP,success,Netflix
T00003879,A000107,C000069,LT,credit,2026-09-25,470.91,GBP,success,IKEA
T00005669,A000631,C000304,SE,checking,2026-09-25,424.60,USD,failed,Airbnb
T00006546,A000110,C000266,LV,savings,2026-09-25,489.92,USD,failed,Amazon
T00001229,A000110,C000266,LV,savings,2026-09-25,96.15,GBP,success,Wolt
T00009388,A000111,C000404,LT,credit,2026-09-25,120.08,EUR,success,Netflix
T00009881,A000395,C000193,EE,credit,2026-09-25,84.23,USD,success,Rimi
T00001039,A000113,C000368,EE,credit,2026-09-25,404.95,GBP,success,Amazon
T00002769,A000627,C000022,LV,credit,2026-09-25,241.51,GBP,success,Spotify
T00007019,A000114,C000409,SE,credit,2026-09-25,210.35,EUR,success,Rimi
T00001694,A000117,C000141,SE,savings,2026-09-25,165.00,USD,success,Steam
T00005924,A000118,C000202,LT,savings,2026-09-25,28.76,GBP,failed,Bolt
T00009566,A000122,C000235,LT,credit,2026-09-25,411.40,GBP,success,Netflix
T00003625,A000620,C000014,LV,savings,2026-09-25,200.94,USD,success,IKEA
T00002497,A000028,C000264,EE,checking,2026-09-25,195.78,EUR,success,Netflix
T00005717,A000615,C000249,LV,credit,2026-09-25,199.51,EUR,success,Wolt
T00002511,A000339,C000345,EE,credit,2026-09-25,266.31,EUR,success,Rimi
T00007448,A000127,C000232,SE,savings,2026-09-25,313.11,GBP,success,Airbnb
T00008814,A000393,C000457,FI,savings,2026-09-25,392.57,USD,success,Amazon
T00001785,A000130,C000173,LV,savings,2026-09-25,457.87,USD,success,Spotify
T00006686,A000748,C000148,LV,credit,2026-09-25,132.65,EUR,success,Tesco
T00009443,A000134,C000417,LV,credit,2026-09-25,403.10,GBP,pending,Tesco
T00007739,A000134,C000417,LV,credit,2026-09-25,113.22,GBP,success,Spotify
T00000089,A000609,C000349,LT,checking,2026-09-25,128.27,EUR,success,Airbnb
T00007355,A000136,C000042,SE,savings,2026-09-25,302.23,EUR,success,IKEA
T00004657,A000608,C000210,LV,savings,2026-09-25,339.22,EUR,success,Steam
T00002749,A000139,C000420,FI,checking,2026-09-25,486.97,EUR,success,IKEA
T00000825,A000605,C000109,SE,credit,2026-09-25,422.44,GBP,success,Wolt
T00002100,A000357,C000249,LV,savings,2026-09-25,333.69,USD,success,Wolt
T00004225,A000605,C000109,SE,credit,2026-09-25,170.19,GBP,success,Airbnb
T00003334,A000604,C000085,LV,checking,2026-09-25,444.94,EUR,success,Netflix
T00000103,A000026,C000003,LT,checking,2026-09-25,424.40,USD,success,IKEA
T00002727,A000340,C000437,SE,credit,2026-09-25,317.68,USD,success,Spotify
T00006771,A000603,C000437,SE,savings,2026-09-25,172.60,GBP,success,Spotify
T00001657,A000602,C000014,LV,credit,2026-09-25,111.26,USD,success,Bolt
T00005774,A000144,C000358,EE,credit,2026-09-25,318.32,EUR,success,Wolt
T00005074,A000004,C000410,LT,credit,2026-09-25,367.78,GBP,failed,Steam
T00003267,A000601,C000412,EE,savings,2026-09-25,126.59,USD,success,Rimi
T00003711,A000004,C000410,LT,credit,2026-09-25,43.15,EUR,success,Wolt
T00000366,A000146,C000255,FI,savings,2026-09-25,423.36,EUR,failed,Rimi
T00005642,A000598,C000101,EE,credit,2026-09-25,89.50,EUR,success,Amazon
T00005931,A000598,C000101,EE,credit,2026-09-25,435.30,USD,success,Steam
T00006053,A000147,C000484,SE,credit,2026-09-25,323.75,EUR,success,Rimi
T00004739,A000597,C000361,EE,savings,2026-09-25,467.03,GBP,success,Spotify
T00002754,A000149,C000211,FI,savings,2026-09-25,196.87,GBP,success,Spotify
T00000110,A000153,C000357,FI,savings,2026-09-25,32.16,EUR,success,IKEA
T00008479,A000154,C000306,SE,credit,2026-09-25,224.57,USD,success,Amazon
T00004424,A000588,C000392,SE,checking,2026-09-25,102.49,USD,success,Airbnb
T00004188,A000155,C000467,SE,savings,2026-09-25,119.15,GBP,success,IKEA
T00005603,A000587,C000005,FI,credit,2026-09-25,167.28,EUR,success,Amazon
T00002236,A000586,C000221,FI,checking,2026-09-25,497.15,GBP,success,Airbnb
T00000803,A000585,C000363,LT,checking,2026-09-25,65.57,USD,success,Tesco
T00007289,A000159,C000155,EE,savings,2026-09-25,417.38,EUR,success,Spotify
T00002118,A000159,C000155,EE,savings,2026-09-25,460.48,USD,success,Steam
T00009196,A000584,C000056,LT,checking,2026-09-25,176.57,EUR,success,Spotify
T00001614,A000583,C000493,FI,checking,2026-09-25,36.51,USD,success,Netflix
T00006056,A000582,C000400,SE,checking,2026-09-25,328.15,USD,success,Wolt
T00004090,A000580,C000036,LV,credit,2026-09-25,333.52,EUR,success,IKEA
T00002143,A000162,C000176,LV,checking,2026-09-25,101.53,GBP,success,Netflix
T00002547,A000578,C000404,LT,checking,2026-09-25,218.36,USD,success,Tesco
T00005327,A000164,C000015,LT,savings,2026-09-25,448.85,USD,success,Rimi
T00003104,A000574,C000237,EE,savings,2026-09-25,462.60,USD,success,Airbnb
T00007433,A000166,C000246,EE,credit,2026-09-25,133.47,GBP,success,Airbnb
T00002220,A000390,C000024,LV,savings,2026-09-25,486.35,USD,success,Rimi
T00007387,A000168,C000101,EE,checking,2026-09-25,378.68,USD,success,Amazon
T00008043,A000023,C000204,SE,credit,2026-09-25,383.98,GBP,success,Tesco
T00003444,A000723,C000438,LT,credit,2026-09-25,261.30,USD,success,Airbnb
T00007907,A000173,C000233,EE,credit,2026-09-25,147.49,EUR,success,IKEA
T00005113,A000173,C000233,EE,credit,2026-09-25,442.45,GBP,success,Amazon
T00000180,A000174,C000355,FI,savings,2026-09-25,113.69,EUR,success,Steam
T00008187,A000175,C000224,SE,checking,2026-09-25,386.30,EUR,success,Wolt
T00007802,A000175,C000224,SE,checking,2026-09-25,349.72,GBP,success,Bolt
T00006517,A000175,C000224,SE,checking,2026-09-25,109.19,USD,success,Spotify
T00009848,A000176,C000432,FI,savings,2026-09-25,95.48,EUR,success,IKEA
T00002809,A000740,C000194,LV,checking,2026-09-25,231.53,GBP,success,Spotify
T00001477,A000178,C000401,SE,credit,2026-09-25,243.07,EUR,success,Tesco
T00009157,A000179,C000018,LV,credit,2026-09-25,174.97,GBP,success,Bolt
T00001282,A000561,C000129,SE,checking,2026-09-25,359.25,USD,success,Tesco
T00005823,A000183,C000357,FI,savings,2026-09-25,379.39,GBP,failed,Wolt
T00002779,A000555,C000379,FI,credit,2026-09-25,489.89,EUR,success,Tesco
T00007382,A000187,C000279,LT,savings,2026-09-25,168.88,EUR,success,Bolt
T00001695,A000551,C000363,LT,checking,2026-09-25,114.51,USD,failed,Netflix
T00005909,A000550,C000343,FI,credit,2026-09-25,266.04,EUR,success,Spotify
T00006368,A000189,C000348,SE,checking,2026-09-25,344.65,USD,success,Bolt
T00009207,A000193,C000210,LV,checking,2026-09-25,439.91,EUR,success,Amazon
T00003216,A000545,C000269,SE,savings,2026-09-25,96.90,EUR,failed,Rimi
T00009711,A000545,C000269,SE,savings,2026-09-25,217.23,USD,success,Rimi
T00006521,A000196,C000326,FI,credit,2026-09-25,304.38,GBP,success,Airbnb
T00003467,A000343,C000075,EE,checking,2026-09-25,169.78,USD,success,Rimi
T00006996,A000544,C000081,SE,checking,2026-09-25,95.86,EUR,success,Airbnb
T00004275,A000197,C000147,LV,credit,2026-09-25,372.00,EUR,success,Wolt
T00004062,A000197,C000147,LV,credit,2026-09-25,43.11,USD,success,Tesco
T00002972,A000343,C000075,EE,checking,2026-09-25,321.38,EUR,failed,Rimi
T00006314,A000540,C000482,LT,savings,2026-09-25,297.09,USD,success,Amazon
T00003556,A000539,C000043,LT,checking,2026-09-25,136.54,USD,success,IKEA
T00002142,A000202,C000412,EE,savings,2026-09-25,388.36,GBP,success,Tesco
T00009384,A000535,C000342,EE,checking,2026-09-25,386.58,EUR,success,Steam
T00007605,A000207,C000153,EE,savings,2026-09-25,266.14,USD,success,Tesco
T00005913,A000209,C000090,LV,savings,2026-09-25,267.64,EUR,success,Rimi
T00004283,A000018,C000059,LT,credit,2026-09-25,317.71,GBP,success,Wolt
T00008726,A000210,C000144,FI,savings,2026-09-25,143.71,EUR,success,Netflix
T00005522,A000211,C000349,LT,checking,2026-09-25,447.07,GBP,success,Spotify
T00005112,A000213,C000462,SE,checking,2026-09-25,224.13,EUR,failed,Airbnb
T00003234,A000213,C000462,SE,checking,2026-09-25,320.59,USD,success,Netflix
T00000124,A000739,C000420,FI,credit,2026-09-25,20.81,USD,success,Wolt
T00006566,A000526,C000175,SE,credit,2026-09-25,480.88,EUR,success,Tesco
T00008416,A000526,C000175,SE,credit,2026-09-25,437.33,GBP,success,IKEA
T00007303,A000525,C000353,SE,savings,2026-09-25,80.54,GBP,success,Airbnb
T00006088,A000216,C000226,SE,credit,2026-09-25,497.81,USD,success,Bolt
T00000291,A000216,C000226,SE,credit,2026-09-25,231.87,GBP,success,IKEA
T00007889,A000217,C000013,LV,savings,2026-09-25,29.09,USD,success,Netflix
T00000264,A000376,C000281,EE,credit,2026-09-25,382.78,USD,success,Airbnb
T00003909,A000017,C000304,SE,savings,2026-09-25,37.84,EUR,success,Wolt
T00008392,A000221,C000452,SE,savings,2026-09-25,403.14,GBP,success,Amazon
T00005027,A000518,C000399,SE,savings,2026-09-25,162.81,EUR,success,Steam
T00008987,A000518,C000399,SE,savings,2026-09-25,67.17,USD,success,Netflix
T00003397,A000516,C000047,LT,savings,2026-09-25,57.28,EUR,success,IKEA
T00007012,A000515,C000056,LT,credit,2026-09-25,213.20,USD,success,Spotify
T00001837,A000225,C000298,LT,credit,2026-09-25,98.36,EUR,success,Netflix
T00004073,A000730,C000487,FI,checking,2026-09-25,48.55,USD,success,Netflix
T00008787,A000229,C000208,FI,savings,2026-09-25,484.78,GBP,failed,Tesco
T00009505,A000230,C000421,EE,checking,2026-09-25,118.38,EUR,success,Rimi
T00006302,A000016,C000172,LV,checking,2026-09-25,260.76,USD,success,Airbnb
T00005176,A000507,C000338,SE,credit,2026-09-25,254.50,USD,success,Amazon
T00005778,A000232,C000127,LT,credit,2026-09-25,104.74,EUR,success,Rimi
T00006941,A000506,C000437,SE,checking,2026-09-25,436.07,GBP,success,Steam
T00007250,A000233,C000072,FI,credit,2026-09-25,430.47,USD,success,Netflix
T00002369,A000233,C000072,FI,credit,2026-09-25,462.27,USD,success,Amazon
T00009117,A000505,C000121,LV,checking,2026-09-25,49.34,EUR,success,Netflix
T00007931,A000504,C000449,FI,credit,2026-09-25,27.90,EUR,success,Steam
T00009186,A000504,C000449,FI,credit,2026-09-25,401.81,GBP,success,Steam
T00005587,A000236,C000132,EE,credit,2026-09-25,373.38,GBP,success,Netflix
T00009521,A000503,C000120,SE,savings,2026-09-25,161.49,GBP,success,Steam
T00000824,A000236,C000132,EE,credit,2026-09-25,347.53,EUR,success,Steam
T00004508,A000501,C000351,EE,checking,2026-09-25,260.18,GBP,success,Wolt
T00007538,A000501,C000351,EE,checking,2026-09-25,258.96,EUR,success,Steam
T00002847,A000015,C000110,FI,savings,2026-09-25,31.55,GBP,success,IKEA
T00006257,A000242,C000442,LV,checking,2026-09-25,89.70,EUR,success,IKEA
T00004389,A000244,C000451,EE,savings,2026-09-25,100.74,EUR,success,Tesco
T00001475,A000731,C000068,FI,checking,2026-09-25,336.87,GBP,success,Tesco
T00000219,A000246,C000380,FI,checking,2026-09-25,327.54,EUR,success,Bolt
T00007456,A000493,C000053,EE,savings,2026-09-25,375.39,GBP,success,Tesco
T00005193,A000377,C000499,FI,savings,2026-09-25,247.72,USD,success,Bolt
T00000396,A000248,C000451,EE,savings,2026-09-25,358.92,EUR,success,Wolt
T00009126,A000732,C000382,LT,credit,2026-09-25,41.87,GBP,success,Steam
T00008603,A000732,C000382,LT,credit,2026-09-25,200.38,EUR,success,Steam
T00006237,A000491,C000422,EE,credit,2026-09-25,235.10,EUR,success,Amazon
T00001313,A000489,C000343,FI,checking,2026-09-25,98.20,GBP,success,Netflix
T00003657,A000489,C000343,FI,checking,2026-09-25,404.76,GBP,success,Amazon
T00001130,A000734,C000253,EE,credit,2026-09-25,19.19,EUR,success,Netflix
T00001775,A000252,C000486,FI,checking,2026-09-25,494.31,GBP,success,Tesco
T00000371,A000377,C000499,FI,savings,2026-09-25,140.45,GBP,success,Bolt
T00009905,A000484,C000428,EE,savings,2026-09-25,116.73,GBP,success,Netflix
T00001500,A000254,C000118,LT,savings,2026-09-25,259.15,USD,success,Wolt
T00008708,A000483,C000269,SE,savings,2026-09-25,473.43,EUR,pending,Steam
T00008946,A000483,C000269,SE,savings,2026-09-25,451.96,EUR,success,IKEA
T00005274,A000481,C000416,FI,checking,2026-09-25,127.64,USD,success,Amazon
T00007460,A000257,C000243,LT,checking,2026-09-25,4.11,USD,success,Wolt
T00003293,A000258,C000207,LT,credit,2026-09-25,143.11,GBP,success,Spotify
T00004898,A000260,C000088,FI,savings,2026-09-25,9.46,GBP,success,Tesco
T00005049,A000261,C000279,LT,credit,2026-09-25,475.61,USD,success,Tesco
T00003607,A000261,C000279,LT,credit,2026-09-25,281.37,EUR,success,Steam
T00007521,A000477,C000182,SE,checking,2026-09-25,310.86,EUR,success,Amazon
T00000622,A000475,C000406,SE,credit,2026-09-25,32.33,USD,success,Spotify
T00002227,A000011,C000150,FI,credit,2026-09-25,54.62,EUR,success,Spotify
T00004262,A000264,C000498,FI,checking,2026-09-25,419.76,USD,success,Amazon
T00007675,A000474,C000282,FI,credit,2026-09-25,310.35,USD,success,Bolt
T00004663,A000348,C000104,EE,savings,2026-09-25,465.00,USD,success,Steam
T00007644,A000472,C000098,FI,checking,2026-09-25,310.98,GBP,success,Bolt
T00003934,A000267,C000353,SE,credit,2026-09-25,336.63,GBP,success,Bolt
T00007574,A000270,C000473,LT,checking,2026-09-25,276.58,USD,success,Steam
T00009795,A000469,C000254,FI,savings,2026-09-25,192.12,GBP,success,Bolt
T00006670,A000366,C000326,FI,checking,2026-09-25,184.64,EUR,success,Amazon
T00001893,A000273,C000223,EE,credit,2026-09-25,265.87,GBP,success,Wolt
T00001664,A000737,C000283,SE,savings,2026-09-25,341.16,USD,success,Steam
T00007220,A000275,C000005,FI,savings,2026-09-25,16.99,EUR,success,Rimi
T00009842,A000000,C000276,LT,credit,2026-09-25,262.25,GBP,success,Bolt
T00000940,A000460,C000414,LT,credit,2026-09-25,366.90,EUR,success,Amazon
T00005672,A000283,C000443,SE,checking,2026-09-25,228.26,USD,success,Amazon
T00000187,A000283,C000443,SE,checking,2026-09-25,134.28,EUR,success,Netflix
T00004008,A000453,C000330,LV,savings,2026-09-25,344.12,GBP,success,IKEA
T00001675,A000369,C000387,LV,savings,2026-09-25,110.85,USD,success,Rimi
T00007168,A000452,C000051,FI,checking,2026-09-25,88.92,GBP,success,IKEA
T00005173,A000451,C000268,LT,savings,2026-09-25,32.07,GBP,success,Netflix
T00009344,A000451,C000268,LT,savings,2026-09-25,272.78,EUR,success,Amazon
T00005795,A000449,C000052,FI,checking,2026-09-25,25.61,USD,success,Tesco
T00002243,A000448,C000129,SE,savings,2026-09-25,414.09,EUR,success,Wolt
T00000136,A000447,C000419,LV,credit,2026-09-25,416.95,USD,success,Spotify
T00004170,A000294,C000125,EE,credit,2026-09-25,181.69,USD,success,Amazon
T00000886,A000378,C000281,EE,checking,2026-09-25,443.65,EUR,failed,Spotify
T00003131,A000297,C000186,LT,credit,2026-09-25,479.71,USD,success,Bolt
T00007693,A000301,C000312,LT,savings,2026-09-25,233.15,GBP,success,Steam
T00004306,A000439,C000418,LV,credit,2026-09-25,335.51,USD,success,Bolt
T00006171,A000439,C000418,LV,credit,2026-09-25,252.04,GBP,success,Netflix
T00000963,A000438,C000298,LT,credit,2026-09-25,266.92,EUR,success,Spotify
T00005477,A000438,C000298,LT,credit,2026-09-25,53.95,EUR,success,Netflix
T00005525,A000437,C000083,LV,checking,2026-09-25,414.23,USD,success,Rimi
T00003972,A000436,C000456,LT,checking,2026-09-25,46.84,USD,success,Bolt
T00002205,A000304,C000494,SE,savings,2026-09-25,330.77,USD,failed,Bolt
T00009616,A000435,C000171,FI,credit,2026-09-25,116.07,USD,success,Tesco
T00007706,A000434,C000015,LT,credit,2026-09-25,236.96,GBP,success,Airbnb
T00008761,A000433,C000453,SE,savings,2026-09-25,151.67,EUR,success,Wolt
T00003562,A000432,C000487,FI,credit,2026-09-25,220.11,EUR,success,Amazon
T00000063,A000308,C000429,SE,savings,2026-09-25,104.39,EUR,success,Steam
T00000224,A000431,C000230,FI,savings,2026-09-25,205.72,EUR,success,Rimi
T00005163,A000309,C000212,LV,credit,2026-09-25,99.00,GBP,success,Bolt
T00003724,A000009,C000240,LV,checking,2026-09-25,354.42,GBP,success,Amazon
T00002788,A000429,C000055,SE,checking,2026-09-25,354.53,USD,success,Spotify
T00002317,A000428,C000475,FI,savings,2026-09-25,360.72,EUR,success,Amazon
T00003390,A000426,C000217,LV,checking,2026-09-25,85.79,EUR,success,Bolt
T00004346,A000424,C000383,SE,savings,2026-09-25,118.46,GBP,success,Netflix
T00003833,A000423,C000138,FI,credit,2026-09-25,244.36,GBP,success,Bolt
T00000417,A000317,C000284,FI,checking,2026-09-25,150.97,USD,success,Bolt
T00002074,A000417,C000421,EE,checking,2026-09-25,349.62,GBP,success,Tesco
T00005664,A000322,C000218,SE,savings,2026-09-25,398.71,USD,success,Netflix
T00001325,A000412,C000155,EE,checking,2026-09-25,416.62,USD,success,Wolt
T00006045,A000412,C000155,EE,checking,2026-09-25,235.55,GBP,success,Netflix
T00005366,A000409,C000183,LT,checking,2026-09-25,261.49,GBP,success,Airbnb
T00006712,A000407,C000145,LV,savings,2026-09-25,210.88,USD,success,Steam
T00001758,A000329,C000078,FI,credit,2026-09-25,333.15,EUR,success,Spotify
T00005171,A000734,C000253,EE,credit,2026-09-25,275.51,EUR,failed,Spotify
T00000885,A000404,C000034,EE,credit,2026-09-25,76.61,GBP,success,Tesco
T00009160,A000376,C000281,EE,credit,2026-09-25,158.02,GBP,failed,Spotify
T00007970,A000700,C000205,SE,checking,2026-09-25,245.60,GBP,success,Bolt
T00009916,A000043,C000241,LT,savings,2026-09-25,98.47,GBP,success,Rimi
T00006890,A000697,C000381,LT,checking,2026-09-25,223.60,USD,success,Amazon
T00004855,A000746,C000272,EE,savings,2026-09-25,180.98,EUR,success,Wolt
T00008530,A000050,C000449,FI,checking,2026-09-25,374.89,EUR,success,Netflix
T00005472,A000693,C000424,EE,checking,2026-09-25,212.16,USD,success,Airbnb
T00005309,A000692,C000268,LT,credit,2026-09-25,193.09,USD,success,Amazon
T00001328,A000691,C000237,EE,checking,2026-09-25,345.93,EUR,success,Steam
T00003428,A000690,C000278,FI,checking,2026-09-25,337.17,GBP,success,Wolt
T00005485,A000705,C000473,LT,checking,2026-09-25,75.95,EUR,success,Amazon
T00004985,A000685,C000492,FI,credit,2026-09-25,284.20,GBP,success,IKEA
T00006014,A000684,C000150,FI,checking,2026-09-25,18.87,USD,success,Spotify
T00001778,A000127,C000232,SE,savings,2026-09-24,37.34,GBP,success,Bolt
T00007729,A000242,C000442,LV,checking,2026-09-24,452.16,EUR,success,Rimi
T00005548,A000210,C000144,FI,savings,2026-09-24,27.60,EUR,success,Airbnb
T00004956,A000472,C000098,FI,checking,2026-09-24,143.78,EUR,success,Wolt
T00002914,A000307,C000231,LT,savings,2026-09-24,167.72,GBP,success,Rimi
T00006244,A000266,C000426,LT,checking,2026-09-24,347.81,EUR,success,Amazon
T00003559,A000677,C000174,LV,checking,2026-09-24,209.51,USD,failed,Bolt
T00000038,A000531,C000441,EE,credit,2026-09-24,358.13,EUR,success,Airbnb
T00007614,A000504,C000449,FI,credit,2026-09-24,458.01,USD,success,Steam
T00006039,A000512,C000400,SE,credit,2026-09-24,436.86,EUR,success,Rimi
T00008540,A000341,C000004,LT,credit,2026-09-24,105.12,GBP,success,Bolt
T00002676,A000147,C000484,SE,credit,2026-09-24,287.18,EUR,success,Tesco
T00003814,A000406,C000263,EE,checking,2026-09-24,104.86,GBP,success,Spotify
T00003505,A000147,C000484,SE,credit,2026-09-24,463.80,GBP,success,IKEA
T00005215,A000068,C000281,EE,credit,2026-09-24,243.39,GBP,success,Wolt
T00000698,A000480,C000113,LV,checking,2026-09-24,473.48,EUR,success,Amazon
T00005448,A000673,C000446,LV,savings,2026-09-24,5.48,EUR,success,Steam
T00005705,A000598,C000101,EE,credit,2026-09-24,404.53,EUR,success,Wolt
T00007812,A000599,C000021,FI,credit,2026-09-24,87.74,USD,success,Steam
T00002839,A000146,C000255,FI,savings,2026-09-24,29.18,EUR,success,Wolt
T00007434,A000359,C000470,LV,checking,2026-09-24,274.66,EUR,success,Wolt
T00009487,A000713,C000354,EE,checking,2026-09-24,260.36,GBP,success,Rimi
T00005536,A000599,C000021,FI,credit,2026-09-24,70.10,EUR,failed,IKEA
T00000691,A000599,C000021,FI,credit,2026-09-24,276.20,EUR,success,Rimi
T00000404,A000145,C000160,LT,credit,2026-09-24,165.07,USD,success,Netflix
T00005796,A000601,C000412,EE,savings,2026-09-24,143.24,USD,success,Steam
T00001045,A000678,C000325,LT,savings,2026-09-24,461.20,EUR,success,Bolt
T00003365,A000741,C000250,LT,credit,2026-09-24,231.55,GBP,success,IKEA
T00006696,A000338,C000123,FI,credit,2026-09-24,399.47,USD,success,Tesco
T00002319,A000742,C000248,FI,credit,2026-09-24,304.36,GBP,success,Steam
T00006225,A000143,C000262,LV,credit,2026-09-24,280.82,USD,success,Rimi
T00009855,A000362,C000043,LT,credit,2026-09-24,431.43,EUR,success,Rimi
T00007254,A000062,C000023,FI,credit,2026-09-24,446.02,EUR,success,Airbnb
T00005216,A000604,C000085,LV,checking,2026-09-24,243.87,GBP,success,IKEA
T00007145,A000471,C000403,EE,savings,2026-09-24,135.62,USD,success,Amazon
T00006383,A000605,C000109,SE,credit,2026-09-24,323.21,GBP,success,Wolt
T00001013,A000387,C000493,FI,checking,2026-09-24,82.69,EUR,success,Rimi
T00005856,A000534,C000396,SE,checking,2026-09-24,186.70,GBP,success,Rimi
T00002948,A000741,C000250,LT,credit,2026-09-24,398.94,USD,success,Tesco
T00004302,A000140,C000330,LV,savings,2026-09-24,409.93,USD,success,Airbnb
T00002703,A000534,C000396,SE,checking,2026-09-24,421.04,USD,success,Steam
T00001122,A000607,C000192,SE,checking,2026-09-24,342.41,USD,success,Wolt
T00008256,A000427,C000305,LT,savings,2026-09-24,133.48,USD,success,Tesco
T00005453,A000312,C000272,EE,savings,2026-09-24,191.01,EUR,success,IKEA
T00002395,A000138,C000307,FI,savings,2026-09-24,345.77,EUR,success,Steam
T00001400,A000361,C000170,LV,checking,2026-09-24,280.61,USD,success,Tesco
T00002870,A000312,C000272,EE,savings,2026-09-24,39.01,GBP,success,Bolt
T00003274,A000138,C000307,FI,savings,2026-09-24,189.72,GBP,success,Amazon
T00007979,A000681,C000355,FI,savings,2026-09-24,403.33,EUR,success,Spotify
T00004783,A000608,C000210,LV,savings,2026-09-24,75.99,USD,success,Steam
T00004937,A000730,C000487,FI,checking,2026-09-24,69.39,GBP,success,Spotify
T00002760,A000400,C000152,FI,savings,2026-09-24,238.63,USD,success,Airbnb
T00000152,A000344,C000116,LV,savings,2026-09-24,202.61,USD,success,IKEA
T00006084,A000136,C000042,SE,savings,2026-09-24,287.22,EUR,success,Wolt
T00005393,A000609,C000349,LT,checking,2026-09-24,212.71,USD,success,Bolt
T00001206,A000328,C000142,FI,savings,2026-09-24,368.02,USD,success,Bolt
T00006828,A000355,C000087,FI,credit,2026-09-24,245.66,GBP,success,Airbnb
T00003052,A000372,C000096,FI,savings,2026-09-24,68.20,EUR,success,Spotify
T00008847,A000062,C000023,FI,credit,2026-09-24,41.35,USD,success,Tesco
T00002451,A000016,C000172,LV,checking,2026-09-24,130.76,GBP,success,Amazon
T00008004,A000373,C000469,LV,savings,2026-09-24,316.63,EUR,success,Bolt
T00003997,A000057,C000458,EE,credit,2026-09-24,51.16,USD,success,Rimi
T00003342,A000112,C000102,LT,credit,2026-09-24,422.75,GBP,failed,Spotify
T00005153,A000628,C000384,LT,savings,2026-09-24,189.43,EUR,success,Tesco
T00008208,A000423,C000138,FI,credit,2026-09-24,212.93,EUR,success,Bolt
T00009466,A000132,C000082,SE,checking,2026-09-24,225.95,USD,success,Rimi
T00003715,A000612,C000050,EE,checking,2026-09-24,17.44,GBP,success,Amazon
T00006046,A000316,C000489,EE,credit,2026-09-24,101.99,GBP,success,Amazon
T00002371,A000130,C000173,LV,savings,2026-09-24,443.73,USD,success,Airbnb
T00006454,A000422,C000495,LV,checking,2026-09-24,6.01,GBP,success,Spotify
T00007159,A000226,C000328,FI,checking,2026-09-24,60.90,GBP,success,Wolt
T00002733,A000130,C000173,LV,savings,2026-09-24,362.29,GBP,success,Spotify
T00002653,A000061,C000348,SE,checking,2026-09-24,15.36,USD,success,Airbnb
T00003031,A000420,C000121,LV,checking,2026-09-24,374.77,EUR,success,Wolt
T00005091,A000232,C000127,LT,credit,2026-09-24,98.66,USD,success,Tesco
T00001255,A000614,C000083,LV,savings,2026-09-24,321.76,GBP,success,Netflix
T00008348,A000714,C000017,FI,checking,2026-09-24,401.83,GBP,success,Amazon
T00009040,A000128,C000046,LV,credit,2026-09-24,492.53,GBP,success,Rimi
T00000188,A000003,C000098,FI,savings,2026-09-24,209.10,EUR,success,IKEA
T00001474,A000127,C000232,SE,savings,2026-09-24,108.69,EUR,success,Amazon
T00001653,A000103,C000060,EE,checking,2026-09-24,44.99,EUR,success,IKEA
T00008314,A000714,C000017,FI,checking,2026-09-24,194.11,GBP,success,Tesco
T00003087,A000348,C000104,EE,savings,2026-09-24,463.04,USD,success,Rimi
T00000019,A000126,C000437,SE,credit,2026-09-24,477.57,GBP,success,Bolt
T00003220,A000257,C000243,LT,checking,2026-09-24,270.91,GBP,success,Spotify
T00009562,A000616,C000032,FI,savings,2026-09-24,132.26,USD,success,Tesco
T00009187,A000616,C000032,FI,savings,2026-09-24,341.80,EUR,success,Amazon
T00007704,A000616,C000032,FI,savings,2026-09-24,460.10,EUR,success,Steam
T00007142,A000321,C000194,LV,checking,2026-09-24,480.24,GBP,success,IKEA
T00009494,A000413,C000307,FI,savings,2026-09-24,91.69,GBP,success,Bolt
T00000045,A000417,C000421,EE,checking,2026-09-24,97.45,EUR,success,IKEA
T00004951,A000625,C000311,EE,savings,2026-09-24,120.18,EUR,success,IKEA
T00004078,A000123,C000362,FI,savings,2026-09-24,486.62,GBP,success,Rimi
T00000497,A000321,C000194,LV,checking,2026-09-24,425.25,USD,success,Airbnb
T00009386,A000322,C000218,SE,savings,2026-09-24,438.06,GBP,success,Spotify
T00008315,A000625,C000311,EE,savings,2026-09-24,30.95,EUR,success,Steam
T00007223,A000413,C000307,FI,savings,2026-09-24,225.17,EUR,success,Rimi
T00003359,A000352,C000252,FI,credit,2026-09-24,373.98,EUR,success,Airbnb
T00005423,A000352,C000252,FI,credit,2026-09-24,141.15,USD,success,Spotify
T00002312,A000414,C000427,SE,credit,2026-09-24,82.60,EUR,success,Tesco
T00007809,A000118,C000202,LT,savings,2026-09-24,33.21,EUR,success,Spotify
T00003093,A000469,C000254,FI,savings,2026-09-24,445.97,EUR,success,Steam
T00007417,A000226,C000328,FI,checking,2026-09-24,148.62,GBP,success,Amazon
T00006452,A000495,C000483,SE,checking,2026-09-24,309.72,GBP,success,Wolt
T00008515,A000121,C000491,EE,savings,2026-09-24,20.59,USD,failed,IKEA
T00008536,A000119,C000064,FI,savings,2026-09-24,346.56,EUR,success,Netflix
T00000107,A000536,C000199,SE,checking,2026-09-24,87.26,EUR,success,Amazon
T00008445,A000230,C000421,EE,checking,2026-09-24,357.53,EUR,success,Spotify
T00004186,A000323,C000315,LT,savings,2026-09-24,159.59,GBP,success,Tesco
T00001848,A000323,C000315,LT,savings,2026-09-24,217.89,EUR,success,Wolt
T00005794,A000000,C000276,LT,credit,2026-09-24,114.71,USD,success,Tesco
T00007172,A000270,C000473,LT,checking,2026-09-24,312.13,USD,success,Amazon
T00000040,A000204,C000276,LT,savings,2026-09-24,123.43,GBP,success,Steam
T00006597,A000245,C000241,LT,savings,2026-09-24,251.55,GBP,success,Steam
T00008565,A000054,C000171,FI,checking,2026-09-24,434.28,GBP,failed,Rimi
T00008950,A000007,C000101,EE,savings,2026-09-24,113.48,EUR,success,Airbnb
T00006831,A000690,C000278,FI,checking,2026-09-24,336.57,EUR,success,Airbnb
T00008531,A000203,C000123,FI,savings,2026-09-24,473.28,USD,success,Tesco
T00001627,A000348,C000104,EE,savings,2026-09-24,188.02,USD,success,Spotify
T00006587,A000271,C000436,LT,savings,2026-09-24,104.36,GBP,success,Rimi
T00007189,A000344,C000116,LV,savings,2026-09-24,195.81,GBP,success,IKEA
T00007911,A000258,C000207,LT,credit,2026-09-24,496.11,EUR,success,Spotify
T00001396,A000202,C000412,EE,savings,2026-09-24,399.36,USD,success,IKEA
T00004999,A000202,C000412,EE,savings,2026-09-24,273.30,USD,success,Netflix
T00003032,A000485,C000457,FI,credit,2026-09-24,397.39,EUR,success,Amazon
T00002863,A000019,C000064,FI,credit,2026-09-24,373.95,USD,success,Bolt
T00002352,A000019,C000064,FI,credit,2026-09-24,33.39,USD,success,Netflix
T00004222,A000272,C000294,EE,credit,2026-09-24,135.67,EUR,success,Wolt
T00004088,A000358,C000213,SE,savings,2026-09-24,359.56,EUR,failed,Wolt
T00003865,A000691,C000237,EE,checking,2026-09-24,446.50,GBP,success,Amazon
T00000290,A000706,C000417,LV,credit,2026-09-24,78.04,USD,success,Tesco
T00008160,A000273,C000223,EE,credit,2026-09-24,154.31,GBP,failed,Amazon
T00000806,A000069,C000483,SE,checking,2026-09-24,35.94,EUR,success,Spotify
T00008261,A000006,C000455,LV,checking,2026-09-24,357.50,EUR,success,Spotify
T00005601,A000503,C000120,SE,savings,2026-09-24,409.49,GBP,success,Steam
T00002564,A000229,C000208,FI,savings,2026-09-24,383.87,GBP,success,Rimi
T00008589,A000274,C000133,EE,checking,2026-09-24,54.81,GBP,success,Rimi
T00000904,A000197,C000147,LV,credit,2026-09-24,102.76,GBP,success,Spotify
T00006358,A000197,C000147,LV,credit,2026-09-24,208.35,EUR,pending,Netflix
T00006707,A000036,C000448,SE,checking,2026-09-24,301.46,GBP,success,Tesco
T00007043,A000070,C000191,FI,savings,2026-09-24,492.08,EUR,success,IKEA
T00005086,A000465,C000174,LV,checking,2026-09-24,317.45,EUR,success,Wolt
T00009147,A000369,C000387,LV,savings,2026-09-24,60.02,GBP,success,Amazon
T00002755,A000730,C000487,FI,checking,2026-09-24,459.47,EUR,success,Amazon
T00005817,A000515,C000056,LT,credit,2026-09-24,287.05,USD,success,Spotify
T00004862,A000488,C000232,SE,savings,2026-09-24,7.35,USD,success,Netflix
T00003256,A000275,C000005,FI,savings,2026-09-24,281.27,USD,success,Wolt
T00002228,A000006,C000455,LV,checking,2026-09-24,117.88,GBP,success,Wolt
T00001349,A000544,C000081,SE,checking,2026-09-24,346.70,EUR,success,Netflix
T00007253,A000705,C000473,LT,checking,2026-09-24,308.10,USD,failed,Steam
T00008071,A000194,C000334,LT,savings,2026-09-24,131.33,EUR,pending,Spotify
T00008150,A000194,C000334,LT,savings,2026-09-24,246.75,EUR,success,Spotify
T00006392,A000020,C000063,EE,credit,2026-09-24,179.83,USD,success,Tesco
T00002529,A000254,C000118,LT,savings,2026-09-24,290.09,GBP,success,Steam
T00002960,A000479,C000350,SE,checking,2026-09-24,145.02,USD,success,Amazon
T00003156,A000192,C000051,FI,credit,2026-09-24,207.96,GBP,success,Rimi
T00006682,A000277,C000159,SE,credit,2026-09-24,187.66,EUR,success,Spotify
T00005245,A000663,C000161,EE,savings,2026-09-24,16.13,EUR,success,Tesco
T00005494,A000547,C000459,LT,credit,2026-09-24,225.38,EUR,success,Bolt
T00005752,A000663,C000161,EE,savings,2026-09-24,177.21,EUR,success,Wolt
T00005810,A000462,C000250,LT,checking,2026-09-24,419.57,USD,success,Rimi
T00009403,A000279,C000246,EE,credit,2026-09-24,211.68,EUR,success,Bolt
T00003372,A000000,C000276,LT,credit,2026-09-24,125.02,GBP,success,Bolt
T00008444,A000378,C000281,EE,checking,2026-09-24,379.18,GBP,success,Rimi
T00009764,A000237,C000435,FI,savings,2026-09-24,235.64,GBP,success,Amazon
T00002567,A000669,C000447,EE,credit,2026-09-24,289.92,USD,success,IKEA
T00005427,A000020,C000063,EE,credit,2026-09-24,222.61,GBP,success,Bolt
T00000664,A000232,C000127,LT,credit,2026-09-24,4.35,GBP,success,Steam
T00002631,A000260,C000088,FI,savings,2026-09-24,158.37,GBP,success,Steam
T00000355,A000516,C000047,LT,savings,2026-09-24,133.89,USD,success,Amazon
T00004410,A000190,C000436,LT,savings,2026-09-24,234.70,USD,success,Wolt
T00007122,A000190,C000436,LT,savings,2026-09-24,108.86,USD,success,Amazon
T00008450,A000517,C000338,SE,credit,2026-09-24,300.10,USD,success,IKEA
T00004307,A000696,C000126,FI,credit,2026-09-24,208.74,EUR,success,Steam
T00003560,A000349,C000462,SE,credit,2026-09-24,279.05,USD,success,Airbnb
T00005408,A000552,C000492,FI,checking,2026-09-24,327.74,USD,success,Tesco
T00002576,A000020,C000063,EE,credit,2026-09-24,311.51,USD,success,Bolt
T00001662,A000696,C000126,FI,credit,2026-09-24,115.42,EUR,success,Amazon
T00003217,A000660,C000298,LT,savings,2026-09-24,252.71,GBP,success,Netflix
T00000989,A000250,C000373,SE,checking,2026-09-24,287.58,GBP,success,Amazon
T00001834,A000554,C000236,LT,checking,2026-09-24,218.66,EUR,success,Rimi
T00004699,A000458,C000037,EE,checking,2026-09-24,148.10,GBP,success,Netflix
T00008553,A000682,C000075,EE,checking,2026-09-24,77.78,USD,success,Tesco
T00002232,A000737,C000283,SE,savings,2026-09-24,402.75,USD,success,IKEA
T00001252,A000554,C000236,LT,checking,2026-09-24,184.98,GBP,success,Tesco
T00003066,A000369,C000387,LV,savings,2026-09-24,454.65,GBP,success,Netflix
T00008592,A000658,C000090,LV,credit,2026-09-24,380.86,EUR,success,Bolt
T00008798,A000183,C000357,FI,savings,2026-09-24,378.99,EUR,success,Spotify
T00000936,A000282,C000168,EE,savings,2026-09-24,256.47,USD,success,Amazon
T00002885,A000733,C000238,FI,checking,2026-09-24,498.58,EUR,success,Bolt
T00003747,A000046,C000002,LT,checking,2026-09-24,5.92,USD,success,Steam
T00005595,A000657,C000317,EE,checking,2026-09-24,192.63,GBP,success,Netflix
T00004656,A000261,C000279,LT,credit,2026-09-24,85.48,USD,success,Airbnb
T00002336,A000559,C000499,FI,checking,2026-09-24,451.43,EUR,success,Netflix
T00000530,A000454,C000061,EE,credit,2026-09-24,288.06,EUR,success,IKEA
T00000842,A000454,C000061,EE,credit,2026-09-24,273.11,EUR,pending,Tesco
T00006645,A000220,C000240,LV,credit,2026-09-24,286.57,EUR,success,Tesco
T00001519,A000454,C000061,EE,credit,2026-09-24,454.92,EUR,success,Airbnb
T00004193,A000390,C000024,LV,savings,2026-09-24,381.68,GBP,success,Rimi
T00003771,A000070,C000191,FI,savings,2026-09-24,304.24,GBP,success,Airbnb
T00007847,A000562,C000364,SE,checking,2026-09-24,413.51,USD,success,Steam
T00009914,A000179,C000018,LV,credit,2026-09-24,134.54,EUR,success,Steam
T00000951,A000237,C000435,FI,savings,2026-09-24,242.62,EUR,success,Netflix
T00000342,A000562,C000364,SE,checking,2026-09-24,258.01,USD,success,Rimi
T00008948,A000398,C000191,FI,checking,2026-09-24,276.10,GBP,success,Amazon
T00009311,A000178,C000401,SE,credit,2026-09-24,453.98,GBP,pending,Rimi
T00005503,A000219,C000234,LV,savings,2026-09-24,323.95,USD,success,Amazon
T00005515,A000521,C000480,EE,credit,2026-09-24,464.79,EUR,success,Airbnb
T00009880,A000522,C000009,FI,checking,2026-09-24,381.62,USD,success,Wolt
T00005363,A000045,C000130,EE,savings,2026-09-24,118.01,GBP,success,Tesco
T00009603,A000655,C000309,EE,credit,2026-09-24,463.50,USD,success,Bolt
T00009253,A000022,C000343,FI,savings,2026-09-24,450.16,USD,success,Rimi
T00008306,A000228,C000061,EE,savings,2026-09-24,178.00,USD,success,Tesco
T00001330,A000175,C000224,SE,checking,2026-09-24,350.94,GBP,success,IKEA
T00001199,A000566,C000056,LT,checking,2026-09-24,487.04,EUR,success,Rimi
T00003494,A000482,C000152,FI,checking,2026-09-24,269.00,GBP,success,IKEA
T00007725,A000522,C000009,FI,checking,2026-09-24,255.11,GBP,failed,Amazon
T00007120,A000289,C000442,LV,savings,2026-09-24,230.21,USD,success,Wolt
T00006407,A000253,C000193,EE,credit,2026-09-24,441.57,EUR,success,IKEA
T00001652,A000499,C000337,EE,savings,2026-09-24,21.83,GBP,success,Rimi
T00009129,A000173,C000233,EE,credit,2026-09-24,94.40,USD,failed,Netflix
T00002201,A000568,C000300,LT,checking,2026-09-24,186.74,USD,success,Airbnb
T00009724,A000499,C000337,EE,savings,2026-09-24,392.59,USD,success,Rimi
T00003502,A000449,C000052,FI,checking,2026-09-24,297.72,USD,success,Wolt
T00001388,A000171,C000034,EE,checking,2026-09-24,295.99,EUR,success,Bolt
T00002811,A000743,C000077,FI,savings,2026-09-24,144.18,GBP,success,Tesco
T00003566,A000729,C000051,FI,checking,2026-09-24,112.62,EUR,success,IKEA
T00009862,A000171,C000034,EE,checking,2026-09-24,171.94,GBP,success,Rimi
T00005995,A000090,C000034,EE,checking,2026-09-24,237.96,GBP,success,Tesco
T00003884,A000498,C000363,LT,credit,2026-09-24,9.76,EUR,success,Tesco
T00008596,A000732,C000382,LT,credit,2026-09-24,236.86,EUR,success,Steam
T00009841,A000704,C000025,FI,savings,2026-09-24,331.21,GBP,success,Airbnb
T00001110,A000649,C000249,LV,credit,2026-09-24,97.92,GBP,success,Wolt
T00000168,A000292,C000287,LV,savings,2026-09-24,416.50,USD,success,Steam
T00006694,A000342,C000084,LT,credit,2026-09-24,245.47,USD,success,Netflix
T00004843,A000293,C000232,SE,checking,2026-09-24,496.05,GBP,success,Airbnb
T00007379,A000448,C000129,SE,savings,2026-09-24,416.33,GBP,success,Steam
T00003975,A000253,C000193,EE,credit,2026-09-24,177.82,USD,success,Rimi
T00006545,A000689,C000426,LT,credit,2026-09-24,407.12,EUR,success,Spotify
T00004840,A000294,C000125,EE,credit,2026-09-24,295.38,EUR,success,IKEA
T00009925,A000217,C000013,LV,savings,2026-09-24,419.82,USD,success,Amazon
T00008696,A000524,C000253,EE,savings,2026-09-24,302.80,GBP,success,Tesco
T00000764,A000052,C000459,LT,checking,2026-09-24,338.25,USD,success,Amazon
T00003438,A000093,C000126,FI,credit,2026-09-24,175.21,EUR,success,IKEA
T00008799,A000094,C000467,SE,credit,2026-09-24,79.17,EUR,success,IKEA
T00002516,A000295,C000244,SE,checking,2026-09-24,476.74,EUR,failed,Netflix
T00004068,A000575,C000379,FI,credit,2026-09-24,115.14,GBP,success,Steam
T00006763,A000576,C000207,LT,credit,2026-09-24,126.36,EUR,success,Steam
T00005004,A000647,C000264,EE,credit,2026-09-24,292.71,USD,success,Wolt
T00001022,A000721,C000105,FI,credit,2026-09-24,268.03,EUR,success,Airbnb
T00002099,A000249,C000371,EE,checking,2026-09-24,438.09,USD,success,Airbnb
T00006840,A000165,C000061,EE,credit,2026-09-24,477.66,EUR,success,Rimi
T00000931,A000576,C000207,LT,credit,2026-09-24,356.08,GBP,success,Amazon
T00005375,A000040,C000071,LV,savings,2026-09-24,261.85,EUR,success,Rimi
T00002728,A000721,C000105,FI,credit,2026-09-24,15.41,EUR,success,Spotify
T00005546,A000024,C000377,LV,checking,2026-09-24,129.91,USD,success,IKEA
T00007190,A000164,C000015,LT,savings,2026-09-24,197.29,EUR,success,Rimi
T00003393,A000064,C000160,LT,credit,2026-09-24,460.29,USD,success,Airbnb
T00008968,A000482,C000152,FI,checking,2026-09-24,229.84,USD,success,Steam
T00001131,A000038,C000401,SE,checking,2026-09-24,204.24,USD,success,Wolt
T00009000,A000580,C000036,LV,credit,2026-09-24,147.05,USD,success,Tesco
T00002961,A000095,C000088,FI,credit,2026-09-24,253.75,USD,success,IKEA
T00005170,A000721,C000105,FI,credit,2026-09-24,24.18,EUR,success,Tesco
T00001592,A000497,C000285,LV,savings,2026-09-24,359.98,GBP,success,Rimi
T00009749,A000096,C000245,LV,savings,2026-09-24,412.40,USD,success,Rimi
T00007680,A000721,C000105,FI,credit,2026-09-24,223.21,GBP,success,Steam
T00004092,A000527,C000302,FI,savings,2026-09-24,342.92,GBP,success,Wolt
T00003385,A000070,C000191,FI,savings,2026-09-24,136.53,EUR,success,Tesco
T00000230,A000643,C000277,FI,credit,2026-09-24,238.48,EUR,success,Netflix
T00000811,A000643,C000277,FI,credit,2026-09-24,9.30,USD,success,Netflix
T00000616,A000581,C000431,LT,credit,2026-09-24,342.69,USD,success,Tesco
T00009303,A000582,C000400,SE,checking,2026-09-24,367.33,GBP,failed,Rimi
T00004253,A000299,C000063,EE,savings,2026-09-24,259.11,GBP,success,Spotify
T00003351,A000299,C000063,EE,savings,2026-09-24,434.44,USD,success,Tesco
T00007352,A000583,C000493,FI,checking,2026-09-24,162.70,GBP,success,Netflix
T00008803,A000584,C000056,LT,checking,2026-09-24,405.00,GBP,success,Rimi
T00002688,A000053,C000422,EE,savings,2026-09-24,220.31,GBP,success,Tesco
T00007056,A000584,C000056,LT,checking,2026-09-24,22.00,EUR,success,IKEA
T00001844,A000439,C000418,LV,credit,2026-09-24,153.57,USD,success,Wolt
T00005690,A000064,C000160,LT,credit,2026-09-24,340.33,USD,success,Netflix
T00003277,A000357,C000249,LV,savings,2026-09-24,459.51,GBP,success,Airbnb
T00002725,A000688,C000032,FI,credit,2026-09-24,327.23,USD,success,Tesco
T00009581,A000402,C000441,EE,savings,2026-09-24,429.83,EUR,success,Wolt
T00004675,A000585,C000363,LT,checking,2026-09-24,119.45,GBP,success,Wolt
T00009107,A000530,C000051,FI,savings,2026-09-24,479.62,USD,success,Spotify
T00001442,A000211,C000349,LT,checking,2026-09-24,39.76,GBP,success,Airbnb
T00008648,A000157,C000074,LT,checking,2026-09-24,409.71,GBP,success,Tesco
T00000398,A000586,C000221,FI,checking,2026-09-24,448.45,EUR,success,Tesco
T00005729,A000302,C000393,LT,credit,2026-09-24,491.10,EUR,success,IKEA
T00001624,A000156,C000351,EE,credit,2026-09-24,474.35,USD,success,Spotify
T00007654,A000587,C000005,FI,credit,2026-09-24,345.08,GBP,success,Tesco
T00009223,A000265,C000307,FI,checking,2026-09-24,375.76,EUR,success,Rimi
T00000605,A000382,C000013,LV,credit,2026-09-24,369.40,USD,success,Amazon
T00003828,A000382,C000013,LV,credit,2026-09-24,20.86,EUR,failed,Amazon
T00004795,A000719,C000481,EE,savings,2026-09-24,205.12,USD,success,Airbnb
T00001036,A000588,C000392,SE,checking,2026-09-24,96.58,EUR,success,Rimi
T00002981,A000641,C000282,FI,credit,2026-09-24,295.94,GBP,failed,Rimi
T00004995,A000719,C000481,EE,savings,2026-09-24,129.81,USD,success,Bolt
T00005092,A000303,C000132,EE,credit,2026-09-24,162.91,USD,success,Airbnb
T00001940,A000640,C000126,FI,checking,2026-09-24,180.90,EUR,success,Bolt
T00002959,A000332,C000225,FI,checking,2026-09-24,43.75,USD,success,Amazon
T00000051,A000153,C000357,FI,savings,2026-09-24,28.93,EUR,success,Spotify
T00002007,A000589,C000261,EE,checking,2026-09-24,1.55,GBP,success,IKEA
T00009576,A000732,C000382,LT,credit,2026-09-24,245.66,EUR,failed,Amazon
T00008127,A000018,C000059,LT,credit,2026-09-24,456.71,EUR,success,Amazon
T00006969,A000685,C000492,FI,credit,2026-09-24,412.44,USD,success,Steam
T00007364,A000592,C000085,LV,savings,2026-09-24,161.99,EUR,failed,Rimi
T00002569,A000151,C000165,LT,credit,2026-09-24,370.52,USD,success,Tesco
T00009021,A000404,C000034,EE,credit,2026-09-24,245.57,EUR,success,Airbnb
T00005748,A000305,C000126,FI,checking,2026-09-24,66.26,EUR,success,IKEA
T00007797,A000211,C000349,LT,checking,2026-09-24,313.28,GBP,success,Amazon
T00009211,A000306,C000228,LT,savings,2026-09-24,16.36,EUR,success,Bolt
T00000603,A000594,C000172,LV,checking,2026-09-24,289.85,USD,success,Tesco
T00002023,A000102,C000395,FI,credit,2026-09-24,471.11,USD,success,Steam
T00006871,A000434,C000015,LT,credit,2026-09-24,462.44,GBP,success,Bolt
T00000427,A000037,C000059,LT,checking,2026-09-24,498.47,GBP,success,Spotify
T00008327,A000150,C000299,SE,savings,2026-09-24,430.18,USD,success,Amazon
T00000985,A000637,C000457,FI,checking,2026-09-24,83.40,USD,success,Tesco
T00003628,A000023,C000204,SE,credit,2026-09-23,443.24,EUR,success,Spotify
T00000852,A000223,C000070,LV,savings,2026-09-23,306.92,EUR,success,Bolt
T00001385,A000277,C000159,SE,credit,2026-09-23,116.55,GBP,success,Rimi
T00008440,A000663,C000161,EE,savings,2026-09-23,109.21,USD,success,Steam
T00004336,A000701,C000305,LT,checking,2026-09-23,41.14,EUR,success,Steam
T00001905,A000378,C000281,EE,checking,2026-09-23,146.73,USD,success,Tesco
T00008516,A000041,C000005,FI,credit,2026-09-23,367.40,EUR,success,Wolt
T00003861,A000725,C000408,LT,credit,2026-09-23,360.03,GBP,success,Wolt
T00008178,A000737,C000283,SE,savings,2026-09-23,212.59,USD,success,Wolt
T00002177,A000005,C000328,FI,savings,2026-09-23,214.03,GBP,success,Spotify
T00006994,A000065,C000137,LV,credit,2026-09-23,399.75,EUR,success,Netflix
T00001440,A000058,C000251,LV,checking,2026-09-23,335.55,USD,pending,Steam
T00004498,A000102,C000395,FI,credit,2026-09-23,255.95,EUR,success,Wolt
T00004633,A000020,C000063,EE,credit,2026-09-23,323.59,GBP,success,Tesco
T00002815,A000294,C000125,EE,credit,2026-09-23,329.77,EUR,failed,Amazon
T00008344,A000191,C000363,LT,savings,2026-09-23,99.31,EUR,success,Tesco
T00009249,A000049,C000140,LT,savings,2026-09-23,377.70,USD,success,Bolt
T00003213,A000549,C000103,FI,savings,2026-09-23,218.39,EUR,success,Steam
T00004409,A000093,C000126,FI,credit,2026-09-23,310.39,USD,success,IKEA
T00001024,A000584,C000056,LT,checking,2026-09-23,8.84,USD,success,Spotify
T00003186,A000434,C000015,LT,credit,2026-09-23,278.42,GBP,success,Bolt
T00005706,A000460,C000414,LT,credit,2026-09-23,155.01,GBP,failed,Spotify
T00008642,A000663,C000161,EE,savings,2026-09-23,50.85,EUR,success,Tesco
T00007938,A000594,C000172,LV,checking,2026-09-23,346.62,USD,success,Steam
T00008752,A000216,C000226,SE,credit,2026-09-23,460.30,GBP,success,IKEA
T00002498,A000222,C000118,LT,savings,2026-09-23,31.91,USD,success,Bolt
T00007592,A000510,C000184,EE,savings,2026-09-23,34.99,EUR,failed,Bolt
T00000193,A000188,C000216,LV,savings,2026-09-23,407.36,GBP,success,Bolt
T00003222,A000702,C000223,EE,checking,2026-09-23,245.34,GBP,pending,IKEA
T00004558,A000365,C000392,SE,checking,2026-09-23,46.41,GBP,success,Netflix
T00008199,A000343,C000075,EE,checking,2026-09-23,92.43,EUR,success,Bolt
T00002470,A000069,C000483,SE,checking,2026-09-23,171.01,EUR,success,Spotify
T00000112,A000595,C000231,LT,checking,2026-09-23,440.21,EUR,success,Steam
T00008614,A000251,C000395,FI,savings,2026-09-23,186.07,GBP,success,Wolt
T00003639,A000026,C000003,LT,checking,2026-09-23,94.60,GBP,pending,Steam
T00002945,A000696,C000126,FI,credit,2026-09-23,295.83,USD,success,Airbnb
T00002578,A000264,C000498,FI,checking,2026-09-23,499.47,USD,success,Netflix
T00002456,A000696,C000126,FI,credit,2026-09-23,466.79,USD,success,Spotify
T00008845,A000489,C000343,FI,checking,2026-09-23,193.53,USD,success,Airbnb
T00004077,A000406,C000263,EE,checking,2026-09-23,433.21,GBP,success,Wolt
T00005042,A000518,C000399,SE,savings,2026-09-23,362.39,EUR,success,Airbnb
T00004748,A000148,C000078,FI,savings,2026-09-23,91.91,GBP,success,Netflix
T00008595,A000722,C000046,LV,credit,2026-09-23,167.19,GBP,success,Spotify
T00006391,A000295,C000244,SE,checking,2026-09-23,156.75,USD,success,IKEA
T00009378,A000502,C000147,LV,checking,2026-09-23,428.29,EUR,success,Wolt
T00003261,A000033,C000071,LV,checking,2026-09-23,403.30,EUR,success,Bolt
T00004723,A000221,C000452,SE,savings,2026-09-23,241.38,GBP,success,IKEA
T00000630,A000308,C000429,SE,savings,2026-09-23,153.95,USD,success,Netflix
T00003860,A000062,C000023,FI,credit,2026-09-23,134.80,GBP,success,Bolt
T00008146,A000397,C000474,EE,checking,2026-09-23,292.12,EUR,failed,Steam
T00003230,A000056,C000027,EE,credit,2026-09-23,449.49,EUR,success,Amazon
T00004822,A000351,C000229,SE,credit,2026-09-23,172.44,GBP,success,Bolt
T00005168,A000242,C000442,LV,checking,2026-09-23,91.94,EUR,success,Rimi
T00000288,A000528,C000164,LT,credit,2026-09-23,50.45,USD,success,Tesco
T00005457,A000660,C000298,LT,savings,2026-09-23,319.52,GBP,success,Spotify
T00001151,A000504,C000449,FI,credit,2026-09-23,295.21,EUR,success,IKEA
T00002094,A000634,C000114,EE,credit,2026-09-23,197.84,GBP,success,Spotify
T00005437,A000372,C000096,FI,savings,2026-09-23,387.43,GBP,success,Steam
T00000733,A000388,C000380,FI,credit,2026-09-23,239.38,GBP,success,Bolt
T00005682,A000739,C000420,FI,credit,2026-09-23,181.46,USD,success,Amazon
T00008113,A000185,C000188,EE,credit,2026-09-23,374.33,EUR,success,IKEA
T00003733,A000069,C000483,SE,checking,2026-09-23,132.14,EUR,success,Amazon
T00004561,A000309,C000212,LV,credit,2026-09-23,174.16,USD,success,Wolt
T00003394,A000209,C000090,LV,savings,2026-09-23,424.09,USD,success,Amazon
T00006873,A000474,C000282,FI,credit,2026-09-23,109.51,EUR,success,Wolt
T00009027,A000707,C000086,SE,savings,2026-09-23,428.97,GBP,failed,Netflix
T00004987,A000221,C000452,SE,savings,2026-09-23,489.32,USD,success,Steam
T00000964,A000381,C000074,LT,credit,2026-09-23,66.91,USD,success,Steam
T00003767,A000383,C000344,EE,credit,2026-09-23,226.29,GBP,success,Netflix
T00002469,A000342,C000084,LT,credit,2026-09-23,12.40,EUR,success,Airbnb
T00009879,A000107,C000069,LT,credit,2026-09-23,377.31,USD,success,Rimi
T00005804,A000248,C000451,EE,savings,2026-09-23,332.28,EUR,success,Airbnb
T00009058,A000099,C000455,LV,checking,2026-09-23,151.93,USD,success,Netflix
T00000731,A000053,C000422,EE,savings,2026-09-23,214.15,USD,success,Bolt
T00005761,A000556,C000111,SE,checking,2026-09-23,320.97,EUR,success,Tesco
T00006478,A000601,C000412,EE,savings,2026-09-23,124.24,GBP,success,Wolt
T00006430,A000478,C000362,FI,checking,2026-09-23,325.51,USD,success,IKEA
T00008225,A000080,C000362,FI,credit,2026-09-23,347.10,GBP,success,IKEA
T00008850,A000082,C000275,LV,credit,2026-09-23,372.26,GBP,success,Bolt
T00001993,A000395,C000193,EE,credit,2026-09-23,299.24,EUR,failed,Spotify
T00009926,A000145,C000160,LT,credit,2026-09-23,286.79,EUR,success,Steam
T00000416,A000144,C000358,EE,credit,2026-09-23,445.91,USD,success,Bolt
T00001035,A000242,C000442,LV,checking,2026-09-23,443.09,EUR,success,Wolt
T00000742,A000400,C000152,FI,savings,2026-09-23,163.52,USD,failed,Wolt
T00009814,A000144,C000358,EE,credit,2026-09-23,288.61,EUR,success,IKEA
T00008714,A000577,C000375,EE,checking,2026-09-23,37.02,GBP,success,Spotify
T00000126,A000557,C000003,LT,savings,2026-09-23,163.85,GBP,success,Airbnb
T00005070,A000208,C000189,FI,savings,2026-09-23,187.22,EUR,success,Steam
T00004785,A000456,C000146,SE,credit,2026-09-23,147.53,USD,success,Wolt
T00005062,A000094,C000467,SE,credit,2026-09-23,343.38,GBP,success,Rimi
T00007231,A000407,C000145,LV,savings,2026-09-23,444.15,GBP,success,Airbnb
T00000387,A000046,C000002,LT,checking,2026-09-23,147.21,GBP,success,Bolt
T00004057,A000730,C000487,FI,checking,2026-09-23,411.76,EUR,success,Wolt
T00005545,A000243,C000101,EE,credit,2026-09-23,412.28,GBP,success,Wolt
T00000928,A000267,C000353,SE,credit,2026-09-23,291.78,EUR,success,Airbnb
T00008412,A000330,C000365,FI,savings,2026-09-23,95.25,EUR,success,Rimi
T00008222,A000605,C000109,SE,credit,2026-09-23,399.48,EUR,success,Rimi
T00001517,A000349,C000462,SE,credit,2026-09-23,435.05,EUR,success,Tesco
T00008534,A000401,C000469,LV,savings,2026-09-23,230.27,USD,success,Bolt
T00008277,A000439,C000418,LV,credit,2026-09-23,190.88,EUR,success,IKEA
T00000249,A000605,C000109,SE,credit,2026-09-23,382.02,GBP,success,IKEA
T00004641,A000633,C000132,EE,credit,2026-09-23,328.75,GBP,success,Netflix
T00004450,A000746,C000272,EE,savings,2026-09-23,434.24,EUR,success,Wolt
T00001811,A000470,C000226,SE,checking,2026-09-23,428.10,USD,success,Spotify
T00008843,A000312,C000272,EE,savings,2026-09-23,457.04,EUR,success,Bolt
T00003927,A000054,C000171,FI,checking,2026-09-23,80.72,EUR,success,Bolt
T00007957,A000703,C000175,SE,credit,2026-09-23,87.77,EUR,success,Wolt
T00008468,A000108,C000089,FI,checking,2026-09-23,339.04,GBP,success,Rimi
T00002917,A000607,C000192,SE,checking,2026-09-23,413.12,EUR,success,Bolt
T00009074,A000403,C000250,LT,savings,2026-09-23,488.29,EUR,success,IKEA
T00000015,A000157,C000074,LT,checking,2026-09-23,421.79,EUR,success,Airbnb
T00001673,A000181,C000329,FI,checking,2026-09-23,92.17,USD,success,Tesco
T00005115,A000390,C000024,LV,savings,2026-09-23,150.97,USD,success,Spotify
T00003225,A000679,C000190,LT,savings,2026-09-23,387.61,USD,success,Netflix
T00008339,A000506,C000437,SE,checking,2026-09-23,211.92,USD,success,Rimi
T00004672,A000017,C000304,SE,savings,2026-09-23,219.39,USD,success,Netflix
T00006584,A000426,C000217,LV,checking,2026-09-23,460.56,GBP,success,Tesco
T00008467,A000284,C000109,SE,checking,2026-09-23,357.37,USD,success,Steam
T00004406,A000071,C000374,SE,checking,2026-09-23,138.68,GBP,success,Netflix
T00009062,A000526,C000175,SE,credit,2026-09-23,131.90,EUR,success,Spotify
T00003723,A000268,C000213,SE,checking,2026-09-23,430.10,EUR,failed,Spotify
T00002260,A000137,C000007,FI,credit,2026-09-23,339.25,EUR,success,Airbnb
T00004521,A000046,C000002,LT,checking,2026-09-23,153.21,EUR,success,Wolt
T00001456,A000425,C000418,LV,checking,2026-09-23,191.77,USD,success,Amazon
T00002376,A000220,C000240,LV,credit,2026-09-23,393.47,GBP,success,Netflix
T00003459,A000577,C000375,EE,checking,2026-09-23,297.45,EUR,success,Wolt
T00002620,A000385,C000078,FI,credit,2026-09-23,304.52,GBP,success,Steam
T00001082,A000108,C000089,FI,checking,2026-09-23,273.66,GBP,success,Wolt
T00003432,A000720,C000001,SE,credit,2026-09-23,92.23,USD,success,Amazon
T00008690,A000109,C000371,EE,savings,2026-09-23,189.24,USD,success,Airbnb
T00008157,A000519,C000019,FI,checking,2026-09-23,491.01,EUR,success,Airbnb
T00008287,A000632,C000169,LV,savings,2026-09-23,54.06,GBP,success,IKEA
T00005469,A000157,C000074,LT,checking,2026-09-23,444.50,USD,failed,Wolt
T00006644,A000135,C000461,LT,credit,2026-09-23,127.79,GBP,success,Netflix
T00009867,A000084,C000081,SE,credit,2026-09-23,140.18,EUR,success,Netflix
T00005050,A000424,C000383,SE,savings,2026-09-23,378.43,EUR,success,IKEA
T00006781,A000135,C000461,LT,credit,2026-09-23,55.02,USD,success,Rimi
T00002439,A000134,C000417,LV,credit,2026-09-23,308.11,GBP,success,Amazon
T00004144,A000134,C000417,LV,credit,2026-09-23,65.28,USD,success,Amazon
T00008064,A000134,C000417,LV,credit,2026-09-23,186.41,USD,success,Rimi
T00004431,A000375,C000199,SE,credit,2026-09-23,357.79,USD,success,Airbnb
T00005554,A000207,C000153,EE,savings,2026-09-23,191.93,EUR,success,Rimi
T00004660,A000375,C000199,SE,credit,2026-09-23,100.56,EUR,success,Tesco
T00006543,A000302,C000393,LT,credit,2026-09-23,64.44,GBP,success,Wolt
T00001926,A000408,C000018,LV,credit,2026-09-23,241.16,USD,success,Steam
T00003507,A000385,C000078,FI,credit,2026-09-23,448.16,USD,success,Steam
T00002280,A000179,C000018,LV,credit,2026-09-23,57.42,GBP,success,Amazon
T00008271,A000328,C000142,FI,savings,2026-09-23,144.87,EUR,success,Rimi
T00007165,A000630,C000049,LV,credit,2026-09-23,253.98,GBP,success,Tesco
T00007839,A000611,C000488,FI,savings,2026-09-23,263.56,GBP,failed,Tesco
T00000815,A000314,C000099,LV,credit,2026-09-23,225.80,USD,success,Tesco
T00009551,A000698,C000387,LV,credit,2026-09-23,358.50,GBP,success,Tesco
T00005250,A000021,C000450,LT,credit,2026-09-23,281.65,USD,success,IKEA
T00007111,A000112,C000102,LT,credit,2026-09-23,409.08,GBP,success,Airbnb
T00008978,A000562,C000364,SE,checking,2026-09-23,127.78,EUR,success,Netflix
T00000621,A000241,C000297,LV,credit,2026-09-23,71.22,GBP,success,Airbnb
T00003601,A000113,C000368,EE,credit,2026-09-23,179.01,USD,success,Tesco
T00006167,A000444,C000427,SE,checking,2026-09-23,45.78,EUR,success,IKEA
T00008269,A000064,C000160,LT,credit,2026-09-23,438.89,GBP,success,Bolt
T00006186,A000724,C000411,FI,savings,2026-09-23,291.38,EUR,success,Rimi
T00007891,A000717,C000214,FI,savings,2026-09-23,273.47,USD,success,Tesco
T00000602,A000338,C000123,FI,credit,2026-09-23,306.47,USD,success,Tesco
T00009666,A000748,C000148,LV,credit,2026-09-23,30.65,GBP,success,Netflix
T00009044,A000613,C000401,SE,checking,2026-09-23,27.64,USD,failed,Bolt
T00008198,A000497,C000285,LV,savings,2026-09-23,363.53,EUR,success,Wolt
T00000533,A000492,C000458,EE,credit,2026-09-23,51.04,GBP,success,IKEA
T00009082,A000712,C000385,LV,credit,2026-09-23,52.19,GBP,success,Rimi
T00007673,A000520,C000489,EE,checking,2026-09-23,64.28,EUR,success,Airbnb
T00004784,A000562,C000364,SE,checking,2026-09-23,134.86,GBP,success,Rimi
T00009029,A000352,C000252,FI,credit,2026-09-23,366.60,USD,success,Tesco
T00004476,A000410,C000047,LT,credit,2026-09-23,377.66,USD,success,Spotify
T00008700,A000360,C000239,LV,checking,2026-09-23,473.08,EUR,pending,Netflix
T00003761,A000114,C000409,SE,credit,2026-09-23,338.91,EUR,success,Airbnb
T00003247,A000509,C000165,LT,checking,2026-09-23,110.05,EUR,success,Airbnb
T00002828,A000034,C000300,LT,savings,2026-09-23,48.86,USD,success,IKEA
T00002964,A000613,C000401,SE,checking,2026-09-23,282.86,USD,success,Wolt
T00000111,A000129,C000037,EE,checking,2026-09-23,404.49,GBP,failed,Netflix
T00002744,A000716,C000190,LT,credit,2026-09-23,470.63,GBP,success,Amazon
T00005882,A000563,C000406,SE,savings,2026-09-23,310.51,GBP,success,Amazon
T00000357,A000410,C000047,LT,credit,2026-09-23,86.21,EUR,success,Wolt
T00009398,A000614,C000083,LV,savings,2026-09-23,456.47,USD,success,Bolt
T00007824,A000382,C000013,LV,credit,2026-09-23,48.03,GBP,success,Airbnb
T00009845,A000404,C000034,EE,credit,2026-09-23,229.24,USD,pending,Steam
T00008605,A000360,C000239,LV,checking,2026-09-23,496.06,GBP,success,Spotify
T00005247,A000626,C000353,SE,credit,2026-09-23,93.31,GBP,success,Wolt
T00001100,A000128,C000046,LV,credit,2026-09-23,407.22,USD,success,Airbnb
T00002867,A000045,C000130,EE,savings,2026-09-23,22.22,USD,success,IKEA
T00000578,A000360,C000239,LV,checking,2026-09-23,499.54,USD,success,Netflix
T00005401,A000420,C000121,LV,checking,2026-09-23,275.83,GBP,failed,IKEA
T00003189,A000580,C000036,LV,credit,2026-09-23,289.72,GBP,success,Airbnb
T00000818,A000021,C000450,LT,credit,2026-09-23,282.96,EUR,success,Tesco
T00003728,A000325,C000142,FI,savings,2026-09-23,366.65,EUR,success,Airbnb
T00009758,A000389,C000265,FI,checking,2026-09-23,423.64,USD,success,Spotify
T00006558,A000115,C000015,LT,checking,2026-09-23,109.13,GBP,success,Netflix
T00003821,A000564,C000447,EE,checking,2026-09-23,389.33,EUR,success,Bolt
T00003624,A000749,C000405,LT,credit,2026-09-23,297.62,GBP,failed,Amazon
T00003819,A000564,C000447,EE,checking,2026-09-23,414.49,EUR,success,IKEA
T00000407,A000711,C000414,LT,credit,2026-09-23,255.59,USD,success,Airbnb
T00007446,A000269,C000136,LT,credit,2026-09-23,417.92,EUR,success,Steam
T00003376,A000698,C000387,LV,credit,2026-09-23,277.94,GBP,success,Airbnb
T00008604,A000444,C000427,SE,checking,2026-09-23,227.73,GBP,success,Netflix
T00001950,A000176,C000432,FI,savings,2026-09-23,57.39,USD,success,Airbnb
T00004686,A000705,C000473,LT,checking,2026-09-23,190.71,USD,failed,Wolt
T00005781,A000646,C000142,FI,checking,2026-09-23,278.86,USD,success,Tesco
T00007337,A000039,C000052,FI,credit,2026-09-23,366.25,USD,success,Netflix
T00007833,A000419,C000146,SE,checking,2026-09-23,357.87,USD,success,Bolt
T00008107,A000419,C000146,SE,checking,2026-09-23,153.43,EUR,success,Amazon
T00004988,A000654,C000133,EE,savings,2026-09-23,319.58,USD,success,Bolt
T00003523,A000016,C000172,LV,checking,2026-09-23,2.95,GBP,success,Rimi
T00009046,A000206,C000127,LT,credit,2026-09-23,67.03,EUR,success,IKEA
T00006080,A000339,C000345,EE,credit,2026-09-23,154.40,GBP,success,Spotify
T00006076,A000125,C000268,LT,checking,2026-09-23,173.48,USD,success,Airbnb
T00004295,A000342,C000084,LT,credit,2026-09-23,453.85,USD,success,Airbnb
T00002002,A000418,C000404,LT,credit,2026-09-23,10.76,USD,success,Amazon
T00001723,A000269,C000136,LT,credit,2026-09-23,165.64,GBP,success,Rimi
T00004173,A000625,C000311,EE,savings,2026-09-23,489.40,EUR,success,Airbnb
T00000662,A000213,C000462,SE,checking,2026-09-23,76.95,GBP,success,Spotify
T00008963,A000011,C000150,FI,credit,2026-09-23,487.18,GBP,success,Tesco
T00009999,A000734,C000253,EE,credit,2026-09-23,425.77,USD,success,Airbnb
T00004325,A000451,C000268,LT,savings,2026-09-23,400.49,GBP,success,Rimi
T00007385,A000706,C000417,LV,credit,2026-09-23,407.20,GBP,success,Netflix
T00009244,A000375,C000199,SE,credit,2026-09-23,176.59,USD,success,Steam
T00007880,A000087,C000270,FI,credit,2026-09-23,310.58,USD,success,Rimi
T00008933,A000335,C000275,LV,savings,2026-09-23,227.60,GBP,success,Steam
T00001680,A000269,C000136,LT,credit,2026-09-23,122.66,EUR,success,Wolt
T00000443,A000530,C000051,FI,savings,2026-09-23,390.89,USD,success,Amazon
T00003787,A000288,C000038,SE,credit,2026-09-23,360.00,GBP,success,Rimi
T00006719,A000623,C000173,LV,credit,2026-09-23,311.66,EUR,success,Bolt
T00000282,A000495,C000483,SE,checking,2026-09-23,460.11,USD,success,Amazon
T00007530,A000581,C000431,LT,credit,2026-09-23,61.71,GBP,success,Airbnb
T00008352,A000247,C000272,EE,checking,2026-09-23,211.61,EUR,success,Bolt
T00000469,A000619,C000216,LV,checking,2026-09-23,164.69,EUR,success,Tesco
T00003452,A000587,C000005,FI,credit,2026-09-23,199.22,USD,success,Airbnb
T00004797,A000174,C000355,FI,savings,2026-09-23,352.35,EUR,success,Rimi
T00003946,A000016,C000172,LV,checking,2026-09-23,245.54,EUR,success,IKEA
T00008427,A000699,C000034,EE,savings,2026-09-23,401.84,EUR,success,Spotify
T00009281,A000687,C000441,EE,credit,2026-09-23,160.58,GBP,success,IKEA
T00002504,A000121,C000491,EE,savings,2026-09-23,187.85,GBP,success,Airbnb
T00006662,A000044,C000294,EE,checking,2026-09-23,490.41,USD,success,Amazon
T00007170,A000323,C000315,LT,savings,2026-09-23,409.84,USD,success,Amazon
T00005081,A000121,C000491,EE,savings,2026-09-23,221.64,GBP,success,Airbnb
T00008706,A000621,C000078,FI,credit,2026-09-23,358.26,GBP,success,Airbnb
T00009509,A000416,C000309,EE,savings,2026-09-23,328.60,GBP,success,Steam
T00003691,A000383,C000344,EE,credit,2026-09-23,182.11,USD,success,Steam
T00002207,A000087,C000270,FI,credit,2026-09-23,360.79,USD,success,Rimi
T00008368,A000039,C000052,FI,credit,2026-09-23,441.57,EUR,success,Wolt
T00007344,A000594,C000172,LV,checking,2026-09-23,197.13,EUR,success,Spotify
T00001629,A000087,C000270,FI,credit,2026-09-23,461.12,EUR,success,Rimi
T00002035,A000393,C000457,FI,savings,2026-09-23,254.56,EUR,success,Netflix
T00005119,A000732,C000382,LT,credit,2026-09-23,462.91,EUR,success,Tesco
T00006835,A000236,C000132,EE,credit,2026-09-23,234.86,GBP,failed,Rimi
T00002331,A000336,C000114,EE,credit,2026-09-23,195.30,USD,success,Bolt
T00000141,A000671,C000253,EE,credit,2026-09-23,88.29,USD,success,Amazon
T00004282,A000699,C000034,EE,savings,2026-09-23,16.39,EUR,success,Wolt
T00008147,A000299,C000063,EE,savings,2026-09-23,406.75,GBP,success,Bolt
T00007775,A000357,C000249,LV,savings,2026-09-23,31.03,GBP,success,Bolt
T00007175,A000245,C000241,LT,savings,2026-09-23,11.52,GBP,success,Steam
T00004774,A000011,C000150,FI,credit,2026-09-23,21.49,EUR,success,Amazon
T00006797,A000236,C000132,EE,credit,2026-09-23,114.14,EUR,success,Amazon
T00008042,A000204,C000276,LT,savings,2026-09-23,485.66,EUR,success,Spotify
T00003269,A000719,C000481,EE,savings,2026-09-23,321.26,GBP,success,Tesco
T00005808,A000347,C000423,FI,checking,2026-09-23,246.86,USD,success,Amazon
T00009169,A000290,C000478,LT,savings,2026-09-23,442.04,GBP,success,Spotify
T00003232,A000203,C000123,FI,savings,2026-09-23,17.08,GBP,success,Rimi
T00009125,A000514,C000251,LV,credit,2026-09-23,193.78,USD,success,Bolt
T00009086,A000368,C000259,SE,savings,2026-09-23,145.91,EUR,success,IKEA
T00000265,A000380,C000362,FI,savings,2026-09-23,317.88,EUR,success,Tesco
T00001373,A000022,C000343,FI,savings,2026-09-23,216.63,USD,success,Spotify
T00000977,A000653,C000000,FI,checking,2026-09-23,86.09,EUR,success,Bolt
T00002919,A000449,C000052,FI,checking,2026-09-23,441.19,USD,pending,Netflix
T00000170,A000332,C000225,FI,checking,2026-09-23,429.58,GBP,success,Netflix
T00003241,A000385,C000078,FI,credit,2026-09-23,237.27,EUR,success,Spotify
T00005513,A000569,C000368,EE,checking,2026-09-23,32.95,GBP,success,Tesco
T00007322,A000467,C000172,LV,checking,2026-09-23,154.71,USD,success,Tesco
T00000207,A000231,C000206,EE,checking,2026-09-23,110.58,GBP,success,Airbnb
T00008853,A000384,C000199,SE,checking,2026-09-23,413.45,GBP,success,Airbnb
T00009411,A000055,C000025,FI,credit,2026-09-23,317.34,USD,failed,Wolt
T00005666,A000172,C000459,LT,checking,2026-09-23,161.28,USD,success,Amazon
T00005258,A000218,C000461,LT,credit,2026-09-23,404.97,GBP,success,Steam
T00003163,A000088,C000497,EE,credit,2026-09-23,188.03,EUR,success,Tesco
T00008736,A000721,C000105,FI,credit,2026-09-23,184.88,EUR,success,Bolt
T00007414,A000201,C000340,LV,credit,2026-09-23,62.04,USD,success,Tesco
T00009832,A000667,C000198,FI,credit,2026-09-23,337.97,GBP,failed,IKEA
T00006049,A000200,C000016,LT,credit,2026-09-23,366.27,GBP,success,Rimi
T00000712,A000594,C000172,LV,checking,2026-09-23,105.77,EUR,failed,Netflix
T00006812,A000683,C000361,EE,checking,2026-09-23,123.25,EUR,success,Netflix
T00004845,A000592,C000085,LV,savings,2026-09-23,81.25,EUR,success,Spotify
T00007155,A000258,C000207,LT,credit,2026-09-23,258.81,USD,success,Tesco
T00007196,A000726,C000399,SE,checking,2026-09-23,356.79,GBP,success,Amazon
T00000373,A000592,C000085,LV,savings,2026-09-23,11.42,GBP,success,Steam
T00006688,A000342,C000084,LT,credit,2026-09-23,238.94,GBP,success,Wolt
T00002992,A000059,C000415,SE,credit,2026-09-23,477.02,GBP,success,Wolt
T00007284,A000073,C000319,LV,savings,2026-09-23,473.25,USD,success,IKEA
T00006151,A000466,C000496,SE,credit,2026-09-23,444.80,USD,success,Amazon
T00000441,A000651,C000051,FI,credit,2026-09-23,93.79,EUR,success,Airbnb
T00007164,A000570,C000066,LV,checking,2026-09-23,312.84,USD,success,Wolt
T00007129,A000348,C000104,EE,savings,2026-09-23,428.60,USD,success,IKEA
T00000639,A000651,C000051,FI,credit,2026-09-23,132.27,USD,success,Steam
T00001920,A000448,C000129,SE,savings,2026-09-23,19.92,EUR,success,Wolt
T00004684,A000067,C000474,EE,credit,2026-09-23,55.57,USD,success,Amazon
T00003784,A000666,C000386,SE,checking,2026-09-23,71.09,GBP,success,IKEA
T00006472,A000528,C000164,LT,credit,2026-09-23,118.40,GBP,failed,IKEA
T00000823,A000441,C000205,SE,checking,2026-09-23,78.21,GBP,success,IKEA
T00009483,A000038,C000401,SE,checking,2026-09-23,360.37,USD,success,Tesco
T00002429,A000236,C000132,EE,credit,2026-09-23,384.19,USD,success,IKEA
T00006264,A000292,C000287,LV,savings,2026-09-23,53.35,GBP,success,Tesco
T00006364,A000582,C000400,SE,checking,2026-09-23,27.82,EUR,success,Spotify
T00005540,A000651,C000051,FI,credit,2026-09-23,179.46,EUR,success,Rimi
T00000911,A000681,C000355,FI,savings,2026-09-23,319.46,GBP,success,Rimi
T00004260,A000707,C000086,SE,savings,2026-09-23,158.73,GBP,success,Wolt
T00008547,A000213,C000462,SE,checking,2026-09-23,145.65,GBP,success,Tesco
T00009572,A000666,C000386,SE,checking,2026-09-23,130.08,EUR,success,IKEA
T00009238,A000067,C000474,EE,credit,2026-09-23,57.57,USD,success,Airbnb
T00009729,A000225,C000298,LT,credit,2026-09-23,309.73,USD,success,Airbnb
T00001452,A000059,C000415,SE,credit,2026-09-23,447.09,EUR,success,Spotify
T00003867,A000362,C000043,LT,credit,2026-09-23,203.96,EUR,success,IKEA
T00002028,A000196,C000326,FI,credit,2026-09-23,37.20,GBP,success,Steam
T00001718,A000649,C000249,LV,credit,2026-09-23,437.17,USD,success,Wolt
T00003841,A000571,C000127,LT,savings,2026-09-23,21.80,USD,success,IKEA
T00006152,A000333,C000075,EE,checking,2026-09-23,489.40,EUR,success,Steam
T00009578,A000060,C000199,SE,savings,2026-09-23,254.70,GBP,success,Bolt
T00003959,A000448,C000129,SE,savings,2026-09-23,399.39,USD,success,Airbnb
T00004400,A000229,C000208,FI,savings,2026-09-23,26.26,USD,success,Rimi
T00000287,A000099,C000455,LV,checking,2026-09-23,33.25,GBP,success,Wolt
T00001404,A000544,C000081,SE,checking,2026-09-23,35.11,EUR,success,Tesco
T00009218,A000276,C000343,FI,credit,2026-09-23,400.59,GBP,failed,Airbnb
T00006986,A000293,C000232,SE,checking,2026-09-23,257.32,USD,success,Bolt
T00000415,A000544,C000081,SE,checking,2026-09-23,275.93,EUR,success,Amazon
T00006973,A000232,C000127,LT,credit,2026-09-23,349.80,GBP,success,Wolt
T00001084,A000663,C000161,EE,savings,2026-09-23,294.38,USD,success,Netflix
T00000032,A000725,C000408,LT,credit,2026-09-23,235.79,USD,success,IKEA
T00005665,A000448,C000129,SE,savings,2026-09-23,49.92,EUR,success,Netflix
T00007893,A000034,C000300,LT,savings,2026-09-23,360.24,EUR,success,Amazon
T00003413,A000473,C000270,FI,savings,2026-09-23,488.07,EUR,success,Tesco
T00004281,A000546,C000156,LV,credit,2026-09-23,419.56,GBP,success,Wolt
T00003121,A000276,C000343,FI,credit,2026-09-23,227.68,USD,success,Airbnb
T00007588,A000512,C000400,SE,credit,2026-09-23,141.01,USD,success,IKEA
T00002783,A000334,C000117,EE,savings,2026-09-23,307.00,GBP,success,Wolt
T00008815,A000701,C000305,LT,checking,2026-09-23,12.99,GBP,success,Amazon
T00002262,A000365,C000392,SE,checking,2026-09-23,312.85,GBP,success,Airbnb
T00001392,A000511,C000469,LV,savings,2026-09-23,419.86,EUR,success,Amazon
T00001738,A000167,C000094,SE,checking,2026-09-23,293.27,USD,success,Spotify
T00007301,A000076,C000217,LV,credit,2026-09-23,445.45,USD,pending,Netflix
T00009499,A000301,C000312,LT,savings,2026-09-23,474.73,GBP,success,Steam
T00005987,A000730,C000487,FI,checking,2026-09-23,332.96,EUR,success,IKEA
T00007297,A000498,C000363,LT,credit,2026-09-23,285.98,GBP,success,Wolt
T00003215,A000479,C000350,SE,checking,2026-09-23,246.49,GBP,success,Rimi
T00004611,A000701,C000305,LT,checking,2026-09-23,400.25,USD,success,Bolt
T00007820,A000335,C000275,LV,savings,2026-09-23,188.13,GBP,failed,Airbnb
T00004390,A000129,C000037,EE,checking,2026-09-22,101.17,USD,success,Netflix
T00004882,A000253,C000193,EE,credit,2026-09-22,219.90,EUR,success,Amazon
T00004215,A000253,C000193,EE,credit,2026-09-22,71.53,EUR,success,Bolt
T00002993,A000508,C000123,FI,credit,2026-09-22,185.82,USD,success,Airbnb
T00007676,A000230,C000421,EE,checking,2026-09-22,113.15,USD,success,Tesco
T00005639,A000484,C000428,EE,savings,2026-09-22,309.08,USD,success,Netflix
T00006700,A000484,C000428,EE,savings,2026-09-22,258.62,GBP,success,Amazon
T00000895,A000509,C000165,LT,checking,2026-09-22,259.48,EUR,success,Netflix
T00001137,A000229,C000208,FI,savings,2026-09-22,396.96,EUR,success,Rimi
T00006952,A000482,C000152,FI,checking,2026-09-22,313.99,EUR,success,Amazon
T00000242,A000255,C000384,LT,checking,2026-09-22,485.17,GBP,success,Steam
T00002732,A000739,C000420,FI,credit,2026-09-22,260.98,EUR,success,Amazon
T00009667,A000228,C000061,EE,savings,2026-09-22,85.88,GBP,success,Rimi
T00002632,A000006,C000455,LV,checking,2026-09-22,381.47,GBP,success,Steam
T00003579,A000513,C000255,FI,credit,2026-09-22,195.87,EUR,success,Wolt
T00007363,A000514,C000251,LV,credit,2026-09-22,439.37,USD,failed,Rimi
T00004428,A000514,C000251,LV,credit,2026-09-22,109.87,GBP,success,Bolt
T00006371,A000258,C000207,LT,credit,2026-09-22,485.56,GBP,success,Steam
T00008452,A000225,C000298,LT,credit,2026-09-22,334.18,GBP,success,Tesco
T00005036,A000515,C000056,LT,credit,2026-09-22,211.05,EUR,success,Steam
T00001562,A000515,C000056,LT,credit,2026-09-22,37.66,EUR,success,Steam
T00001207,A000515,C000056,LT,credit,2026-09-22,240.37,USD,pending,Netflix
T00005381,A000738,C000022,LV,savings,2026-09-22,87.15,GBP,success,IKEA
T00005223,A000388,C000380,FI,credit,2026-09-22,277.32,EUR,success,Wolt
T00003279,A000353,C000067,SE,credit,2026-09-22,179.46,GBP,failed,Rimi
T00009254,A000261,C000279,LT,credit,2026-09-22,365.91,USD,success,Airbnb
T00008766,A000261,C000279,LT,credit,2026-09-22,252.63,EUR,success,Wolt
T00008183,A000221,C000452,SE,savings,2026-09-22,494.32,GBP,failed,Bolt
T00006913,A000688,C000032,FI,credit,2026-09-22,34.00,GBP,success,Netflix
T00002901,A000218,C000461,LT,credit,2026-09-22,89.94,GBP,success,IKEA
T00006209,A000476,C000031,LV,checking,2026-09-22,386.80,USD,success,Steam
T00004099,A000262,C000116,LV,checking,2026-09-22,375.87,GBP,success,Airbnb
T00007975,A000688,C000032,FI,credit,2026-09-22,262.07,EUR,success,Netflix
T00001420,A000345,C000257,EE,credit,2026-09-22,206.24,EUR,failed,Spotify
T00003615,A000524,C000253,EE,savings,2026-09-22,162.09,GBP,failed,Airbnb
T00001524,A000017,C000304,SE,savings,2026-09-22,189.45,EUR,success,Steam
T00009164,A000475,C000406,SE,credit,2026-09-22,204.93,EUR,success,Rimi
T00005919,A000264,C000498,FI,checking,2026-09-22,29.29,EUR,success,Steam
T00006254,A000528,C000164,LT,credit,2026-09-22,420.82,USD,success,Tesco
T00008002,A000529,C000290,EE,savings,2026-09-22,13.96,EUR,success,Tesco
T00009468,A000380,C000362,FI,savings,2026-09-22,228.31,USD,success,Wolt
T00006144,A000265,C000307,FI,checking,2026-09-22,47.03,USD,success,Airbnb
T00008006,A000211,C000349,LT,checking,2026-09-22,258.73,EUR,success,Airbnb
T00001333,A000530,C000051,FI,savings,2026-09-22,474.13,USD,success,Spotify
T00006328,A000472,C000098,FI,checking,2026-09-22,338.81,EUR,success,Amazon
T00003164,A000266,C000426,LT,checking,2026-09-22,4.21,GBP,success,Steam
T00005880,A000728,C000034,EE,checking,2026-09-22,499.20,GBP,success,Spotify
T00006768,A000532,C000168,EE,checking,2026-09-22,77.68,GBP,success,Airbnb
T00000896,A000267,C000353,SE,credit,2026-09-22,216.83,EUR,success,Rimi
T00003477,A000207,C000153,EE,savings,2026-09-22,206.47,GBP,success,Bolt
T00001490,A000726,C000399,SE,checking,2026-09-22,434.00,GBP,success,Netflix
T00001981,A000268,C000213,SE,checking,2026-09-22,108.18,EUR,success,Bolt
T00004387,A000269,C000136,LT,credit,2026-09-22,390.04,EUR,success,IKEA
T00002282,A000535,C000342,EE,checking,2026-09-22,184.27,EUR,failed,Amazon
T00002131,A000726,C000399,SE,checking,2026-09-22,87.76,USD,success,Amazon
T00008406,A000205,C000172,LV,savings,2026-09-22,28.24,EUR,failed,Netflix
T00004448,A000673,C000446,LV,savings,2026-09-22,234.77,USD,success,IKEA
T00008382,A000019,C000064,FI,credit,2026-09-22,421.42,USD,success,Rimi
T00006497,A000469,C000254,FI,savings,2026-09-22,364.53,EUR,success,Rimi
T00007472,A000019,C000064,FI,credit,2026-09-22,352.35,USD,success,IKEA
T00004116,A000726,C000399,SE,checking,2026-09-22,327.29,USD,success,Steam
T00003640,A000271,C000436,LT,savings,2026-09-22,386.62,EUR,success,Rimi
T00009893,A000203,C000123,FI,savings,2026-09-22,268.33,USD,success,Airbnb
T00005403,A000366,C000326,FI,checking,2026-09-22,112.15,GBP,success,Bolt
T00000772,A000198,C000225,FI,savings,2026-09-22,359.65,EUR,success,Netflix
T00008618,A000542,C000087,FI,credit,2026-09-22,301.56,USD,failed,Rimi
T00007281,A000198,C000225,FI,savings,2026-09-22,148.32,USD,success,Spotify
T00004546,A000067,C000474,EE,credit,2026-09-22,431.79,GBP,failed,IKEA
T00000138,A000465,C000174,LV,checking,2026-09-22,191.08,EUR,success,Netflix
T00000031,A000197,C000147,LV,credit,2026-09-22,452.03,EUR,pending,Steam
T00000325,A000542,C000087,FI,credit,2026-09-22,39.08,EUR,success,Airbnb
T00007088,A000275,C000005,FI,savings,2026-09-22,361.69,EUR,failed,Wolt
T00000295,A000543,C000304,SE,credit,2026-09-22,399.30,EUR,success,Bolt
T00008380,A000544,C000081,SE,checking,2026-09-22,481.40,EUR,success,Airbnb
T00006568,A000544,C000081,SE,checking,2026-09-22,296.44,USD,success,Rimi
T00003316,A000544,C000081,SE,checking,2026-09-22,198.27,EUR,success,Steam
T00002234,A000464,C000204,SE,savings,2026-09-22,376.20,USD,success,Rimi
T00001046,A000546,C000156,LV,credit,2026-09-22,199.12,EUR,success,Netflix
T00001042,A000192,C000051,FI,credit,2026-09-22,127.64,GBP,success,Steam
T00004531,A000462,C000250,LT,checking,2026-09-22,403.64,EUR,success,Steam
T00005264,A000192,C000051,FI,credit,2026-09-22,78.46,USD,success,Amazon
T00004696,A000547,C000459,LT,credit,2026-09-22,145.57,EUR,success,Tesco
T00004736,A000461,C000430,LV,savings,2026-09-22,158.25,USD,success,Netflix
T00003681,A000548,C000411,FI,credit,2026-09-22,238.74,GBP,success,Airbnb
T00002010,A000548,C000411,FI,credit,2026-09-22,261.96,USD,success,Tesco
T00007461,A000461,C000430,LV,savings,2026-09-22,150.90,USD,success,Spotify
T00008373,A000461,C000430,LV,savings,2026-09-22,8.62,EUR,success,Tesco
T00002936,A000549,C000103,FI,savings,2026-09-22,80.36,USD,success,Spotify
T00009776,A000674,C000256,FI,savings,2026-09-22,76.98,GBP,failed,Tesco
T00008325,A000550,C000343,FI,credit,2026-09-22,494.26,USD,success,Netflix
T00008819,A000460,C000414,LT,credit,2026-09-22,477.03,USD,success,IKEA
T00003020,A000189,C000348,SE,checking,2026-09-22,237.87,GBP,success,Amazon
T00009226,A000551,C000363,LT,checking,2026-09-22,428.76,USD,success,Tesco
T00004578,A000188,C000216,LV,savings,2026-09-22,177.08,USD,success,Airbnb
T00000018,A000551,C000363,LT,checking,2026-09-22,75.82,GBP,success,Amazon
T00005676,A000369,C000387,LV,savings,2026-09-22,452.95,USD,success,Bolt
T00000649,A000342,C000084,LT,credit,2026-09-22,126.75,USD,success,Steam
T00004603,A000369,C000387,LV,savings,2026-09-22,483.09,GBP,success,Wolt
T00005989,A000185,C000188,EE,credit,2026-09-22,180.28,EUR,success,Steam
T00003159,A000740,C000194,LV,checking,2026-09-22,115.89,EUR,success,Airbnb
T00007132,A000457,C000442,LV,checking,2026-09-22,359.70,USD,success,Airbnb
T00005276,A000456,C000146,SE,credit,2026-09-22,483.94,EUR,success,Netflix
T00000047,A000182,C000230,FI,checking,2026-09-22,200.26,GBP,success,Amazon
T00001096,A000182,C000230,FI,checking,2026-09-22,399.49,EUR,success,Spotify
T00009643,A000182,C000230,FI,checking,2026-09-22,283.45,EUR,success,Amazon
T00000769,A000066,C000341,EE,checking,2026-09-22,378.34,GBP,success,IKEA
T00003737,A000181,C000329,FI,checking,2026-09-22,473.53,USD,success,Wolt
T00007941,A000181,C000329,FI,checking,2026-09-22,158.80,EUR,success,Bolt
T00008300,A000560,C000250,LT,credit,2026-09-22,107.58,GBP,success,Spotify
T00006287,A000021,C000450,LT,credit,2026-09-22,412.61,GBP,success,Steam
T00001237,A000454,C000061,EE,credit,2026-09-22,448.34,EUR,success,Wolt
T00008608,A000562,C000364,SE,checking,2026-09-22,374.99,EUR,success,Amazon
T00007582,A000724,C000411,FI,savings,2026-09-22,95.74,GBP,success,Bolt
T00008278,A000674,C000256,FI,savings,2026-09-22,446.90,GBP,success,Wolt
T00002555,A000177,C000115,FI,savings,2026-09-22,446.15,EUR,success,Wolt
T00000749,A000287,C000173,LV,checking,2026-09-22,64.01,GBP,success,Bolt
T00000625,A000021,C000450,LT,credit,2026-09-22,243.72,GBP,success,Amazon
T00003263,A000565,C000045,FI,credit,2026-09-22,43.51,GBP,success,Bolt
T00000673,A000451,C000268,LT,savings,2026-09-22,478.48,USD,success,Spotify
T00007731,A000567,C000376,LV,credit,2026-09-22,188.86,USD,success,Airbnb
T00002644,A000567,C000376,LV,credit,2026-09-22,3.19,GBP,success,Rimi
T00006220,A000568,C000300,LT,checking,2026-09-22,442.93,GBP,success,Wolt
T00000399,A000450,C000236,LT,checking,2026-09-22,55.99,USD,success,Bolt
T00000380,A000363,C000086,SE,savings,2026-09-22,37.79,EUR,success,IKEA
T00004513,A000450,C000236,LT,checking,2026-09-22,62.16,EUR,success,Amazon
T00009036,A000569,C000368,EE,checking,2026-09-22,463.11,GBP,success,Bolt
T00006847,A000449,C000052,FI,checking,2026-09-22,272.48,EUR,success,Netflix
T00004355,A000171,C000034,EE,checking,2026-09-22,449.23,GBP,success,Wolt
T00007365,A000571,C000127,LT,savings,2026-09-22,160.20,USD,success,Amazon
T00009451,A000371,C000327,FI,credit,2026-09-22,266.66,EUR,success,Amazon
T00005465,A000448,C000129,SE,savings,2026-09-22,302.27,EUR,success,Rimi
T00008886,A000675,C000482,LT,credit,2026-09-22,37.81,GBP,success,Netflix
T00000118,A000571,C000127,LT,savings,2026-09-22,142.24,USD,success,Airbnb
T00006035,A000737,C000283,SE,savings,2026-09-22,397.60,EUR,success,Wolt
T00006252,A000572,C000319,LV,checking,2026-09-22,48.22,GBP,success,Tesco
T00001136,A000572,C000319,LV,checking,2026-09-22,446.43,USD,success,Bolt
T00007993,A000447,C000419,LV,credit,2026-09-22,313.70,USD,success,Wolt
T00000030,A000446,C000315,LT,checking,2026-09-22,436.80,EUR,success,Rimi
T00003919,A000445,C000173,LV,savings,2026-09-22,426.19,USD,success,Rimi
T00006074,A000445,C000173,LV,savings,2026-09-22,251.14,USD,success,Wolt
T00008413,A000005,C000328,FI,savings,2026-09-22,118.78,EUR,success,IKEA
T00007656,A000444,C000427,SE,checking,2026-09-22,247.11,EUR,success,IKEA
T00008668,A000676,C000363,LT,savings,2026-09-22,144.95,GBP,success,Wolt
T00002165,A000580,C000036,LV,credit,2026-09-22,404.11,EUR,success,Bolt
T00000991,A000580,C000036,LV,credit,2026-09-22,225.18,EUR,success,Netflix
T00004280,A000161,C000062,EE,credit,2026-09-22,206.75,USD,success,Spotify
T00001200,A000581,C000431,LT,credit,2026-09-22,469.31,EUR,success,Airbnb
T00003911,A000371,C000327,FI,credit,2026-09-22,115.04,GBP,success,Amazon
T00003223,A000582,C000400,SE,checking,2026-09-22,284.83,GBP,success,Rimi
T00008354,A000584,C000056,LT,checking,2026-09-22,343.30,EUR,success,Netflix
T00002946,A000584,C000056,LT,checking,2026-09-22,7.66,GBP,success,Rimi
T00004386,A000159,C000155,EE,savings,2026-09-22,149.66,USD,success,Rimi
T00001375,A000158,C000408,LT,checking,2026-09-22,19.54,EUR,success,Bolt
T00007018,A000064,C000160,LT,credit,2026-09-22,342.32,EUR,success,Amazon
T00007510,A000158,C000408,LT,checking,2026-09-22,107.19,GBP,success,Tesco
T00008298,A000157,C000074,LT,checking,2026-09-22,355.94,GBP,success,Airbnb
T00005273,A000438,C000298,LT,credit,2026-09-22,53.87,EUR,success,Amazon
T00002758,A000155,C000467,SE,savings,2026-09-22,38.65,GBP,success,Spotify
T00003224,A000153,C000357,FI,savings,2026-09-22,93.87,USD,success,Airbnb
T00000735,A000303,C000132,EE,credit,2026-09-22,346.51,GBP,success,Rimi
T00008528,A000153,C000357,FI,savings,2026-09-22,214.18,GBP,success,Spotify
T00006321,A000683,C000361,EE,checking,2026-09-22,158.33,USD,success,Rimi
T00005592,A000436,C000456,LT,checking,2026-09-22,423.07,EUR,success,Wolt
T00006147,A000152,C000416,FI,checking,2026-09-22,88.96,EUR,success,Airbnb
T00007058,A000590,C000439,LV,credit,2026-09-22,134.47,USD,success,Spotify
T00005088,A000741,C000250,LT,credit,2026-09-22,65.39,GBP,success,Wolt
T00001880,A000593,C000065,EE,credit,2026-09-22,146.00,EUR,success,Amazon
T00009395,A000306,C000228,LT,savings,2026-09-22,13.60,GBP,success,Wolt
T00007991,A000595,C000231,LT,checking,2026-09-22,49.13,EUR,failed,Tesco
T00003687,A000026,C000003,LT,checking,2026-09-22,126.93,GBP,success,Steam
T00000461,A000684,C000150,FI,checking,2026-09-22,170.03,USD,success,Bolt
T00003699,A000596,C000113,LV,checking,2026-09-22,84.62,EUR,success,Amazon
T00003885,A000307,C000231,LT,savings,2026-09-22,409.06,EUR,success,Airbnb
T00005671,A000149,C000211,FI,savings,2026-09-22,5.28,EUR,success,Rimi
T00006135,A000148,C000078,FI,savings,2026-09-22,47.91,USD,success,Amazon
T00000174,A000597,C000361,EE,savings,2026-09-22,315.70,GBP,success,Rimi
T00009663,A000598,C000101,EE,credit,2026-09-22,413.87,EUR,success,Rimi
T00008469,A000309,C000212,LV,credit,2026-09-22,202.72,GBP,success,Rimi
T00009602,A000382,C000013,LV,credit,2026-09-22,468.29,EUR,success,Spotify
T00008112,A000309,C000212,LV,credit,2026-09-22,429.97,USD,failed,Airbnb
T00004984,A000147,C000484,SE,credit,2026-09-22,360.29,GBP,failed,Amazon
T00002543,A000056,C000027,EE,credit,2026-09-22,16.39,EUR,success,Tesco
T00001974,A000026,C000003,LT,checking,2026-09-22,437.03,GBP,success,Wolt
T00009399,A000599,C000021,FI,credit,2026-09-22,76.24,EUR,success,Wolt
T00007192,A000392,C000010,LT,credit,2026-09-22,78.88,USD,success,Wolt
T00009461,A000146,C000255,FI,savings,2026-09-22,148.78,USD,success,Tesco
T00003822,A000602,C000014,LV,credit,2026-09-22,196.85,USD,success,Wolt
T00001597,A000428,C000475,FI,savings,2026-09-22,455.29,EUR,success,Tesco
T00006157,A000311,C000368,EE,savings,2026-09-22,189.17,EUR,success,Spotify
T00003054,A000142,C000087,FI,checking,2026-09-22,373.85,EUR,success,Airbnb
T00005128,A000311,C000368,EE,savings,2026-09-22,31.26,USD,success,Netflix
T00008984,A000142,C000087,FI,checking,2026-09-22,223.65,USD,failed,Amazon
T00003111,A000605,C000109,SE,credit,2026-09-22,299.60,USD,success,IKEA
T00009156,A000606,C000317,EE,checking,2026-09-22,412.96,USD,success,Netflix
T00008562,A000027,C000101,EE,checking,2026-09-22,216.27,USD,success,Spotify
T00001818,A000351,C000229,SE,credit,2026-09-22,458.76,EUR,success,Amazon
T00001260,A000312,C000272,EE,savings,2026-09-22,372.56,GBP,success,Spotify
T00001665,A000608,C000210,LV,savings,2026-09-22,123.39,GBP,success,Airbnb
T00007536,A000313,C000285,LV,checking,2026-09-22,403.18,GBP,success,Amazon
T00000097,A000133,C000260,SE,checking,2026-09-22,57.00,GBP,success,Bolt
T00003448,A000133,C000260,SE,checking,2026-09-22,475.72,EUR,success,Netflix
T00007260,A000613,C000401,SE,checking,2026-09-22,355.88,USD,success,Tesco
T00006341,A000316,C000489,EE,credit,2026-09-22,112.38,USD,success,IKEA
T00005622,A000361,C000170,LV,checking,2026-09-22,471.03,GBP,success,Tesco
T00006646,A000420,C000121,LV,checking,2026-09-22,497.16,EUR,success,IKEA
T00009702,A000420,C000121,LV,checking,2026-09-22,18.48,EUR,success,IKEA
T00002579,A000736,C000339,SE,checking,2026-09-22,113.97,GBP,success,IKEA
T00000903,A000319,C000408,LT,savings,2026-09-22,388.05,GBP,success,Bolt
T00004923,A000615,C000249,LV,credit,2026-09-22,58.11,GBP,success,Airbnb
T00006922,A000004,C000410,LT,credit,2026-09-22,160.87,USD,success,IKEA
T00009240,A000618,C000434,LT,credit,2026-09-22,183.90,EUR,success,Rimi
T00009308,A000123,C000362,FI,savings,2026-09-22,344.87,USD,success,IKEA
T00005388,A000057,C000458,EE,credit,2026-09-22,355.70,EUR,success,Spotify
T00006066,A000381,C000074,LT,credit,2026-09-22,325.84,GBP,success,Airbnb
T00001897,A000620,C000014,LV,savings,2026-09-22,50.45,USD,success,Airbnb
T00003493,A000416,C000309,EE,savings,2026-09-22,429.44,USD,success,Steam
T00004470,A000416,C000309,EE,savings,2026-09-22,335.46,GBP,success,Spotify
T00008806,A000121,C000491,EE,savings,2026-09-22,468.53,EUR,success,Rimi
T00003102,A000120,C000295,EE,savings,2026-09-22,428.55,USD,success,Airbnb
T00007912,A000120,C000295,EE,savings,2026-09-22,51.83,USD,pending,Netflix
T00008533,A000742,C000248,FI,credit,2026-09-22,449.59,GBP,success,Netflix
T00004279,A000621,C000078,FI,credit,2026-09-22,244.30,EUR,success,Tesco
T00005249,A000394,C000070,LV,savings,2026-09-22,85.46,EUR,success,Wolt
T00005813,A000117,C000141,SE,savings,2026-09-22,383.07,EUR,success,Tesco
T00008049,A000324,C000281,EE,credit,2026-09-22,325.81,GBP,success,Amazon
T00007795,A000324,C000281,EE,credit,2026-09-22,36.39,USD,pending,Netflix
T00006034,A000117,C000141,SE,savings,2026-09-22,468.15,USD,success,Netflix
T00009267,A000117,C000141,SE,savings,2026-09-22,425.04,USD,success,Steam
T00004708,A000414,C000427,SE,credit,2026-09-22,390.63,GBP,success,Airbnb
T00000805,A000116,C000432,FI,credit,2026-09-22,220.37,USD,success,Wolt
T00009013,A000413,C000307,FI,savings,2026-09-22,71.87,GBP,success,IKEA
T00005066,A000115,C000015,LT,checking,2026-09-22,357.75,EUR,failed,Airbnb
T00000690,A000713,C000354,EE,checking,2026-09-22,467.02,GBP,success,Steam
T00007075,A000326,C000219,LV,checking,2026-09-22,168.94,EUR,success,Rimi
T00008364,A000628,C000384,LT,savings,2026-09-22,356.08,USD,failed,Bolt
T00000744,A000326,C000219,LV,checking,2026-09-22,257.23,USD,success,Rimi
T00000020,A000112,C000102,LT,credit,2026-09-22,445.67,USD,success,Amazon
T00008424,A000327,C000169,LV,savings,2026-09-22,84.74,USD,success,IKEA
T00009652,A000629,C000403,EE,checking,2026-09-22,412.61,GBP,success,IKEA
T00008451,A000630,C000049,LV,credit,2026-09-22,454.65,GBP,failed,Bolt
T00006301,A000409,C000183,LT,checking,2026-09-22,237.39,USD,success,Netflix
T00003193,A000630,C000049,LV,credit,2026-09-22,137.21,USD,success,Tesco
T00009042,A000632,C000169,LV,savings,2026-09-22,331.17,EUR,success,Tesco
T00008737,A000633,C000132,EE,credit,2026-09-22,57.73,EUR,success,Wolt
T00009022,A000108,C000089,FI,checking,2026-09-22,443.79,GBP,success,Airbnb
T00008457,A000107,C000069,LT,credit,2026-09-22,47.27,USD,success,Wolt
T00007150,A000032,C000293,SE,savings,2026-09-22,418.25,USD,success,Bolt
T00004379,A000032,C000293,SE,savings,2026-09-22,186.52,GBP,success,Steam
T00006439,A000104,C000047,LT,savings,2026-09-22,145.42,EUR,success,Bolt
T00005341,A000405,C000020,LV,savings,2026-09-22,259.27,EUR,success,IKEA
T00004962,A000102,C000395,FI,credit,2026-09-22,98.57,GBP,success,Wolt
T00008021,A000332,C000225,FI,checking,2026-09-22,452.34,GBP,success,Netflix
T00000760,A000337,C000239,LV,credit,2026-09-22,110.06,GBP,success,Wolt
T00003140,A000011,C000150,FI,credit,2026-09-22,496.88,GBP,success,Steam
T00000687,A000099,C000455,LV,checking,2026-09-22,129.97,USD,success,Steam
T00000917,A000099,C000455,LV,checking,2026-09-22,172.87,EUR,success,Bolt
T00003557,A000033,C000071,LV,checking,2026-09-22,43.30,GBP,success,Netflix
T00006067,A000333,C000075,EE,checking,2026-09-22,301.14,USD,success,IKEA
T00004782,A000003,C000098,FI,savings,2026-09-22,163.88,GBP,success,Rimi
T00007619,A000058,C000251,LV,checking,2026-09-22,281.83,USD,success,Wolt
T00000234,A000643,C000277,FI,credit,2026-09-22,486.26,GBP,success,Wolt
T00006760,A000039,C000052,FI,credit,2026-09-22,24.43,USD,success,Steam
T00008126,A000644,C000136,LT,credit,2026-09-22,305.34,USD,success,Steam
T00007621,A000096,C000245,LV,savings,2026-09-22,361.80,GBP,success,IKEA
T00007376,A000093,C000126,FI,credit,2026-09-22,46.09,EUR,success,Bolt
T00001072,A000703,C000175,SE,credit,2026-09-22,5.65,GBP,success,Wolt
T00006404,A000649,C000249,LV,credit,2026-09-22,320.63,USD,success,Airbnb
T00000414,A000700,C000205,SE,checking,2026-09-22,124.57,USD,success,Tesco
T00007982,A000380,C000362,FI,savings,2026-09-22,38.30,EUR,success,Rimi
T00004626,A000092,C000134,FI,checking,2026-09-22,318.10,USD,success,Spotify
T00009269,A000092,C000134,FI,checking,2026-09-22,333.60,USD,success,Airbnb
T00005479,A000091,C000293,SE,savings,2026-09-22,360.07,EUR,success,Steam
T00002611,A000699,C000034,EE,savings,2026-09-22,480.28,USD,success,Steam
T00003312,A000743,C000077,FI,savings,2026-09-22,434.45,USD,success,Wolt
T00005056,A000043,C000241,LT,savings,2026-09-22,348.60,EUR,success,Netflix
T00009221,A000654,C000133,EE,savings,2026-09-22,200.99,USD,success,Airbnb
T00009175,A000654,C000133,EE,savings,2026-09-22,344.23,GBP,success,Steam
T00000172,A000654,C000133,EE,savings,2026-09-22,44.41,EUR,success,Wolt
T00004021,A000086,C000301,LV,credit,2026-09-22,22.14,EUR,success,Amazon
T00005775,A000655,C000309,EE,credit,2026-09-22,45.17,EUR,failed,Tesco
T00001331,A000655,C000309,EE,credit,2026-09-22,369.29,USD,success,Wolt
T00002523,A000656,C000491,EE,savings,2026-09-22,339.05,EUR,success,Bolt
T00008574,A000083,C000444,LT,credit,2026-09-22,208.88,GBP,success,Spotify
T00004028,A000658,C000090,LV,credit,2026-09-22,167.63,EUR,success,IKEA
T00001134,A000002,C000487,FI,credit,2026-09-22,19.87,USD,success,Netflix
T00007895,A000705,C000473,LT,checking,2026-09-22,396.37,EUR,success,IKEA
T00005167,A000078,C000215,FI,checking,2026-09-22,475.25,USD,success,Rimi
T00004540,A000048,C000059,LT,checking,2026-09-22,146.15,USD,success,IKEA
T00008768,A000695,C000214,FI,checking,2026-09-22,352.66,EUR,success,Tesco
T00005496,A000663,C000161,EE,savings,2026-09-22,370.42,USD,failed,Amazon
T00001407,A000336,C000114,EE,credit,2026-09-22,272.06,EUR,success,Tesco
T00007710,A000664,C000319,LV,checking,2026-09-22,194.43,USD,success,Tesco
T00007074,A000664,C000319,LV,checking,2026-09-22,391.07,EUR,success,IKEA
T00009470,A000665,C000077,FI,credit,2026-09-22,213.42,GBP,success,Steam
T00008525,A000665,C000077,FI,credit,2026-09-22,339.80,GBP,success,Spotify
T00006753,A000665,C000077,FI,credit,2026-09-22,437.11,USD,success,Steam
T00006522,A000665,C000077,FI,credit,2026-09-22,161.11,GBP,success,Spotify
T00006845,A000705,C000473,LT,checking,2026-09-22,394.16,EUR,success,Steam
T00000655,A000692,C000268,LT,credit,2026-09-22,230.95,GBP,failed,Spotify
T00001006,A000073,C000319,LV,savings,2026-09-22,323.61,GBP,success,Wolt
T00001621,A000059,C000415,SE,credit,2026-09-22,236.89,USD,success,Spotify
T00000500,A000050,C000449,FI,checking,2026-09-22,463.54,EUR,success,Rimi
T00002501,A000691,C000237,EE,checking,2026-09-22,485.18,EUR,success,Bolt
T00008999,A000073,C000319,LV,savings,2026-09-22,388.87,USD,success,Amazon
T00005194,A000245,C000241,LT,savings,2026-09-22,101.16,USD,success,Spotify
T00009393,A000245,C000241,LT,savings,2026-09-22,344.21,GBP,success,Bolt
T00006149,A000072,C000148,LV,credit,2026-09-22,343.68,USD,success,Netflix
T00005322,A000386,C000071,LV,credit,2026-09-22,93.51,USD,success,Tesco
T00005798,A000247,C000272,EE,checking,2026-09-22,324.74,USD,success,Netflix
T00008393,A000497,C000285,LV,savings,2026-09-22,217.03,GBP,success,Wolt
T00004649,A000071,C000374,SE,checking,2026-09-22,161.05,USD,success,Airbnb
T00003235,A000241,C000297,LV,credit,2026-09-22,72.67,USD,success,IKEA
T00000874,A000249,C000371,EE,checking,2026-09-22,237.34,USD,success,Airbnb
T00001364,A000498,C000363,LT,credit,2026-09-22,45.33,GBP,success,Spotify
T00006804,A000499,C000337,EE,savings,2026-09-22,367.58,USD,success,Amazon
T00001728,A000385,C000078,FI,credit,2026-09-22,198.57,EUR,success,Spotify
T00005156,A000070,C000191,FI,savings,2026-09-22,313.65,EUR,success,Tesco
T00001310,A000502,C000147,LV,checking,2026-09-22,177.68,GBP,success,Tesco
T00000868,A000006,C000455,LV,checking,2026-09-22,75.31,EUR,success,Amazon
T00008083,A000377,C000499,FI,savings,2026-09-22,492.14,EUR,success,Wolt
T00003864,A000232,C000127,LT,credit,2026-09-22,130.07,GBP,failed,Airbnb
T00009625,A000253,C000193,EE,credit,2026-09-22,107.73,GBP,success,Wolt
T00004242,A000506,C000437,SE,checking,2026-09-22,354.70,EUR,success,IKEA
T00009803,A000244,C000451,EE,savings,2026-09-21,242.02,USD,success,Tesco
T00008322,A000331,C000314,FI,credit,2026-09-21,119.00,USD,failed,Amazon
T00008371,A000597,C000361,EE,savings,2026-09-21,381.28,EUR,success,Tesco
T00004453,A000206,C000127,LT,credit,2026-09-21,131.60,USD,success,Spotify
T00002571,A000433,C000453,SE,savings,2026-09-21,84.85,EUR,success,Airbnb
T00008527,A000637,C000457,FI,checking,2026-09-21,63.66,USD,success,Steam
T00009181,A000381,C000074,LT,credit,2026-09-21,276.59,GBP,success,Airbnb
T00000278,A000735,C000056,LT,checking,2026-09-21,469.46,GBP,success,Rimi
T00004403,A000396,C000007,FI,credit,2026-09-21,158.47,EUR,success,Bolt
T00007473,A000406,C000263,EE,checking,2026-09-21,18.50,EUR,success,Wolt
T00007405,A000252,C000486,FI,checking,2026-09-21,395.17,EUR,success,Spotify
T00002050,A000433,C000453,SE,savings,2026-09-21,77.81,EUR,success,Steam
T00007299,A000405,C000020,LV,savings,2026-09-21,125.99,GBP,success,Airbnb
T00006955,A000595,C000231,LT,checking,2026-09-21,184.02,GBP,success,Bolt
T00007841,A000638,C000085,LV,savings,2026-09-21,12.91,USD,success,Bolt
T00005260,A000677,C000174,LV,checking,2026-09-21,471.93,EUR,failed,Spotify
T00005029,A000470,C000226,SE,checking,2026-09-21,217.27,EUR,success,Netflix
T00000643,A000404,C000034,EE,credit,2026-09-21,49.64,GBP,success,Bolt
T00000812,A000057,C000458,EE,credit,2026-09-21,472.39,USD,success,IKEA
T00000536,A000206,C000127,LT,credit,2026-09-21,16.81,EUR,success,Bolt
T00000035,A000150,C000299,SE,savings,2026-09-21,326.76,EUR,success,Spotify
T00001187,A000100,C000056,LT,checking,2026-09-21,407.26,EUR,success,Amazon
T00001919,A000470,C000226,SE,checking,2026-09-21,288.75,EUR,success,Amazon
T00005862,A000435,C000171,FI,credit,2026-09-21,132.27,EUR,success,Tesco
T00002449,A000640,C000126,FI,checking,2026-09-21,90.45,EUR,success,Bolt
T00007714,A000305,C000126,FI,checking,2026-09-21,29.31,GBP,success,Tesco
T00002880,A000304,C000494,SE,savings,2026-09-21,267.73,EUR,success,Airbnb
T00003199,A000348,C000104,EE,savings,2026-09-21,374.30,GBP,success,Steam
T00009645,A000154,C000306,SE,credit,2026-09-21,141.58,EUR,success,Rimi
T00005999,A000437,C000083,LV,checking,2026-09-21,21.71,EUR,failed,Wolt
T00008092,A000533,C000320,SE,credit,2026-09-21,374.93,USD,success,Amazon
T00009104,A000727,C000175,SE,savings,2026-09-21,414.65,GBP,success,IKEA
T00002902,A000676,C000363,LT,savings,2026-09-21,40.89,EUR,success,Spotify
T00002341,A000354,C000009,FI,savings,2026-09-21,112.46,GBP,success,IKEA
T00008854,A000686,C000037,EE,savings,2026-09-21,401.76,EUR,pending,Rimi
T00002327,A000585,C000363,LT,checking,2026-09-21,14.46,GBP,success,Wolt
T00006160,A000728,C000034,EE,checking,2026-09-21,369.67,EUR,success,Tesco
T00003252,A000301,C000312,LT,savings,2026-09-21,196.17,EUR,success,Airbnb
T00006154,A000160,C000003,LT,credit,2026-09-21,223.65,GBP,success,Tesco
T00008454,A000532,C000168,EE,checking,2026-09-21,453.02,USD,success,Steam
T00009447,A000161,C000062,EE,credit,2026-09-21,431.13,USD,success,Airbnb
T00009455,A000005,C000328,FI,savings,2026-09-21,58.16,USD,success,Spotify
T00004394,A000210,C000144,FI,savings,2026-09-21,78.48,USD,success,Bolt
T00006367,A000738,C000022,LV,savings,2026-09-21,210.79,EUR,success,Amazon
T00003245,A000387,C000493,FI,checking,2026-09-21,473.66,EUR,success,Tesco
T00008162,A000299,C000063,EE,savings,2026-09-21,258.82,USD,success,Airbnb
T00008275,A000299,C000063,EE,savings,2026-09-21,17.69,EUR,success,Steam
T00007565,A000298,C000073,LV,savings,2026-09-21,38.46,EUR,success,Steam
T00009069,A000242,C000442,LV,checking,2026-09-21,406.23,EUR,success,Rimi
T00002359,A000473,C000270,FI,savings,2026-09-21,62.17,EUR,pending,Tesco
T00000311,A000097,C000291,LT,savings,2026-09-21,294.67,GBP,success,Tesco
T00004414,A000371,C000327,FI,credit,2026-09-21,407.75,GBP,success,Amazon
T00003577,A000357,C000249,LV,savings,2026-09-21,433.40,GBP,success,Amazon
T00006582,A000703,C000175,SE,credit,2026-09-21,102.07,USD,success,Amazon
T00002388,A000241,C000297,LV,credit,2026-09-21,51.59,EUR,success,IKEA
T00001801,A000341,C000004,LT,credit,2026-09-21,372.41,EUR,success,Steam
T00006277,A000444,C000427,SE,checking,2026-09-21,155.69,GBP,failed,Amazon
T00006360,A000579,C000328,FI,savings,2026-09-21,470.41,EUR,success,Amazon
T00003571,A000646,C000142,FI,checking,2026-09-21,405.07,USD,success,Wolt
T00005195,A000164,C000015,LT,savings,2026-09-21,339.71,GBP,success,IKEA
T00009201,A000647,C000264,EE,credit,2026-09-21,160.03,GBP,success,Tesco
T00003340,A000363,C000086,SE,savings,2026-09-21,19.74,GBP,success,Rimi
T00005011,A000094,C000467,SE,credit,2026-09-21,316.01,USD,success,Spotify
T00005293,A000296,C000361,EE,credit,2026-09-21,293.28,EUR,success,Netflix
T00006062,A000576,C000207,LT,credit,2026-09-21,280.49,EUR,success,Steam
T00000781,A000574,C000237,EE,savings,2026-09-21,429.42,USD,success,Netflix
T00007928,A000446,C000315,LT,checking,2026-09-21,406.77,GBP,success,Tesco
T00005377,A000573,C000469,LV,savings,2026-09-21,408.27,EUR,success,Tesco
T00001471,A000040,C000071,LV,savings,2026-09-21,28.40,USD,success,Airbnb
T00007481,A000573,C000469,LV,savings,2026-09-21,499.82,USD,success,IKEA
T00000303,A000294,C000125,EE,credit,2026-09-21,20.67,USD,success,Tesco
T00009441,A000391,C000096,FI,savings,2026-09-21,153.17,GBP,success,Steam
T00005055,A000294,C000125,EE,credit,2026-09-21,430.10,EUR,success,Tesco
T00009489,A000649,C000249,LV,credit,2026-09-21,336.70,GBP,success,Tesco
T00003401,A000447,C000419,LV,credit,2026-09-21,209.43,USD,success,Netflix
T00008044,A000572,C000319,LV,checking,2026-09-21,13.61,GBP,success,Wolt
T00009917,A000688,C000032,FI,credit,2026-09-21,271.87,USD,success,Airbnb
T00000426,A000527,C000302,FI,savings,2026-09-21,118.82,EUR,success,Tesco
T00008091,A000093,C000126,FI,credit,2026-09-21,69.76,USD,success,Tesco
T00007853,A000448,C000129,SE,savings,2026-09-21,41.43,USD,success,Spotify
T00001861,A000256,C000023,FI,checking,2026-09-21,494.51,GBP,success,Wolt
T00004619,A000497,C000285,LV,savings,2026-09-21,226.13,GBP,success,Tesco
T00005405,A000023,C000204,SE,credit,2026-09-21,199.26,GBP,success,Airbnb
T00009834,A000241,C000297,LV,credit,2026-09-21,211.06,GBP,success,Tesco
T00002158,A000214,C000361,EE,savings,2026-09-21,5.92,GBP,success,Rimi
T00002070,A000649,C000249,LV,credit,2026-09-21,313.51,GBP,success,Spotify
T00004620,A000571,C000127,LT,savings,2026-09-21,63.70,EUR,success,Tesco
T00007659,A000042,C000411,FI,savings,2026-09-21,98.79,GBP,success,Steam
T00000688,A000525,C000353,SE,savings,2026-09-21,26.70,USD,success,Steam
T00006960,A000571,C000127,LT,savings,2026-09-21,251.08,GBP,success,Tesco
T00002844,A000448,C000129,SE,savings,2026-09-21,179.81,GBP,success,Airbnb
T00008251,A000523,C000023,FI,checking,2026-09-21,197.64,GBP,success,Wolt
T00009275,A000371,C000327,FI,credit,2026-09-21,438.89,EUR,success,Netflix
T00000843,A000699,C000034,EE,savings,2026-09-21,173.05,USD,success,Netflix
T00007969,A000651,C000051,FI,credit,2026-09-21,8.80,USD,pending,Rimi
T00006534,A000060,C000199,SE,savings,2026-09-21,446.41,EUR,success,Steam
T00006959,A000475,C000406,SE,credit,2026-09-21,287.73,USD,success,Rimi
T00009419,A000675,C000482,LT,credit,2026-09-21,422.91,GBP,success,Netflix
T00005144,A000169,C000242,FI,checking,2026-09-21,415.19,USD,success,Tesco
T00009414,A000292,C000287,LV,savings,2026-09-21,392.53,USD,success,Netflix
T00008976,A000741,C000250,LT,credit,2026-09-21,263.88,GBP,success,Netflix
T00003389,A000505,C000121,LV,checking,2026-09-21,432.64,USD,success,Spotify
T00001384,A000088,C000497,EE,credit,2026-09-21,447.05,EUR,success,Netflix
T00006642,A000498,C000363,LT,credit,2026-09-21,59.72,GBP,success,Amazon
T00002430,A000043,C000241,LT,savings,2026-09-21,470.12,USD,success,Wolt
T00005048,A000291,C000373,SE,credit,2026-09-21,353.02,USD,success,Wolt
T00004507,A000723,C000438,LT,credit,2026-09-21,38.25,EUR,success,Wolt
T00006850,A000290,C000478,LT,savings,2026-09-21,372.11,USD,success,Bolt
T00000913,A000289,C000442,LV,savings,2026-09-21,234.73,EUR,success,Airbnb
T00005205,A000522,C000009,FI,checking,2026-09-21,452.62,EUR,success,Amazon
T00004392,A000568,C000300,LT,checking,2026-09-21,348.67,EUR,success,Bolt
T00009400,A000568,C000300,LT,checking,2026-09-21,138.36,GBP,success,Steam
T00009305,A000044,C000294,EE,checking,2026-09-21,329.07,USD,success,Netflix
T00009504,A000218,C000461,LT,credit,2026-09-21,312.59,EUR,success,Wolt
T00009369,A000011,C000150,FI,credit,2026-09-21,90.12,EUR,success,Spotify
T00009446,A000364,C000196,LT,credit,2026-09-21,403.06,USD,success,Wolt
T00004154,A000288,C000038,SE,credit,2026-09-21,205.54,EUR,success,Amazon
T00003718,A000044,C000294,EE,checking,2026-09-21,381.36,GBP,success,Rimi
T00007117,A000654,C000133,EE,savings,2026-09-21,85.93,GBP,success,Bolt
T00007239,A000565,C000045,FI,credit,2026-09-21,313.41,EUR,success,IKEA
T00001487,A000044,C000294,EE,checking,2026-09-21,153.13,USD,success,Steam
T00003886,A000510,C000184,EE,savings,2026-09-21,306.80,EUR,success,Airbnb
T00007514,A000565,C000045,FI,credit,2026-09-21,350.76,GBP,success,Wolt
T00008697,A000045,C000130,EE,savings,2026-09-21,361.78,GBP,failed,IKEA
T00002306,A000262,C000116,LV,checking,2026-09-21,137.98,EUR,success,Bolt
T00007866,A000710,C000207,LT,checking,2026-09-21,46.34,GBP,success,Wolt
T00001613,A000688,C000032,FI,credit,2026-09-21,395.13,EUR,success,Airbnb
T00006539,A000376,C000281,EE,credit,2026-09-21,301.43,GBP,success,Steam
T00008952,A000002,C000487,FI,credit,2026-09-21,269.17,USD,success,Tesco
T00002933,A000085,C000276,LT,credit,2026-09-21,337.21,EUR,success,Wolt
T00000410,A000177,C000115,FI,savings,2026-09-21,443.82,EUR,failed,Netflix
T00001626,A000452,C000051,FI,checking,2026-09-21,241.67,EUR,success,Amazon
T00001866,A000286,C000310,SE,checking,2026-09-21,249.83,USD,success,Spotify
T00006778,A000454,C000061,EE,credit,2026-09-21,179.10,EUR,success,Wolt
T00004745,A000218,C000461,LT,credit,2026-09-21,286.07,EUR,success,Bolt
T00007934,A000476,C000031,LV,checking,2026-09-21,265.87,EUR,success,Wolt
T00002950,A000561,C000129,SE,checking,2026-09-21,253.68,USD,pending,Airbnb
T00001598,A000364,C000196,LT,credit,2026-09-21,49.57,GBP,success,Tesco
T00004579,A000559,C000499,FI,checking,2026-09-21,233.10,EUR,pending,Airbnb
T00002784,A000697,C000381,LT,checking,2026-09-21,152.97,USD,success,Steam
T00006997,A000182,C000230,FI,checking,2026-09-21,211.01,GBP,success,Amazon
T00005661,A000559,C000499,FI,checking,2026-09-21,344.78,USD,success,Netflix
T00001271,A000046,C000002,LT,checking,2026-09-21,58.19,EUR,success,Netflix
T00002368,A000500,C000166,EE,savings,2026-09-21,111.71,EUR,success,Wolt
T00005504,A000558,C000225,FI,credit,2026-09-21,180.56,GBP,success,Amazon
T00008724,A000183,C000357,FI,savings,2026-09-21,377.89,GBP,success,IKEA
T00004237,A000082,C000275,LV,credit,2026-09-21,424.00,EUR,success,Airbnb
T00003773,A000557,C000003,LT,savings,2026-09-21,168.67,EUR,success,Wolt
T00005881,A000483,C000269,SE,savings,2026-09-21,312.78,GBP,success,Tesco
T00000472,A000658,C000090,LV,credit,2026-09-21,108.97,EUR,pending,Spotify
T00009994,A000659,C000129,SE,savings,2026-09-21,247.93,USD,success,Netflix
T00009115,A000021,C000450,LT,credit,2026-09-21,394.27,USD,failed,Amazon
T00000201,A000068,C000281,EE,credit,2026-09-21,68.65,USD,success,IKEA
T00005018,A000047,C000231,LT,savings,2026-09-21,475.21,EUR,success,IKEA
T00009865,A000185,C000188,EE,credit,2026-09-21,324.92,EUR,success,Spotify
T00005517,A000554,C000236,LT,checking,2026-09-21,499.84,GBP,pending,Airbnb
T00004816,A000186,C000047,LT,savings,2026-09-21,61.42,USD,failed,Bolt
T00009296,A000048,C000059,LT,checking,2026-09-21,129.12,GBP,success,Amazon
T00004514,A000477,C000182,SE,checking,2026-09-21,272.42,GBP,success,IKEA
T00003913,A000501,C000351,EE,checking,2026-09-21,95.38,GBP,success,Spotify
T00002697,A000660,C000298,LT,savings,2026-09-21,410.54,EUR,success,IKEA
T00005691,A000459,C000297,LV,savings,2026-09-21,245.15,USD,success,Airbnb
T00009944,A000012,C000455,LV,savings,2026-09-21,69.83,USD,success,IKEA
T00000277,A000551,C000363,LT,checking,2026-09-21,204.13,USD,success,Spotify
T00005467,A000038,C000401,SE,checking,2026-09-21,494.28,GBP,success,Rimi
T00009948,A000188,C000216,LV,savings,2026-09-21,166.59,USD,success,Airbnb
T00000154,A000459,C000297,LV,savings,2026-09-21,255.60,USD,success,Amazon
T00005604,A000696,C000126,FI,credit,2026-09-21,460.65,EUR,success,Wolt
T00007162,A000343,C000075,EE,checking,2026-09-21,136.47,EUR,success,Airbnb
T00002558,A000190,C000436,LT,savings,2026-09-21,440.64,USD,success,Wolt
T00000145,A000695,C000214,FI,checking,2026-09-21,259.25,USD,failed,Rimi
T00008961,A000192,C000051,FI,credit,2026-09-21,113.19,EUR,success,Bolt
T00003606,A000277,C000159,SE,credit,2026-09-21,198.47,USD,success,Amazon
T00002637,A000729,C000051,FI,checking,2026-09-21,434.56,USD,success,Steam
T00009490,A000695,C000214,FI,checking,2026-09-21,410.73,USD,success,Airbnb
T00009346,A000067,C000474,EE,credit,2026-09-21,204.98,GBP,success,Bolt
T00002400,A000254,C000118,LT,savings,2026-09-21,40.43,EUR,failed,Wolt
T00004026,A000462,C000250,LT,checking,2026-09-21,19.70,USD,success,Steam
T00004131,A000192,C000051,FI,credit,2026-09-21,114.04,GBP,success,Steam
T00001607,A000663,C000161,EE,savings,2026-09-21,329.39,EUR,success,Bolt
T00003127,A000694,C000354,EE,checking,2026-09-21,17.04,USD,success,Airbnb
T00001352,A000276,C000343,FI,credit,2026-09-21,339.60,EUR,success,Steam
T00007002,A000261,C000279,LT,credit,2026-09-21,494.10,USD,success,Airbnb
T00007917,A000276,C000343,FI,credit,2026-09-21,230.55,EUR,success,Bolt
T00000585,A000693,C000424,EE,checking,2026-09-21,158.59,EUR,success,Steam
T00006165,A000518,C000399,SE,savings,2026-09-21,280.72,EUR,success,IKEA
T00008232,A000020,C000063,EE,credit,2026-09-21,447.33,GBP,success,Amazon
T00004541,A000517,C000338,SE,credit,2026-09-21,146.03,USD,success,Wolt
T00006965,A000516,C000047,LT,savings,2026-09-21,266.05,GBP,success,Airbnb
T00008699,A000356,C000072,FI,credit,2026-09-21,90.05,USD,success,Bolt
T00004418,A000693,C000424,EE,checking,2026-09-21,312.88,GBP,success,IKEA
T00005063,A000693,C000424,EE,checking,2026-09-21,272.47,GBP,success,Wolt
T00003576,A000543,C000304,SE,credit,2026-09-21,431.21,USD,success,Tesco
T00000431,A000479,C000350,SE,checking,2026-09-21,158.64,EUR,failed,Steam
T00008912,A000075,C000184,EE,savings,2026-09-21,334.14,GBP,success,Rimi
T00001544,A000730,C000487,FI,checking,2026-09-21,358.35,EUR,success,Bolt
T00008977,A000259,C000350,SE,savings,2026-09-21,180.73,USD,success,Bolt
T00005254,A000050,C000449,FI,checking,2026-09-21,215.53,USD,success,Tesco
T00007228,A000502,C000147,LV,checking,2026-09-21,70.80,EUR,success,Rimi
T00000909,A000010,C000282,FI,credit,2026-09-21,143.85,GBP,success,Netflix
T00008619,A000693,C000424,EE,checking,2026-09-21,11.30,GBP,success,Netflix
T00008687,A000225,C000298,LT,credit,2026-09-21,315.69,USD,failed,Bolt
T00003382,A000008,C000186,LT,checking,2026-09-21,479.18,GBP,success,Spotify
T00000362,A000196,C000326,FI,credit,2026-09-21,63.49,EUR,success,Amazon
T00003149,A000254,C000118,LT,savings,2026-09-21,346.60,USD,pending,Airbnb
T00002729,A000487,C000454,EE,savings,2026-09-21,208.43,EUR,pending,IKEA
T00003387,A000671,C000253,EE,credit,2026-09-21,37.14,GBP,success,Bolt
T00003613,A000274,C000133,EE,checking,2026-09-21,343.97,USD,success,Wolt
T00008584,A000692,C000268,LT,credit,2026-09-21,74.15,USD,success,Wolt
T00008939,A000692,C000268,LT,credit,2026-09-21,481.61,USD,success,Bolt
T00009550,A000051,C000366,LV,savings,2026-09-21,41.09,EUR,success,Spotify
T00007187,A000542,C000087,FI,credit,2026-09-21,77.07,GBP,success,IKEA
T00005096,A000073,C000319,LV,savings,2026-09-21,19.03,USD,success,Bolt
T00001304,A000273,C000223,EE,credit,2026-09-21,86.27,GBP,success,Wolt
T00005659,A000466,C000496,SE,credit,2026-09-21,287.29,USD,success,Netflix
T00005064,A000466,C000496,SE,credit,2026-09-21,399.55,GBP,success,IKEA
T00008052,A000225,C000298,LT,credit,2026-09-21,156.61,GBP,success,Netflix
T00003089,A000691,C000237,EE,checking,2026-09-21,135.26,EUR,success,Netflix
T00002076,A000541,C000470,LV,savings,2026-09-21,186.55,USD,success,Spotify
T00001594,A000415,C000226,SE,credit,2026-09-21,343.48,USD,success,Airbnb
T00003916,A000621,C000078,FI,credit,2026-09-21,122.76,USD,success,Bolt
T00002113,A000620,C000014,LV,savings,2026-09-21,253.44,GBP,success,Bolt
T00006931,A000122,C000235,LT,credit,2026-09-21,411.00,EUR,success,IKEA
T00005493,A000322,C000218,SE,savings,2026-09-21,64.33,EUR,success,Netflix
T00002067,A000122,C000235,LT,credit,2026-09-21,261.31,USD,success,Spotify
T00008971,A000258,C000207,LT,credit,2026-09-21,239.75,GBP,success,Bolt
T00004063,A000199,C000256,FI,savings,2026-09-21,32.95,GBP,success,Spotify
T00001070,A000540,C000482,LT,savings,2026-09-21,131.08,EUR,success,Steam
T00004669,A000200,C000016,LT,credit,2026-09-21,407.53,USD,success,Airbnb
T00007858,A000203,C000123,FI,savings,2026-09-21,13.36,GBP,success,Airbnb
T00009351,A000271,C000436,LT,savings,2026-09-21,109.32,GBP,success,Bolt
T00009714,A000469,C000254,FI,savings,2026-09-21,450.03,USD,success,Amazon
T00002509,A000513,C000255,FI,credit,2026-09-21,21.21,EUR,failed,Airbnb
T00002192,A000417,C000421,EE,checking,2026-09-21,90.19,GBP,success,IKEA
T00007216,A000322,C000218,SE,savings,2026-09-21,467.16,GBP,success,Airbnb
T00003964,A000619,C000216,LV,checking,2026-09-21,100.22,USD,failed,IKEA
T00001214,A000124,C000425,LT,credit,2026-09-21,421.82,GBP,success,Steam
T00000360,A000493,C000053,EE,savings,2026-09-21,390.14,USD,success,IKEA
T00000641,A000124,C000425,LT,credit,2026-09-21,258.92,EUR,success,Wolt
T00006058,A000618,C000434,LT,credit,2026-09-21,408.10,GBP,success,Rimi
T00006508,A000617,C000304,SE,savings,2026-09-21,344.68,GBP,success,Steam
T00004194,A000126,C000437,SE,credit,2026-09-21,353.47,EUR,success,Steam
T00007369,A000127,C000232,SE,savings,2026-09-21,57.28,GBP,success,Bolt
T00006086,A000626,C000353,SE,credit,2026-09-21,389.56,EUR,success,IKEA
T00003134,A000072,C000148,LV,credit,2026-09-21,440.56,USD,failed,IKEA
T00004060,A000381,C000074,LT,credit,2026-09-21,495.49,USD,success,Rimi
T00000983,A000339,C000345,EE,credit,2026-09-21,20.27,USD,success,Netflix
T00009075,A000615,C000249,LV,credit,2026-09-21,86.19,USD,success,Amazon
T00007700,A000680,C000010,LT,credit,2026-09-21,227.00,EUR,success,IKEA
T00004566,A000128,C000046,LV,credit,2026-09-21,471.20,GBP,success,Bolt
T00009342,A000115,C000015,LT,checking,2026-09-21,125.79,GBP,success,Rimi
T00007406,A000748,C000148,LV,credit,2026-09-21,435.49,GBP,success,Wolt
T00008435,A000538,C000280,LT,credit,2026-09-21,398.11,USD,success,Netflix
T00009970,A000326,C000219,LV,checking,2026-09-21,497.81,GBP,success,Netflix
T00007361,A000411,C000064,FI,savings,2026-09-21,69.92,USD,success,Netflix
T00005670,A000129,C000037,EE,checking,2026-09-21,122.74,EUR,pending,Netflix
T00000608,A000027,C000101,EE,checking,2026-09-21,329.47,GBP,success,Steam
T00007062,A000317,C000284,FI,checking,2026-09-21,14.00,GBP,success,Airbnb
T00007267,A000317,C000284,FI,checking,2026-09-21,424.95,GBP,success,Steam
T00008842,A000317,C000284,FI,checking,2026-09-21,204.50,EUR,success,Airbnb
T00008572,A000538,C000280,LT,credit,2026-09-21,476.65,EUR,success,Steam
T00009696,A000423,C000138,FI,credit,2026-09-21,308.46,GBP,success,Netflix
T00000218,A000716,C000190,LT,credit,2026-09-21,148.92,GBP,pending,IKEA
T00001347,A000246,C000380,FI,checking,2026-09-21,392.73,USD,success,Tesco
T00002061,A000009,C000240,LV,checking,2026-09-21,487.73,EUR,success,Amazon
T00007564,A000132,C000082,SE,checking,2026-09-21,293.86,USD,success,Netflix
T00007945,A000270,C000473,LT,checking,2026-09-21,38.79,USD,success,Tesco
T00003709,A000536,C000199,SE,checking,2026-09-21,353.49,GBP,success,Amazon
T00005135,A000628,C000384,LT,savings,2026-09-21,184.16,GBP,failed,Bolt
T00009892,A000629,C000403,EE,checking,2026-09-21,312.45,USD,success,Netflix
T00000894,A000225,C000298,LT,credit,2026-09-21,38.87,USD,success,Tesco
T00001015,A000611,C000488,FI,savings,2026-09-21,227.60,GBP,success,Amazon
T00002677,A000409,C000183,LT,checking,2026-09-21,342.99,USD,success,Airbnb
T00004667,A000493,C000053,EE,savings,2026-09-21,77.67,EUR,success,Bolt
T00001340,A000611,C000488,FI,savings,2026-09-21,180.08,USD,success,Rimi
T00001153,A000132,C000082,SE,checking,2026-09-21,437.25,GBP,pending,Airbnb
T00002747,A000257,C000243,LT,checking,2026-09-21,256.79,USD,failed,Wolt
T00007570,A000630,C000049,LV,credit,2026-09-21,489.87,GBP,success,Bolt
T00002526,A000535,C000342,EE,checking,2026-09-21,398.18,GBP,failed,Bolt
T00001865,A000327,C000169,LV,savings,2026-09-21,330.17,EUR,success,Spotify
T00002724,A000314,C000099,LV,credit,2026-09-21,232.63,GBP,success,Netflix
T00008478,A000611,C000488,FI,savings,2026-09-21,123.27,EUR,success,Spotify
T00009280,A000015,C000110,FI,savings,2026-09-21,157.22,EUR,success,Netflix
T00004270,A000110,C000266,LV,savings,2026-09-21,367.66,EUR,success,Tesco
T00002940,A000742,C000248,FI,credit,2026-09-21,448.52,USD,success,IKEA
T00006673,A000328,C000142,FI,savings,2026-09-21,144.18,USD,success,Netflix
T00001956,A000133,C000260,SE,checking,2026-09-21,467.91,GBP,success,Amazon
T00005414,A000314,C000099,LV,credit,2026-09-21,287.92,USD,success,Bolt
T00004848,A000109,C000371,EE,savings,2026-09-21,472.92,EUR,success,IKEA
T00007798,A000424,C000383,SE,savings,2026-09-21,123.68,EUR,success,Spotify
T00007668,A000057,C000458,EE,credit,2026-09-21,492.85,USD,success,Amazon
T00002152,A000424,C000383,SE,savings,2026-09-21,444.47,GBP,success,IKEA
T00006785,A000359,C000470,LV,checking,2026-09-21,164.55,GBP,success,Spotify
T00003592,A000535,C000342,EE,checking,2026-09-21,54.92,GBP,success,IKEA
T00001202,A000424,C000383,SE,savings,2026-09-21,356.78,GBP,success,Netflix
T00009151,A000136,C000042,SE,savings,2026-09-21,210.01,GBP,success,Wolt
T00008664,A000244,C000451,EE,savings,2026-09-21,134.49,USD,success,IKEA
T00005839,A000713,C000354,EE,checking,2026-09-21,148.00,GBP,success,IKEA
T00003540,A000136,C000042,SE,savings,2026-09-21,428.41,EUR,success,Rimi
T00003495,A000329,C000078,FI,credit,2026-09-21,203.85,GBP,success,Airbnb
T00001570,A000608,C000210,LV,savings,2026-09-21,5.52,EUR,success,Wolt
T00005283,A000608,C000210,LV,savings,2026-09-21,59.17,USD,success,Spotify
T00005529,A000607,C000192,SE,checking,2026-09-21,141.93,GBP,success,Steam
T00002003,A000427,C000305,LT,savings,2026-09-21,360.87,EUR,success,Tesco
T00009655,A000605,C000109,SE,credit,2026-09-21,280.48,USD,success,Rimi
T00008989,A000509,C000165,LT,checking,2026-09-21,295.61,GBP,success,Tesco
T00000891,A000107,C000069,LT,credit,2026-09-21,108.04,USD,success,Rimi
T00005145,A000428,C000475,FI,savings,2026-09-21,480.53,USD,success,Wolt
T00002136,A000143,C000262,LV,credit,2026-09-21,24.12,GBP,success,IKEA
T00006007,A000144,C000358,EE,credit,2026-09-21,390.05,USD,success,Bolt
T00001528,A000060,C000199,SE,savings,2026-09-21,3.62,GBP,success,IKEA
T00003318,A000601,C000412,EE,savings,2026-09-21,47.62,EUR,success,Steam
T00009991,A000227,C000260,SE,credit,2026-09-21,56.73,USD,success,Netflix
T00006155,A000678,C000325,LT,savings,2026-09-21,222.15,USD,success,Tesco
T00002922,A000351,C000229,SE,credit,2026-09-21,48.13,GBP,success,Tesco
T00001910,A000309,C000212,LV,credit,2026-09-21,328.79,EUR,success,Spotify
T00007529,A000309,C000212,LV,credit,2026-09-21,163.15,GBP,failed,Spotify
T00008949,A000244,C000451,EE,savings,2026-09-21,367.55,EUR,success,IKEA
T00006087,A000432,C000487,FI,credit,2026-09-21,487.21,GBP,success,Netflix
T00003939,A000406,C000263,EE,checking,2026-09-21,135.08,GBP,success,Airbnb
T00003697,A000277,C000159,SE,credit,2026-09-20,269.55,GBP,success,Tesco
T00005000,A000000,C000276,LT,credit,2026-09-20,8.80,USD,success,Amazon
T00002401,A000001,C000399,SE,savings,2026-09-20,256.58,USD,success,Netflix
T00000990,A000006,C000455,LV,checking,2026-09-20,77.23,GBP,success,Tesco
T00000281,A000006,C000455,LV,checking,2026-09-20,487.60,GBP,success,Netflix
T00007573,A000015,C000110,FI,savings,2026-09-20,328.66,GBP,success,Steam
T00007642,A000017,C000304,SE,savings,2026-09-20,97.15,EUR,success,Steam
T00001816,A000017,C000304,SE,savings,2026-09-20,129.43,USD,failed,Wolt
T00009206,A000019,C000064,FI,credit,2026-09-20,294.26,USD,success,Tesco
T00002042,A000027,C000101,EE,checking,2026-09-20,282.91,GBP,success,Netflix
T00007779,A000028,C000264,EE,checking,2026-09-20,111.13,EUR,success,Tesco
T00001885,A000030,C000218,SE,checking,2026-09-20,391.51,EUR,success,Tesco
T00006001,A000038,C000401,SE,checking,2026-09-20,152.56,EUR,success,Bolt
T00008908,A000043,C000241,LT,savings,2026-09-20,451.07,USD,success,Spotify
T00009519,A000044,C000294,EE,checking,2026-09-20,228.29,USD,success,Tesco
T00006195,A000046,C000002,LT,checking,2026-09-20,10.34,USD,success,Netflix
T00002182,A000046,C000002,LT,checking,2026-09-20,335.00,USD,success,Rimi
T00007576,A000049,C000140,LT,savings,2026-09-20,454.05,EUR,success,Wolt
T00007029,A000054,C000171,FI,checking,2026-09-20,92.73,EUR,success,Tesco
T00004905,A000054,C000171,FI,checking,2026-09-20,162.19,EUR,success,Bolt
T00000464,A000056,C000027,EE,credit,2026-09-20,335.63,EUR,success,Rimi
T00006933,A000058,C000251,LV,checking,2026-09-20,336.32,GBP,success,Wolt
T00004031,A000058,C000251,LV,checking,2026-09-20,270.15,GBP,success,Netflix
T00005024,A000062,C000023,FI,credit,2026-09-20,445.75,EUR,success,Netflix
T00009712,A000066,C000341,EE,checking,2026-09-20,402.57,USD,success,Bolt
T00008148,A000066,C000341,EE,checking,2026-09-20,184.11,EUR,failed,Netflix
T00009821,A000067,C000474,EE,credit,2026-09-20,318.92,EUR,success,Amazon
T00003961,A000071,C000374,SE,checking,2026-09-20,341.71,GBP,success,Wolt
T00007848,A000072,C000148,LV,credit,2026-09-20,465.78,USD,success,Rimi
T00009858,A000073,C000319,LV,savings,2026-09-20,432.39,GBP,success,Bolt
T00002420,A000074,C000212,LV,savings,2026-09-20,130.84,USD,success,Netflix
T00000773,A000078,C000215,FI,checking,2026-09-20,404.63,EUR,success,Rimi
T00003369,A000084,C000081,SE,credit,2026-09-20,171.97,EUR,success,Amazon
T00002026,A000086,C000301,LV,credit,2026-09-20,14.81,EUR,success,Airbnb
T00001753,A000088,C000497,EE,credit,2026-09-20,161.53,USD,success,Tesco
T00000123,A000088,C000497,EE,credit,2026-09-20,484.62,EUR,success,Airbnb
T00000119,A000088,C000497,EE,credit,2026-09-20,240.98,GBP,success,IKEA
T00004382,A000089,C000320,SE,credit,2026-09-20,464.64,EUR,success,Wolt
T00006742,A000092,C000134,FI,checking,2026-09-20,444.36,GBP,success,Tesco
T00008001,A000095,C000088,FI,credit,2026-09-20,128.42,GBP,success,Wolt
T00002585,A000096,C000245,LV,savings,2026-09-20,475.38,GBP,success,Steam
T00008224,A000098,C000234,LV,credit,2026-09-20,324.95,EUR,success,Wolt
T00000654,A000098,C000234,LV,credit,2026-09-20,370.68,GBP,success,Airbnb
T00007835,A000099,C000455,LV,checking,2026-09-20,31.39,USD,success,Bolt
T00005238,A000099,C000455,LV,checking,2026-09-20,214.08,GBP,success,Amazon
T00004809,A000100,C000056,LT,checking,2026-09-20,486.68,USD,success,Airbnb
T00008625,A000101,C000335,EE,checking,2026-09-20,43.21,EUR,success,Wolt
T00007410,A000106,C000251,LV,credit,2026-09-20,316.99,USD,success,Netflix
T00004449,A000107,C000069,LT,credit,2026-09-20,251.38,GBP,success,Airbnb
T00003141,A000107,C000069,LT,credit,2026-09-20,210.65,EUR,success,Amazon
T00000328,A000107,C000069,LT,credit,2026-09-20,376.60,GBP,success,Rimi
T00001116,A000109,C000371,EE,savings,2026-09-20,212.90,USD,success,Netflix
T00009073,A000112,C000102,LT,credit,2026-09-20,251.59,USD,success,Airbnb
T00005523,A000115,C000015,LT,checking,2026-09-20,353.23,EUR,success,Spotify
T00008970,A000116,C000432,FI,credit,2026-09-20,410.15,EUR,success,Spotify
T00005735,A000116,C000432,FI,credit,2026-09-20,76.83,EUR,success,Wolt
T00009515,A000119,C000064,FI,savings,2026-09-20,435.48,GBP,success,Tesco
T00000897,A000119,C000064,FI,savings,2026-09-20,307.27,GBP,success,Spotify
T00004492,A000120,C000295,EE,savings,2026-09-20,350.12,USD,success,Wolt
T00001274,A000125,C000268,LT,checking,2026-09-20,489.88,USD,success,Spotify
T00008293,A000132,C000082,SE,checking,2026-09-20,397.50,USD,pending,Airbnb
T00003236,A000132,C000082,SE,checking,2026-09-20,320.04,EUR,success,Airbnb
T00005233,A000137,C000007,FI,credit,2026-09-20,237.62,EUR,success,Steam
T00002351,A000140,C000330,LV,savings,2026-09-20,53.84,GBP,success,Rimi
T00007280,A000143,C000262,LV,credit,2026-09-20,421.50,USD,success,Bolt
T00005185,A000144,C000358,EE,credit,2026-09-20,178.38,USD,success,Spotify
T00005718,A000145,C000160,LT,credit,2026-09-20,494.90,EUR,success,Bolt
T00005183,A000145,C000160,LT,credit,2026-09-20,132.57,GBP,success,Netflix
T00005123,A000145,C000160,LT,credit,2026-09-20,22.73,EUR,success,Amazon
T00005837,A000151,C000165,LT,credit,2026-09-20,417.06,EUR,success,IKEA
T00007806,A000157,C000074,LT,checking,2026-09-20,47.15,EUR,success,Airbnb
T00008020,A000161,C000062,EE,credit,2026-09-20,384.97,EUR,success,Amazon
T00008830,A000164,C000015,LT,savings,2026-09-20,152.32,EUR,success,Netflix
T00003243,A000170,C000092,SE,savings,2026-09-20,152.35,USD,success,Tesco
T00008449,A000172,C000459,LT,checking,2026-09-20,425.84,USD,success,Airbnb
T00006505,A000174,C000355,FI,savings,2026-09-20,184.09,GBP,pending,Tesco
T00007888,A000178,C000401,SE,credit,2026-09-20,43.96,GBP,success,Rimi
T00007584,A000181,C000329,FI,checking,2026-09-20,462.09,EUR,success,Rimi
T00001754,A000184,C000266,LV,savings,2026-09-20,17.21,EUR,success,IKEA
T00001319,A000184,C000266,LV,savings,2026-09-20,242.90,GBP,success,Tesco
T00008838,A000186,C000047,LT,savings,2026-09-20,297.60,USD,success,Tesco
T00003800,A000191,C000363,LT,savings,2026-09-20,72.32,EUR,failed,Tesco
T00002822,A000191,C000363,LT,savings,2026-09-20,160.05,EUR,success,Rimi
T00009870,A000194,C000334,LT,savings,2026-09-20,409.35,EUR,success,Steam
T00008194,A000198,C000225,FI,savings,2026-09-20,192.17,USD,success,Netflix
T00003634,A000203,C000123,FI,savings,2026-09-20,245.58,USD,success,Steam
T00005473,A000204,C000276,LT,savings,2026-09-20,269.81,USD,success,Wolt
T00009325,A000209,C000090,LV,savings,2026-09-20,230.03,USD,success,Netflix
T00005348,A000211,C000349,LT,checking,2026-09-20,218.65,USD,success,Wolt
T00002528,A000211,C000349,LT,checking,2026-09-20,34.83,GBP,success,Wolt
T00000297,A000211,C000349,LT,checking,2026-09-20,106.62,EUR,success,Amazon
T00006251,A000213,C000462,SE,checking,2026-09-20,298.68,EUR,success,Netflix
T00009966,A000214,C000361,EE,savings,2026-09-20,150.85,EUR,success,Tesco
T00009909,A000217,C000013,LV,savings,2026-09-20,277.84,USD,success,Amazon
T00008135,A000224,C000064,FI,checking,2026-09-20,397.43,GBP,success,Spotify
T00001639,A000227,C000260,SE,credit,2026-09-20,112.34,USD,success,Rimi
T00009459,A000228,C000061,EE,savings,2026-09-20,222.64,EUR,success,Wolt
T00006324,A000231,C000206,EE,checking,2026-09-20,190.61,GBP,success,Amazon
T00007362,A000232,C000127,LT,credit,2026-09-20,308.55,GBP,success,Wolt
T00002973,A000232,C000127,LT,credit,2026-09-20,206.20,USD,success,Spotify
T00001965,A000232,C000127,LT,credit,2026-09-20,91.81,USD,success,Netflix
T00007000,A000236,C000132,EE,credit,2026-09-20,417.33,GBP,success,Tesco
T00006824,A000236,C000132,EE,credit,2026-09-20,434.13,EUR,success,Spotify
T00004971,A000240,C000059,LT,savings,2026-09-20,69.56,USD,success,Bolt
T00002377,A000242,C000442,LV,checking,2026-09-20,31.43,EUR,success,IKEA
T00001687,A000245,C000241,LT,savings,2026-09-20,357.09,GBP,success,Rimi
T00003398,A000249,C000371,EE,checking,2026-09-20,210.96,EUR,success,Amazon
T00001823,A000249,C000371,EE,checking,2026-09-20,47.05,EUR,success,Bolt
T00009765,A000250,C000373,SE,checking,2026-09-20,50.73,EUR,success,Tesco
T00005792,A000253,C000193,EE,credit,2026-09-20,97.33,USD,success,Rimi
T00001684,A000253,C000193,EE,credit,2026-09-20,124.15,USD,success,Amazon
T00005336,A000254,C000118,LT,savings,2026-09-20,128.86,USD,success,IKEA
T00007049,A000260,C000088,FI,savings,2026-09-20,112.01,USD,success,Airbnb
T00002627,A000261,C000279,LT,credit,2026-09-20,18.53,EUR,failed,Netflix
T00000210,A000265,C000307,FI,checking,2026-09-20,339.36,EUR,success,Rimi
T00008765,A000270,C000473,LT,checking,2026-09-20,2.05,EUR,success,Airbnb
T00008015,A000270,C000473,LT,checking,2026-09-20,174.42,GBP,success,Wolt
T00005870,A000270,C000473,LT,checking,2026-09-20,340.27,GBP,success,Airbnb
T00004110,A000270,C000473,LT,checking,2026-09-20,417.98,USD,success,Netflix
T00001575,A000273,C000223,EE,credit,2026-09-20,356.62,EUR,success,Steam
T00000440,A000274,C000133,EE,checking,2026-09-20,181.90,EUR,success,Wolt
T00007998,A000282,C000168,EE,savings,2026-09-20,367.72,GBP,success,Steam
T00004223,A000282,C000168,EE,savings,2026-09-20,318.44,GBP,success,Steam
T00009002,A000292,C000287,LV,savings,2026-09-20,435.75,GBP,success,Airbnb
T00005251,A000292,C000287,LV,savings,2026-09-20,317.03,EUR,success,Steam
T00000421,A000293,C000232,SE,checking,2026-09-20,301.13,EUR,success,Bolt
T00009255,A000301,C000312,LT,savings,2026-09-20,491.07,USD,success,Spotify
T00008226,A000301,C000312,LT,savings,2026-09-20,206.82,GBP,success,Bolt
T00006470,A000303,C000132,EE,credit,2026-09-20,302.31,GBP,success,Wolt
T00000753,A000306,C000228,LT,savings,2026-09-20,21.61,EUR,success,Spotify
T00000106,A000309,C000212,LV,credit,2026-09-20,211.18,EUR,success,Tesco
T00003735,A000310,C000371,EE,savings,2026-09-20,386.77,USD,failed,Spotify
T00006009,A000315,C000487,FI,savings,2026-09-20,361.73,EUR,success,Wolt
T00002566,A000319,C000408,LT,savings,2026-09-20,209.97,USD,success,Rimi
T00009440,A000324,C000281,EE,credit,2026-09-20,171.17,USD,success,IKEA
T00008387,A000324,C000281,EE,credit,2026-09-20,95.75,GBP,success,Amazon
T00003732,A000325,C000142,FI,savings,2026-09-20,175.47,GBP,success,Wolt
T00001608,A000327,C000169,LV,savings,2026-09-20,311.81,GBP,success,Bolt
T00001143,A000328,C000142,FI,savings,2026-09-20,398.15,GBP,success,Wolt
T00004093,A000331,C000314,FI,credit,2026-09-20,455.54,USD,success,Rimi
T00002488,A000331,C000314,FI,credit,2026-09-20,382.35,USD,success,Tesco
T00002640,A000332,C000225,FI,checking,2026-09-20,490.39,EUR,success,Netflix
T00009969,A000335,C000275,LV,savings,2026-09-20,230.71,GBP,success,Airbnb
T00005231,A000335,C000275,LV,savings,2026-09-20,154.49,EUR,success,Amazon
T00001857,A000335,C000275,LV,savings,2026-09-20,353.99,USD,success,Bolt
T00005110,A000336,C000114,EE,credit,2026-09-20,261.40,GBP,success,Rimi
T00001492,A000336,C000114,EE,credit,2026-09-20,297.38,EUR,success,Spotify
T00002581,A000337,C000239,LV,credit,2026-09-20,399.58,EUR,success,Airbnb
T00001531,A000339,C000345,EE,credit,2026-09-20,445.73,GBP,success,Amazon
T00002476,A000341,C000004,LT,credit,2026-09-20,77.98,USD,success,Netflix
T00006184,A000342,C000084,LT,credit,2026-09-20,247.97,EUR,success,Spotify
T00006106,A000342,C000084,LT,credit,2026-09-20,214.88,GBP,pending,Spotify
T00000993,A000342,C000084,LT,credit,2026-09-20,167.19,USD,failed,Tesco
T00000468,A000345,C000257,EE,credit,2026-09-20,31.25,GBP,success,IKEA
T00001029,A000347,C000423,FI,checking,2026-09-20,328.61,EUR,success,Netflix
T00007252,A000348,C000104,EE,savings,2026-09-20,128.81,USD,success,Wolt
T00000633,A000348,C000104,EE,savings,2026-09-20,434.62,USD,success,Rimi
T00005519,A000350,C000344,EE,savings,2026-09-20,286.48,USD,success,Rimi
T00000734,A000351,C000229,SE,credit,2026-09-20,109.41,EUR,success,Bolt
T00007772,A000353,C000067,SE,credit,2026-09-20,21.54,EUR,success,IKEA
T00005969,A000355,C000087,FI,credit,2026-09-20,325.56,GBP,success,Netflix
T00009317,A000359,C000470,LV,checking,2026-09-20,338.58,GBP,success,Wolt
T00003623,A000364,C000196,LT,credit,2026-09-20,94.81,EUR,success,Tesco
T00004388,A000370,C000268,LT,checking,2026-09-20,234.33,USD,failed,Netflix
T00002403,A000374,C000046,LV,savings,2026-09-20,271.89,GBP,success,Steam
T00006180,A000381,C000074,LT,credit,2026-09-20,89.93,EUR,success,Netflix
T00003795,A000381,C000074,LT,credit,2026-09-20,336.34,GBP,success,Bolt
T00005090,A000386,C000071,LV,credit,2026-09-20,467.63,GBP,success,Tesco
T00007042,A000390,C000024,LV,savings,2026-09-20,342.44,EUR,success,Netflix
T00009271,A000391,C000096,FI,savings,2026-09-20,181.26,EUR,success,Rimi
T00008434,A000391,C000096,FI,savings,2026-09-20,339.86,EUR,success,IKEA
T00000835,A000395,C000193,EE,credit,2026-09-20,352.50,EUR,success,Rimi
T00001701,A000398,C000191,FI,checking,2026-09-20,73.63,GBP,failed,Spotify
T00007179,A000399,C000098,FI,credit,2026-09-20,197.82,USD,success,Netflix
T00004024,A000401,C000469,LV,savings,2026-09-20,414.45,GBP,success,Steam
T00007298,A000423,C000138,FI,credit,2026-09-20,136.79,GBP,success,IKEA
T00003040,A000423,C000138,FI,credit,2026-09-20,414.04,USD,success,Airbnb
T00002671,A000423,C000138,FI,credit,2026-09-20,367.39,GBP,success,Spotify
T00007672,A000424,C000383,SE,savings,2026-09-20,139.12,GBP,success,Airbnb
T00007024,A000425,C000418,LV,checking,2026-09-20,487.82,EUR,success,Steam
T00006773,A000426,C000217,LV,checking,2026-09-20,404.36,GBP,success,Rimi
T00004775,A000432,C000487,FI,credit,2026-09-20,51.12,USD,success,Tesco
T00002900,A000432,C000487,FI,credit,2026-09-20,276.88,EUR,success,Tesco
T00003996,A000433,C000453,SE,savings,2026-09-20,332.07,EUR,success,Netflix
T00006613,A000436,C000456,LT,checking,2026-09-20,389.30,EUR,success,Rimi
T00001605,A000437,C000083,LV,checking,2026-09-20,43.25,GBP,success,IKEA
T00005329,A000441,C000205,SE,checking,2026-09-20,233.43,USD,success,Spotify
T00001254,A000443,C000495,LV,checking,2026-09-20,139.28,USD,success,Airbnb
T00007392,A000446,C000315,LT,checking,2026-09-20,390.38,USD,success,Airbnb
T00002662,A000447,C000419,LV,credit,2026-09-20,181.06,EUR,success,Airbnb
T00009860,A000451,C000268,LT,savings,2026-09-20,92.15,EUR,success,Tesco
T00007816,A000451,C000268,LT,savings,2026-09-20,223.88,EUR,success,Rimi
T00005175,A000452,C000051,FI,checking,2026-09-20,121.91,GBP,success,IKEA
T00008953,A000454,C000061,EE,credit,2026-09-20,405.67,USD,success,Airbnb
T00005166,A000455,C000060,EE,checking,2026-09-20,376.35,EUR,success,Tesco
T00009922,A000464,C000204,SE,savings,2026-09-20,59.66,GBP,success,Tesco
T00009370,A000464,C000204,SE,savings,2026-09-20,216.60,EUR,success,Spotify
T00007518,A000466,C000496,SE,credit,2026-09-20,12.95,GBP,success,Airbnb
T00005136,A000473,C000270,FI,savings,2026-09-20,356.40,GBP,success,Tesco
T00001195,A000475,C000406,SE,credit,2026-09-20,339.28,USD,success,Airbnb
T00009091,A000476,C000031,LV,checking,2026-09-20,254.31,GBP,pending,Bolt
T00004979,A000480,C000113,LV,checking,2026-09-20,55.21,EUR,success,Rimi
T00002739,A000480,C000113,LV,checking,2026-09-20,431.77,GBP,success,Airbnb
T00006203,A000481,C000416,FI,checking,2026-09-20,206.88,USD,success,Wolt
T00007244,A000482,C000152,FI,checking,2026-09-20,228.25,GBP,success,Netflix
T00009510,A000489,C000343,FI,checking,2026-09-20,383.08,GBP,success,IKEA
T00005445,A000489,C000343,FI,checking,2026-09-20,244.00,USD,success,Tesco
T00006640,A000491,C000422,EE,credit,2026-09-20,459.18,EUR,success,Tesco
T00002601,A000492,C000458,EE,credit,2026-09-20,264.28,USD,success,Wolt
T00001548,A000492,C000458,EE,credit,2026-09-20,96.65,GBP,success,Amazon
T00003426,A000494,C000248,FI,savings,2026-09-20,84.09,GBP,success,Steam
T00001358,A000496,C000190,LT,credit,2026-09-20,120.24,USD,success,Spotify
T00006728,A000497,C000285,LV,savings,2026-09-20,60.82,USD,success,Netflix
T00000499,A000498,C000363,LT,credit,2026-09-20,397.43,EUR,success,Steam
T00001079,A000500,C000166,EE,savings,2026-09-20,185.80,GBP,success,Bolt
T00000493,A000501,C000351,EE,checking,2026-09-20,134.84,GBP,success,Airbnb
T00002036,A000507,C000338,SE,credit,2026-09-20,222.23,GBP,success,Spotify
T00005495,A000508,C000123,FI,credit,2026-09-20,95.37,EUR,success,Tesco
T00000725,A000508,C000123,FI,credit,2026-09-20,139.05,GBP,success,Tesco
T00003218,A000512,C000400,SE,credit,2026-09-20,259.40,EUR,success,Airbnb
T00009071,A000513,C000255,FI,credit,2026-09-20,467.71,EUR,success,Wolt
T00003289,A000514,C000251,LV,credit,2026-09-20,457.99,EUR,failed,Spotify
T00005179,A000517,C000338,SE,credit,2026-09-20,471.56,EUR,success,Steam
T00005125,A000517,C000338,SE,credit,2026-09-20,328.68,GBP,failed,Amazon
T00002193,A000517,C000338,SE,credit,2026-09-20,161.68,USD,success,Rimi
T00004505,A000519,C000019,FI,checking,2026-09-20,91.10,GBP,pending,Wolt
T00009553,A000521,C000480,EE,credit,2026-09-20,93.55,USD,success,Spotify
T00005395,A000524,C000253,EE,savings,2026-09-20,339.57,USD,success,Rimi
T00003350,A000529,C000290,EE,savings,2026-09-20,126.04,EUR,success,Wolt
T00001655,A000532,C000168,EE,checking,2026-09-20,411.04,GBP,failed,Steam
T00002223,A000533,C000320,SE,credit,2026-09-20,490.20,GBP,success,Wolt
T00002881,A000534,C000396,SE,checking,2026-09-20,23.45,GBP,success,Rimi
T00000161,A000535,C000342,EE,checking,2026-09-20,430.56,GBP,success,Amazon
T00009128,A000537,C000130,EE,credit,2026-09-20,122.90,GBP,success,Airbnb
T00001224,A000537,C000130,EE,credit,2026-09-20,133.90,EUR,success,Tesco
T00007544,A000539,C000043,LT,checking,2026-09-20,150.62,GBP,success,IKEA
T00003092,A000544,C000081,SE,checking,2026-09-20,338.64,USD,success,Airbnb
T00007302,A000545,C000269,SE,savings,2026-09-20,62.77,EUR,success,Netflix
T00009408,A000550,C000343,FI,credit,2026-09-20,293.62,USD,success,Tesco
T00000383,A000550,C000343,FI,credit,2026-09-20,280.92,EUR,success,Wolt
T00007212,A000553,C000317,EE,savings,2026-09-20,137.30,GBP,success,Spotify
T00009529,A000554,C000236,LT,checking,2026-09-20,381.98,GBP,success,Steam
T00005291,A000554,C000236,LT,checking,2026-09-20,59.74,USD,success,Amazon
T00007412,A000559,C000499,FI,checking,2026-09-20,55.55,EUR,success,Spotify
T00005567,A000559,C000499,FI,checking,2026-09-20,129.96,GBP,success,Wolt
T00007992,A000564,C000447,EE,checking,2026-09-20,23.62,EUR,failed,Amazon
T00001803,A000566,C000056,LT,checking,2026-09-20,167.73,USD,success,Tesco
T00007230,A000568,C000300,LT,checking,2026-09-20,327.18,USD,success,Spotify
T00000214,A000568,C000300,LT,checking,2026-09-20,115.98,GBP,success,Steam
T00004821,A000571,C000127,LT,savings,2026-09-20,413.06,EUR,success,Netflix
T00001047,A000575,C000379,FI,credit,2026-09-20,94.96,GBP,success,Steam
T00009124,A000576,C000207,LT,credit,2026-09-20,281.25,EUR,success,Spotify
T00003572,A000576,C000207,LT,credit,2026-09-20,220.17,EUR,success,Airbnb
T00002682,A000578,C000404,LT,checking,2026-09-20,183.21,GBP,success,Bolt
T00006560,A000580,C000036,LV,credit,2026-09-20,429.56,EUR,success,Spotify
T00007892,A000583,C000493,FI,checking,2026-09-20,143.59,EUR,success,Wolt
T00002256,A000583,C000493,FI,checking,2026-09-20,114.64,EUR,success,Steam
T00002986,A000584,C000056,LT,checking,2026-09-20,127.91,EUR,success,Wolt
T00001547,A000584,C000056,LT,checking,2026-09-20,321.38,GBP,success,Tesco
T00007425,A000590,C000439,LV,credit,2026-09-20,480.15,USD,success,Netflix
T00005139,A000593,C000065,EE,credit,2026-09-20,331.23,USD,success,Spotify
T00001059,A000593,C000065,EE,credit,2026-09-20,453.55,EUR,success,Steam
T00000252,A000597,C000361,EE,savings,2026-09-20,268.52,EUR,success,Spotify
T00003690,A000602,C000014,LV,credit,2026-09-20,174.46,USD,success,Wolt
T00006486,A000603,C000437,SE,savings,2026-09-20,405.20,GBP,success,Steam
T00001157,A000608,C000210,LV,savings,2026-09-20,130.92,USD,success,Amazon
T00006345,A000612,C000050,EE,checking,2026-09-20,312.32,GBP,success,Tesco
T00006413,A000614,C000083,LV,savings,2026-09-20,313.75,USD,success,Rimi
T00003065,A000615,C000249,LV,credit,2026-09-20,360.41,GBP,success,Airbnb
T00000043,A000615,C000249,LV,credit,2026-09-20,434.05,USD,success,Bolt
T00000935,A000617,C000304,SE,savings,2026-09-20,487.26,EUR,success,Tesco
T00007055,A000620,C000014,LV,savings,2026-09-20,371.93,EUR,success,IKEA
T00007601,A000621,C000078,FI,credit,2026-09-20,381.86,EUR,success,Airbnb
T00005552,A000623,C000173,LV,credit,2026-09-20,40.06,USD,success,Steam
T00009798,A000624,C000082,SE,savings,2026-09-20,407.48,GBP,failed,Rimi
T00009456,A000624,C000082,SE,savings,2026-09-20,421.62,EUR,success,Rimi
T00002119,A000625,C000311,EE,savings,2026-09-20,169.56,USD,success,Netflix
T00006263,A000626,C000353,SE,credit,2026-09-20,230.55,USD,success,Airbnb
T00000406,A000630,C000049,LV,credit,2026-09-20,477.69,EUR,success,Wolt
T00009362,A000632,C000169,LV,savings,2026-09-20,457.91,USD,success,Wolt
T00002621,A000637,C000457,FI,checking,2026-09-20,386.86,EUR,success,Wolt
T00005079,A000638,C000085,LV,savings,2026-09-20,190.15,GBP,success,Airbnb
T00003553,A000650,C000428,EE,credit,2026-09-20,32.08,USD,success,Netflix
T00006720,A000651,C000051,FI,credit,2026-09-20,484.26,EUR,success,Bolt
T00001886,A000652,C000067,SE,checking,2026-09-20,178.39,USD,success,Steam
T00006268,A000653,C000000,FI,checking,2026-09-20,13.88,GBP,success,Amazon
T00004746,A000653,C000000,FI,checking,2026-09-20,315.26,EUR,success,Steam
T00004185,A000653,C000000,FI,checking,2026-09-20,132.40,USD,success,Wolt
T00000833,A000657,C000317,EE,checking,2026-09-20,264.12,EUR,success,Wolt
T00003329,A000660,C000298,LT,savings,2026-09-20,406.37,GBP,success,Bolt
T00009485,A000664,C000319,LV,checking,2026-09-20,386.31,GBP,success,Tesco
T00001821,A000665,C000077,FI,credit,2026-09-20,43.92,EUR,success,Rimi
T00002855,A000666,C000386,SE,checking,2026-09-20,390.86,USD,success,Netflix
T00006041,A000669,C000447,EE,credit,2026-09-20,152.47,USD,success,Wolt
T00000354,A000669,C000447,EE,credit,2026-09-20,126.51,USD,success,Wolt
T00007452,A000670,C000429,SE,savings,2026-09-20,265.59,EUR,success,Netflix
T00004371,A000670,C000429,SE,savings,2026-09-20,472.96,EUR,success,Spotify
T00000555,A000672,C000029,SE,credit,2026-09-20,318.58,EUR,success,IKEA
T00008081,A000674,C000256,FI,savings,2026-09-20,356.00,USD,failed,Netflix
T00003033,A000675,C000482,LT,credit,2026-09-20,110.91,USD,success,Spotify
T00006837,A000677,C000174,LV,checking,2026-09-20,473.72,USD,success,Airbnb
T00006658,A000677,C000174,LV,checking,2026-09-20,495.70,EUR,success,Rimi
T00003921,A000678,C000325,LT,savings,2026-09-20,255.22,USD,success,Wolt
T00009591,A000680,C000010,LT,credit,2026-09-20,286.92,USD,success,Amazon
T00002344,A000681,C000355,FI,savings,2026-09-20,82.10,USD,success,Wolt
T00000190,A000681,C000355,FI,savings,2026-09-20,101.25,GBP,success,Steam
T00001907,A000685,C000492,FI,credit,2026-09-20,5.36,GBP,success,Spotify
T00007010,A000687,C000441,EE,credit,2026-09-20,114.94,USD,success,Rimi
T00004072,A000690,C000278,FI,checking,2026-09-20,113.67,USD,success,Rimi
T00001183,A000690,C000278,FI,checking,2026-09-20,12.94,EUR,success,IKEA
T00000878,A000692,C000268,LT,credit,2026-09-20,197.61,EUR,success,Rimi
T00002176,A000693,C000424,EE,checking,2026-09-20,298.66,EUR,success,Rimi
T00007545,A000701,C000305,LT,checking,2026-09-20,330.17,USD,success,IKEA
T00005103,A000711,C000414,LT,credit,2026-09-20,52.88,EUR,failed,Tesco
T00005613,A000712,C000385,LV,credit,2026-09-20,1.98,EUR,success,Rimi
T00002038,A000714,C000017,FI,checking,2026-09-20,454.44,EUR,success,Netflix
T00007345,A000715,C000093,FI,checking,2026-09-20,35.82,EUR,success,Wolt
T00002001,A000724,C000411,FI,savings,2026-09-20,431.94,GBP,success,Amazon
T00008931,A000725,C000408,LT,credit,2026-09-20,390.92,USD,success,Rimi
T00004523,A000727,C000175,SE,savings,2026-09-20,489.98,GBP,success,Airbnb
T00006650,A000730,C000487,FI,checking,2026-09-20,4.60,GBP,success,Steam
T00003689,A000733,C000238,FI,checking,2026-09-20,383.43,EUR,success,Tesco
T00009744,A000736,C000339,SE,checking,2026-09-20,226.07,USD,success,Rimi
T00004252,A000739,C000420,FI,credit,2026-09-20,288.54,GBP,pending,Amazon
T00002416,A000739,C000420,FI,credit,2026-09-20,466.55,USD,success,Rimi
T00006273,A000745,C000012,LV,savings,2026-09-20,167.85,GBP,success,IKEA
T00005716,A000745,C000012,LV,savings,2026-09-20,387.89,EUR,success,Wolt
T00001356,A000746,C000272,EE,savings,2026-09-20,114.44,GBP,success,Wolt
T00005920,A000749,C000405,LT,credit,2026-09-20,343.91,GBP,pending,IKEA
T00005957,A000489,C000343,FI,checking,2026-09-19,29.78,GBP,success,Bolt
T00003915,A000138,C000307,FI,savings,2026-09-19,181.85,EUR,failed,Spotify
T00004870,A000535,C000342,EE,checking,2026-09-19,477.28,EUR,success,IKEA
T00009694,A000592,C000085,LV,savings,2026-09-19,314.61,GBP,success,Wolt
T00008578,A000453,C000330,LV,savings,2026-09-19,31.06,GBP,success,Airbnb
T00007011,A000231,C000206,EE,checking,2026-09-19,482.83,GBP,success,Amazon
T00005487,A000125,C000268,LT,checking,2026-09-19,356.40,USD,success,Rimi
T00001915,A000205,C000172,LV,savings,2026-09-19,485.21,USD,success,Airbnb
T00003541,A000522,C000009,FI,checking,2026-09-19,460.79,USD,success,Bolt
T00009306,A000347,C000423,FI,checking,2026-09-19,14.69,EUR,success,Tesco
T00009838,A000015,C000110,FI,savings,2026-09-19,178.60,USD,success,Tesco
T00006363,A000561,C000129,SE,checking,2026-09-19,466.44,USD,success,Tesco
T00006104,A000377,C000499,FI,savings,2026-09-19,100.77,USD,success,Steam
T00000395,A000331,C000314,FI,credit,2026-09-19,2.29,EUR,success,Steam
T00007219,A000109,C000371,EE,savings,2026-09-19,496.40,EUR,success,Bolt
T00007828,A000608,C000210,LV,savings,2026-09-19,147.10,USD,success,Spotify
T00006337,A000405,C000020,LV,savings,2026-09-19,41.67,USD,success,Rimi
T00005892,A000251,C000395,FI,savings,2026-09-19,319.89,EUR,success,Rimi
T00002453,A000108,C000089,FI,checking,2026-09-19,210.28,USD,success,Airbnb
T00000634,A000747,C000422,EE,savings,2026-09-19,15.80,USD,success,Bolt
T00009931,A000721,C000105,FI,credit,2026-09-19,72.16,GBP,success,Airbnb
T00000050,A000405,C000020,LV,savings,2026-09-19,251.00,EUR,success,Netflix
T00006296,A000550,C000343,FI,credit,2026-09-19,94.67,EUR,success,Rimi
T00009981,A000359,C000470,LV,checking,2026-09-19,486.31,EUR,failed,Steam
T00004069,A000107,C000069,LT,credit,2026-09-19,154.51,USD,success,Airbnb
T00007834,A000306,C000228,LT,savings,2026-09-19,147.65,GBP,success,Bolt
T00004091,A000524,C000253,EE,savings,2026-09-19,264.96,GBP,success,Steam
T00007556,A000107,C000069,LT,credit,2026-09-19,128.46,GBP,failed,IKEA
T00003354,A000150,C000299,SE,savings,2026-09-19,486.69,GBP,success,Airbnb
T00005886,A000236,C000132,EE,credit,2026-09-19,174.54,USD,success,Rimi
T00005965,A000406,C000263,EE,checking,2026-09-19,187.26,EUR,failed,IKEA
T00004332,A000060,C000199,SE,savings,2026-09-19,28.27,USD,success,Spotify
T00000510,A000172,C000459,LT,checking,2026-09-19,9.37,GBP,failed,Amazon
T00000606,A000123,C000362,FI,savings,2026-09-19,414.37,USD,success,Rimi
T00008626,A000503,C000120,SE,savings,2026-09-19,182.00,EUR,success,IKEA
T00005069,A000608,C000210,LV,savings,2026-09-19,221.31,EUR,success,Rimi
T00003616,A000378,C000281,EE,checking,2026-09-19,182.13,EUR,success,Wolt
T00001712,A000688,C000032,FI,credit,2026-09-19,293.14,GBP,success,Netflix
T00005730,A000355,C000087,FI,credit,2026-09-19,465.50,EUR,success,Tesco
T00006655,A000253,C000193,EE,credit,2026-09-19,296.70,GBP,failed,Steam
T00005760,A000104,C000047,LT,savings,2026-09-19,450.95,EUR,success,Wolt
T00000460,A000336,C000114,EE,credit,2026-09-19,162.84,EUR,success,IKEA
T00009943,A000104,C000047,LT,savings,2026-09-19,337.33,GBP,failed,Steam
T00007740,A000485,C000457,FI,credit,2026-09-19,69.80,USD,success,Wolt
T00004334,A000727,C000175,SE,savings,2026-09-19,135.73,EUR,success,Amazon
T00009381,A000485,C000457,FI,credit,2026-09-19,212.72,EUR,success,Netflix
T00004728,A000506,C000437,SE,checking,2026-09-19,417.02,USD,success,Netflix
T00004804,A000484,C000428,EE,savings,2026-09-19,358.66,USD,success,Netflix
T00005464,A000619,C000216,LV,checking,2026-09-19,467.47,USD,success,Amazon
T00003251,A000236,C000132,EE,credit,2026-09-19,41.68,EUR,success,Amazon
T00003880,A000102,C000395,FI,credit,2026-09-19,335.23,EUR,success,Airbnb
T00003704,A000613,C000401,SE,checking,2026-09-19,348.86,USD,success,Airbnb
T00001489,A000003,C000098,FI,savings,2026-09-19,119.31,GBP,success,Spotify
T00003630,A000638,C000085,LV,savings,2026-09-19,356.67,EUR,success,Airbnb
T00000275,A000212,C000372,EE,checking,2026-09-19,477.38,USD,success,Bolt
T00006571,A000347,C000423,FI,checking,2026-09-19,240.52,USD,success,IKEA
T00001028,A000638,C000085,LV,savings,2026-09-19,91.29,GBP,failed,Airbnb
T00003583,A000329,C000078,FI,credit,2026-09-19,249.41,EUR,success,Amazon
T00000266,A000407,C000145,LV,savings,2026-09-19,459.43,GBP,success,Tesco
T00001141,A000513,C000255,FI,credit,2026-09-19,282.30,GBP,success,IKEA
T00006405,A000101,C000335,EE,checking,2026-09-19,306.57,EUR,success,Rimi
T00009789,A000123,C000362,FI,savings,2026-09-19,287.89,USD,success,Tesco
T00002518,A000716,C000190,LT,credit,2026-09-19,405.81,GBP,success,Netflix
T00004128,A000551,C000363,LT,checking,2026-09-19,132.99,EUR,success,IKEA
T00004990,A000218,C000461,LT,credit,2026-09-19,112.28,USD,success,Rimi
T00004087,A000688,C000032,FI,credit,2026-09-19,224.11,EUR,success,Wolt
T00002181,A000204,C000276,LT,savings,2026-09-19,66.14,EUR,success,Steam
T00002454,A000099,C000455,LV,checking,2026-09-19,77.69,GBP,success,Netflix
T00006428,A000136,C000042,SE,savings,2026-09-19,435.37,GBP,success,Bolt
T00007722,A000409,C000183,LT,checking,2026-09-19,14.99,EUR,success,Spotify
T00004137,A000297,C000186,LT,credit,2026-09-19,118.30,GBP,success,Wolt
T00006113,A000409,C000183,LT,checking,2026-09-19,171.96,GBP,success,Wolt
T00003022,A000620,C000014,LV,savings,2026-09-19,216.31,EUR,success,Bolt
T00001281,A000212,C000372,EE,checking,2026-09-19,126.28,EUR,success,Netflix
T00003047,A000099,C000455,LV,checking,2026-09-19,154.04,GBP,success,Steam
T00003481,A000232,C000127,LT,credit,2026-09-19,59.87,USD,success,Netflix
T00003870,A000173,C000233,EE,credit,2026-09-19,427.25,EUR,success,Tesco
T00006453,A000749,C000405,LT,credit,2026-09-19,393.65,EUR,success,Steam
T00005057,A000563,C000406,SE,savings,2026-09-19,330.53,GBP,success,IKEA
T00001204,A000153,C000357,FI,savings,2026-09-19,379.32,EUR,success,Bolt
T00001527,A000258,C000207,LT,credit,2026-09-19,401.83,USD,success,IKEA
T00002635,A000740,C000194,LV,checking,2026-09-19,184.67,USD,success,Netflix
T00002966,A000620,C000014,LV,savings,2026-09-19,143.39,GBP,success,Netflix
T00006722,A000688,C000032,FI,credit,2026-09-19,222.00,EUR,success,IKEA
T00007242,A000135,C000461,LT,credit,2026-09-19,442.80,EUR,success,Netflix
T00003488,A000178,C000401,SE,credit,2026-09-19,221.07,GBP,success,Wolt
T00002491,A000098,C000234,LV,credit,2026-09-19,151.35,USD,success,Netflix
T00001690,A000141,C000170,LV,savings,2026-09-19,182.83,EUR,success,Wolt
T00002194,A000729,C000051,FI,checking,2026-09-19,467.99,EUR,success,Bolt
T00008304,A000538,C000280,LT,credit,2026-09-19,285.40,EUR,success,Netflix
T00004179,A000386,C000071,LV,credit,2026-09-19,384.74,EUR,success,Steam
T00004187,A000098,C000234,LV,credit,2026-09-19,16.90,GBP,success,Steam
T00008576,A000098,C000234,LV,credit,2026-09-19,167.57,EUR,success,Amazon
T00008909,A000231,C000206,EE,checking,2026-09-19,308.62,USD,success,Wolt
T00009898,A000583,C000493,FI,checking,2026-09-19,483.94,GBP,success,Wolt
T00009437,A000188,C000216,LV,savings,2026-09-19,297.32,EUR,success,Wolt
T00002560,A000325,C000142,FI,savings,2026-09-19,390.26,EUR,success,Bolt
T00004130,A000373,C000469,LV,savings,2026-09-19,141.58,GBP,success,Tesco
T00003873,A000500,C000166,EE,savings,2026-09-19,368.50,USD,success,IKEA
T00009682,A000613,C000401,SE,checking,2026-09-19,232.10,EUR,success,Amazon
T00006115,A000477,C000182,SE,checking,2026-09-19,475.76,EUR,success,Steam
T00003034,A000000,C000276,LT,credit,2026-09-19,404.40,USD,success,Amazon
T00000196,A000533,C000320,SE,credit,2026-09-19,246.26,GBP,success,Spotify
T00005726,A000582,C000400,SE,checking,2026-09-19,398.71,GBP,success,Airbnb
T00008557,A000477,C000182,SE,checking,2026-09-19,178.51,USD,success,IKEA
T00008130,A000378,C000281,EE,checking,2026-09-19,97.01,GBP,success,Amazon
T00002998,A000363,C000086,SE,savings,2026-09-19,487.43,USD,success,Bolt
T00005697,A000119,C000064,FI,savings,2026-09-19,375.87,GBP,success,Bolt
T00007275,A000476,C000031,LV,checking,2026-09-19,106.80,EUR,success,Tesco
T00003705,A000049,C000140,LT,savings,2026-09-19,351.73,USD,success,Tesco
T00006163,A000450,C000236,LT,checking,2026-09-19,46.04,GBP,success,Airbnb
T00001734,A000160,C000003,LT,credit,2026-09-19,303.62,GBP,success,IKEA
T00003411,A000730,C000487,FI,checking,2026-09-19,260.15,GBP,success,Steam
T00001488,A000393,C000457,FI,savings,2026-09-19,492.82,EUR,success,Rimi
T00004720,A000324,C000281,EE,credit,2026-09-19,336.93,EUR,success,Rimi
T00007690,A000594,C000172,LV,checking,2026-09-19,137.73,GBP,success,Airbnb
T00001485,A000202,C000412,EE,savings,2026-09-19,396.07,EUR,success,IKEA
T00003307,A000413,C000307,FI,savings,2026-09-19,286.91,EUR,success,Airbnb
T00002266,A000263,C000149,EE,checking,2026-09-19,316.69,GBP,success,Tesco
T00002675,A000012,C000455,LV,savings,2026-09-19,255.78,GBP,success,Rimi
T00001438,A000183,C000357,FI,savings,2026-09-19,468.27,GBP,success,Netflix
T00002071,A000264,C000498,FI,checking,2026-09-19,495.55,GBP,success,Rimi
T00001004,A000590,C000439,LV,credit,2026-09-19,271.43,GBP,success,Steam
T00006923,A000118,C000202,LT,savings,2026-09-19,261.81,USD,success,Netflix
T00008197,A000032,C000293,SE,savings,2026-09-19,379.94,EUR,success,Wolt
T00008100,A000240,C000059,LT,savings,2026-09-19,56.31,USD,success,Amazon
T00006187,A000001,C000399,SE,savings,2026-09-19,371.91,EUR,success,Airbnb
T00005574,A000561,C000129,SE,checking,2026-09-19,414.84,USD,success,Wolt
T00009358,A000569,C000368,EE,checking,2026-09-19,194.82,EUR,success,Spotify
T00006098,A000065,C000137,LV,credit,2026-09-19,284.98,GBP,success,Tesco
T00000845,A000414,C000427,SE,credit,2026-09-19,15.64,USD,success,Steam
T00006610,A000020,C000063,EE,credit,2026-09-19,133.93,EUR,success,Tesco
T00003132,A000365,C000392,SE,checking,2026-09-19,302.67,GBP,success,IKEA
T00005915,A000375,C000199,SE,credit,2026-09-19,420.04,EUR,success,Amazon
T00002553,A000415,C000226,SE,credit,2026-09-19,294.48,USD,success,Netflix
T00002426,A000415,C000226,SE,credit,2026-09-19,147.22,GBP,success,Spotify
T00008019,A000311,C000368,EE,savings,2026-09-19,181.72,EUR,success,Wolt
T00001098,A000497,C000285,LV,savings,2026-09-19,273.68,GBP,success,Wolt
T00004190,A000552,C000492,FI,checking,2026-09-19,233.03,GBP,success,IKEA
T00001394,A000402,C000441,EE,savings,2026-09-19,477.89,GBP,success,Bolt
T00009373,A000611,C000488,FI,savings,2026-09-19,310.31,EUR,success,Wolt
T00000841,A000162,C000176,LV,checking,2026-09-19,365.95,GBP,success,Steam
T00001998,A000117,C000141,SE,savings,2026-09-19,337.44,GBP,success,Airbnb
T00002250,A000302,C000393,LT,credit,2026-09-19,199.97,EUR,success,IKEA
T00002706,A000049,C000140,LT,savings,2026-09-19,305.55,GBP,success,Tesco
T00000721,A000605,C000109,SE,credit,2026-09-19,292.12,GBP,success,Steam
T00005932,A000002,C000487,FI,credit,2026-09-19,432.00,USD,success,IKEA
T00000381,A000226,C000328,FI,checking,2026-09-19,287.35,GBP,success,Bolt
T00003434,A000243,C000101,EE,credit,2026-09-19,451.36,EUR,success,IKEA
T00003058,A000243,C000101,EE,credit,2026-09-19,329.92,GBP,success,Airbnb
T00001537,A000267,C000353,SE,credit,2026-09-19,256.09,GBP,success,Tesco
T00004183,A000416,C000309,EE,savings,2026-09-19,297.06,GBP,success,IKEA
T00008532,A000673,C000446,LV,savings,2026-09-19,294.45,GBP,success,Airbnb
T00003710,A000416,C000309,EE,savings,2026-09-19,377.26,GBP,success,IKEA
T00009472,A000676,C000363,LT,savings,2026-09-19,333.55,EUR,success,Spotify
T00008674,A000512,C000400,SE,credit,2026-09-19,50.01,EUR,success,Rimi
T00006111,A000193,C000210,LV,checking,2026-09-19,22.27,EUR,success,Spotify
T00002323,A000416,C000309,EE,savings,2026-09-19,338.18,USD,success,Amazon
T00007857,A000733,C000238,FI,checking,2026-09-19,480.91,GBP,failed,Bolt
T00005724,A000269,C000136,LT,credit,2026-09-19,350.43,EUR,success,Amazon
T00005052,A000035,C000221,FI,credit,2026-09-19,268.97,USD,success,Rimi
T00004666,A000579,C000328,FI,savings,2026-09-19,21.85,USD,failed,Spotify
T00009214,A000090,C000034,EE,checking,2026-09-19,494.71,GBP,success,Bolt
T00008770,A000541,C000470,LV,savings,2026-09-19,350.33,USD,pending,IKEA
T00005312,A000442,C000134,FI,checking,2026-09-19,481.91,GBP,success,Rimi
T00009410,A000176,C000432,FI,savings,2026-09-19,13.29,GBP,success,Netflix
T00002479,A000058,C000251,LV,checking,2026-09-19,430.66,EUR,success,Rimi
T00006185,A000302,C000393,LT,credit,2026-09-19,180.11,USD,pending,Tesco
T00009565,A000007,C000101,EE,savings,2026-09-19,50.62,GBP,success,Airbnb
T00001641,A000001,C000399,SE,savings,2026-09-19,230.59,EUR,failed,Netflix
T00001365,A000652,C000067,SE,checking,2026-09-19,17.71,GBP,success,Netflix
T00002366,A000243,C000101,EE,credit,2026-09-19,113.31,GBP,success,Bolt
T00004765,A000653,C000000,FI,checking,2026-09-19,310.81,EUR,success,IKEA
T00002608,A000270,C000473,LT,checking,2026-09-19,427.09,EUR,success,Amazon
T00005646,A000684,C000150,FI,checking,2026-09-19,382.40,GBP,failed,Amazon
T00001997,A000345,C000257,EE,credit,2026-09-19,294.14,GBP,failed,Bolt
T00004510,A000168,C000101,EE,checking,2026-09-19,52.64,GBP,success,Steam
T00005565,A000198,C000225,FI,savings,2026-09-19,242.84,GBP,success,IKEA
T00006635,A000496,C000190,LT,credit,2026-09-19,239.15,USD,failed,IKEA
T00009177,A000452,C000051,FI,checking,2026-09-19,497.12,USD,success,Amazon
T00003338,A000418,C000404,LT,credit,2026-09-19,57.39,EUR,success,Netflix
T00001732,A000015,C000110,FI,savings,2026-09-19,334.27,EUR,success,Amazon
T00003517,A000244,C000451,EE,savings,2026-09-19,240.14,GBP,success,Rimi
T00000017,A000347,C000423,FI,checking,2026-09-19,424.28,GBP,success,Steam
T00008919,A000495,C000483,SE,checking,2026-09-19,342.67,USD,success,Wolt
T00005857,A000611,C000488,FI,savings,2026-09-19,97.01,GBP,success,Tesco
T00008522,A000368,C000259,SE,savings,2026-09-19,266.41,USD,success,Tesco
T00000130,A000086,C000301,LV,credit,2026-09-19,203.63,GBP,success,Tesco
T00002372,A000211,C000349,LT,checking,2026-09-19,299.49,USD,success,Tesco
T00002705,A000086,C000301,LV,credit,2026-09-19,194.02,USD,success,Amazon
T00004101,A000687,C000441,EE,credit,2026-09-19,152.29,GBP,success,Wolt
T00004220,A000466,C000496,SE,credit,2026-09-19,16.36,USD,success,Netflix
T00006679,A000726,C000399,SE,checking,2026-09-19,170.88,GBP,success,Rimi
T00002107,A000558,C000225,FI,credit,2026-09-19,182.70,EUR,success,Airbnb
T00007140,A000593,C000065,EE,credit,2026-09-19,29.80,EUR,success,Amazon
T00007426,A000532,C000168,EE,checking,2026-09-19,8.72,GBP,success,Amazon
T00005591,A000494,C000248,FI,savings,2026-09-19,285.36,USD,success,Rimi
T00009329,A000440,C000450,LT,checking,2026-09-19,85.16,EUR,success,Bolt
T00009963,A000037,C000059,LT,checking,2026-09-19,219.09,EUR,success,Netflix
T00008599,A000198,C000225,FI,savings,2026-09-19,276.48,USD,success,Amazon
T00005887,A000274,C000133,EE,checking,2026-09-19,442.10,EUR,success,Spotify
T00000581,A000063,C000382,LT,savings,2026-09-19,451.83,EUR,success,IKEA
T00007566,A000420,C000121,LV,checking,2026-09-19,36.91,EUR,success,Wolt
T00004856,A000380,C000362,FI,savings,2026-09-19,410.29,GBP,success,IKEA
T00006420,A000037,C000059,LT,checking,2026-09-19,3.14,USD,success,Amazon
T00005789,A000611,C000488,FI,savings,2026-09-19,458.26,GBP,success,Spotify
T00005191,A000084,C000081,SE,credit,2026-09-19,291.67,USD,success,Steam
T00009323,A000063,C000382,LT,savings,2026-09-19,292.70,USD,success,IKEA
T00008227,A000348,C000104,EE,savings,2026-09-19,359.80,GBP,success,Airbnb
T00000653,A000049,C000140,LT,savings,2026-09-19,255.20,USD,success,IKEA
T00001034,A000213,C000462,SE,checking,2026-09-19,251.36,GBP,success,Airbnb
T00007908,A000231,C000206,EE,checking,2026-09-19,96.17,USD,success,IKEA
T00004613,A000008,C000186,LT,checking,2026-09-19,124.54,USD,pending,Wolt
T00007977,A000230,C000421,EE,checking,2026-09-19,237.33,EUR,success,Wolt
T00007211,A000146,C000255,FI,savings,2026-09-19,282.95,USD,success,Rimi
T00006631,A000113,C000368,EE,credit,2026-09-19,482.75,USD,success,Netflix
T00007960,A000735,C000056,LT,checking,2026-09-19,444.73,USD,success,Bolt
T00004644,A000040,C000071,LV,savings,2026-09-19,182.20,GBP,success,Airbnb
T00009998,A000177,C000115,FI,savings,2026-09-19,241.64,EUR,success,Bolt
T00005237,A000421,C000106,SE,checking,2026-09-19,477.39,EUR,success,Spotify
T00009276,A000277,C000159,SE,credit,2026-09-19,76.85,EUR,success,Amazon
T00001982,A000462,C000250,LT,checking,2026-09-19,245.11,EUR,success,Rimi
T00006636,A000246,C000380,FI,checking,2026-09-19,283.20,EUR,failed,Rimi
T00007785,A000041,C000005,FI,credit,2026-09-19,108.91,EUR,success,IKEA
T00009886,A000216,C000226,SE,credit,2026-09-19,174.69,EUR,success,Airbnb
T00002709,A000316,C000489,EE,credit,2026-09-19,470.76,EUR,success,Rimi
T00004573,A000422,C000495,LV,checking,2026-09-19,350.26,USD,success,Airbnb
T00004682,A000439,C000418,LV,credit,2026-09-19,281.02,EUR,success,Rimi
T00005360,A000657,C000317,EE,checking,2026-09-19,231.97,EUR,success,Steam
T00004637,A000462,C000250,LT,checking,2026-09-19,468.20,GBP,success,Tesco
T00001398,A000377,C000499,FI,savings,2026-09-19,206.11,EUR,success,Steam
T00003984,A000062,C000023,FI,credit,2026-09-19,355.61,GBP,success,Netflix
T00007988,A000349,C000462,SE,credit,2026-09-19,228.44,USD,success,Spotify
T00002590,A000532,C000168,EE,checking,2026-09-19,98.35,EUR,success,Netflix
T00000787,A000657,C000317,EE,checking,2026-09-19,337.60,USD,success,Airbnb
T00000831,A000381,C000074,LT,credit,2026-09-19,57.36,EUR,pending,IKEA
T00005541,A000082,C000275,LV,credit,2026-09-19,126.14,USD,success,Airbnb
T00004817,A000351,C000229,SE,credit,2026-09-19,377.46,GBP,success,Rimi
T00003740,A000398,C000191,FI,checking,2026-09-19,261.72,EUR,success,Spotify
T00006329,A000658,C000090,LV,credit,2026-09-19,379.22,EUR,success,Airbnb
T00005715,A000080,C000362,FI,credit,2026-09-19,282.89,EUR,success,Airbnb
T00009672,A000461,C000430,LV,savings,2026-09-19,299.66,USD,success,IKEA
T00006170,A000366,C000326,FI,checking,2026-09-19,44.97,GBP,success,Rimi
T00002864,A000700,C000205,SE,checking,2026-09-19,238.53,GBP,success,Spotify
T00008151,A000679,C000190,LT,savings,2026-09-19,167.12,USD,success,Tesco
T00006162,A000743,C000077,FI,savings,2026-09-19,136.76,EUR,success,Airbnb
T00008955,A000385,C000078,FI,credit,2026-09-19,421.98,EUR,success,Wolt
T00003306,A000346,C000133,EE,checking,2026-09-19,174.72,USD,success,Netflix
T00004234,A000001,C000399,SE,savings,2026-09-19,78.34,GBP,success,Steam
T00002271,A000176,C000432,FI,savings,2026-09-19,369.77,USD,success,Netflix
T00001145,A000384,C000199,SE,checking,2026-09-19,100.51,GBP,success,Airbnb
T00008719,A000668,C000344,EE,checking,2026-09-19,446.25,USD,success,Steam
T00000296,A000042,C000411,FI,savings,2026-09-19,175.35,GBP,success,Wolt
T00005537,A000613,C000401,SE,checking,2026-09-19,415.30,GBP,success,Tesco
T00009283,A000314,C000099,LV,credit,2026-09-19,74.83,EUR,success,Netflix
T00006625,A000078,C000215,FI,checking,2026-09-19,62.12,USD,success,Netflix
T00004779,A000399,C000098,FI,credit,2026-09-19,185.23,GBP,success,Wolt
T00005976,A000129,C000037,EE,checking,2026-09-19,285.23,USD,failed,Bolt
T00005106,A000341,C000004,LT,credit,2026-09-19,162.36,USD,success,Amazon
T00003275,A000044,C000294,EE,checking,2026-09-19,481.28,GBP,success,Bolt
T00008490,A000607,C000192,SE,checking,2026-09-19,30.99,EUR,success,Wolt
T00006338,A000518,C000399,SE,savings,2026-09-19,489.45,USD,success,Steam
T00005784,A000210,C000144,FI,savings,2026-09-19,170.58,EUR,success,Amazon
T00004217,A000015,C000110,FI,savings,2026-09-19,127.64,EUR,success,Spotify
T00008723,A000046,C000002,LT,checking,2026-09-19,167.82,GBP,success,Wolt
T00004875,A000052,C000459,LT,checking,2026-09-19,427.28,EUR,success,Spotify
T00007081,A000607,C000192,SE,checking,2026-09-19,133.65,USD,success,Rimi
T00005624,A000077,C000100,LT,savings,2026-09-19,339.38,USD,success,Steam
T00002096,A000111,C000404,LT,credit,2026-09-19,464.15,USD,success,Amazon
T00004123,A000664,C000319,LV,checking,2026-09-19,387.42,GBP,failed,IKEA
T00001262,A000074,C000212,LV,savings,2026-09-19,64.47,EUR,success,IKEA
T00008507,A000346,C000133,EE,checking,2026-09-19,489.38,USD,success,IKEA
T00003942,A000697,C000381,LT,checking,2026-09-19,418.83,EUR,success,IKEA
T00005358,A000592,C000085,LV,savings,2026-09-19,492.24,GBP,success,Airbnb
T00002561,A000665,C000077,FI,credit,2026-09-19,331.30,USD,success,Rimi
T00007397,A000447,C000419,LV,credit,2026-09-19,62.30,EUR,success,Rimi
T00007475,A000047,C000231,LT,savings,2026-09-19,8.80,EUR,pending,IKEA
T00001703,A000629,C000403,EE,checking,2026-09-19,134.49,GBP,success,Steam
T00009974,A000126,C000437,SE,credit,2026-09-19,236.91,EUR,failed,Airbnb
T00000074,A000047,C000231,LT,savings,2026-09-19,233.14,GBP,success,Netflix
T00008358,A000234,C000141,SE,checking,2026-09-19,197.33,USD,success,Tesco
T00005415,A000425,C000418,LV,checking,2026-09-19,201.03,USD,success,Wolt
T00002160,A000353,C000067,SE,credit,2026-09-19,246.64,EUR,failed,Wolt
T00001868,A000559,C000499,FI,checking,2026-09-19,64.75,GBP,success,Spotify
T00008602,A000630,C000049,LV,credit,2026-09-19,183.65,USD,success,Steam
T00006716,A000509,C000165,LT,checking,2026-09-19,460.42,GBP,success,Wolt
T00007307,A000050,C000449,FI,checking,2026-09-19,419.66,GBP,success,Rimi
T00002842,A000666,C000386,SE,checking,2026-09-19,420.62,EUR,success,Amazon
T00009475,A000426,C000217,LV,checking,2026-09-19,111.45,GBP,failed,Bolt
T00004625,A000048,C000059,LT,checking,2026-09-19,375.82,GBP,success,Netflix
T00000104,A000519,C000019,FI,checking,2026-09-19,272.05,GBP,success,Steam
T00000656,A000072,C000148,LV,credit,2026-09-19,387.04,EUR,success,Bolt
T00001491,A000249,C000371,EE,checking,2026-09-19,177.84,EUR,pending,Rimi
T00001977,A000590,C000439,LV,credit,2026-09-19,498.52,GBP,success,Wolt
T00006629,A000061,C000348,SE,checking,2026-09-19,81.80,EUR,success,Rimi
T00004608,A000630,C000049,LV,credit,2026-09-19,23.52,GBP,success,Steam
T00002104,A000166,C000246,EE,credit,2026-09-19,496.09,EUR,success,Rimi
T00000300,A000607,C000192,SE,checking,2026-09-19,90.87,GBP,success,IKEA
T00000016,A000337,C000239,LV,credit,2026-09-19,224.36,EUR,success,Steam
T00006551,A000490,C000384,LT,savings,2026-09-19,427.55,EUR,success,Airbnb
T00007524,A000592,C000085,LV,savings,2026-09-19,490.54,GBP,success,Tesco
T00005947,A000741,C000250,LT,credit,2026-09-19,114.02,EUR,success,Amazon
T00008994,A000631,C000304,SE,checking,2026-09-19,245.30,GBP,success,Spotify
T00005605,A000572,C000319,LV,checking,2026-09-19,199.49,USD,success,Bolt
T00002433,A000489,C000343,FI,checking,2026-09-19,84.27,GBP,success,Steam
T00002381,A000504,C000449,FI,credit,2026-09-19,169.41,GBP,success,IKEA
T00004788,A000731,C000068,FI,checking,2026-09-19,172.65,EUR,success,Bolt
T00000237,A000306,C000228,LT,savings,2026-09-19,136.71,EUR,success,IKEA
T00005410,A000190,C000436,LT,savings,2026-09-19,318.55,EUR,success,Netflix
T00009722,A000334,C000117,EE,savings,2026-09-19,339.84,USD,success,Netflix
T00003309,A000023,C000204,SE,credit,2026-09-19,406.69,EUR,success,IKEA
T00006122,A000640,C000126,FI,checking,2026-09-18,12.94,USD,failed,Rimi
T00004202,A000284,C000109,SE,checking,2026-09-18,176.38,GBP,success,Tesco
T00002546,A000389,C000265,FI,checking,2026-09-18,92.63,GBP,success,IKEA
T00002149,A000695,C000214,FI,checking,2026-09-18,234.99,GBP,success,IKEA
T00007787,A000071,C000374,SE,checking,2026-09-18,304.48,GBP,failed,Steam
T00003097,A000356,C000072,FI,credit,2026-09-18,182.04,GBP,success,Netflix
T00005572,A000285,C000444,LT,credit,2026-09-18,238.91,GBP,success,Spotify
T00002489,A000286,C000310,SE,checking,2026-09-18,271.65,EUR,success,Bolt
T00009617,A000069,C000483,SE,checking,2026-09-18,78.84,USD,success,Netflix
T00005822,A000311,C000368,EE,savings,2026-09-18,467.71,USD,success,IKEA
T00003165,A000217,C000013,LV,savings,2026-09-18,252.82,EUR,success,IKEA
T00000830,A000451,C000268,LT,savings,2026-09-18,477.74,GBP,success,Steam
T00007763,A000548,C000411,FI,credit,2026-09-18,278.27,USD,success,Airbnb
T00001447,A000451,C000268,LT,savings,2026-09-18,311.88,GBP,success,Netflix
T00009041,A000351,C000229,SE,credit,2026-09-18,43.13,GBP,success,Spotify
T00000364,A000182,C000230,FI,checking,2026-09-18,109.48,EUR,success,Wolt
T00008514,A000747,C000422,EE,savings,2026-09-18,31.65,GBP,success,Bolt
T00000849,A000450,C000236,LT,checking,2026-09-18,175.13,GBP,success,Amazon
T00003672,A000066,C000341,EE,checking,2026-09-18,8.65,USD,success,Steam
T00004981,A000209,C000090,LV,savings,2026-09-18,344.21,EUR,success,Rimi
T00001018,A000449,C000052,FI,checking,2026-09-18,482.92,EUR,success,Tesco
T00000120,A000050,C000449,FI,checking,2026-09-18,85.37,GBP,success,Airbnb
T00001249,A000051,C000366,LV,savings,2026-09-18,65.91,USD,success,Netflix
T00008432,A000018,C000059,LT,credit,2026-09-18,226.21,EUR,success,Rimi
T00006423,A000350,C000344,EE,savings,2026-09-18,264.90,USD,success,Airbnb
T00004629,A000291,C000373,SE,credit,2026-09-18,63.52,EUR,failed,Steam
T00008124,A000180,C000163,LV,credit,2026-09-18,483.93,USD,success,Amazon
T00000147,A000677,C000174,LV,checking,2026-09-18,328.01,USD,success,Spotify
T00008270,A000448,C000129,SE,savings,2026-09-18,18.06,EUR,success,Tesco
T00003914,A000747,C000422,EE,savings,2026-09-18,386.35,GBP,success,Tesco
T00003175,A000350,C000344,EE,savings,2026-09-18,120.30,EUR,success,IKEA
T00007013,A000602,C000014,LV,credit,2026-09-18,213.64,GBP,success,Bolt
T00007944,A000680,C000010,LT,credit,2026-09-18,302.29,GBP,success,Airbnb
T00003519,A000052,C000459,LT,checking,2026-09-18,171.49,USD,success,Rimi
T00008651,A000307,C000231,LT,savings,2026-09-18,173.57,USD,success,Netflix
T00000715,A000680,C000010,LT,credit,2026-09-18,164.42,EUR,success,Tesco
T00001576,A000147,C000484,SE,credit,2026-09-18,246.40,EUR,success,Netflix
T00004301,A000306,C000228,LT,savings,2026-09-18,147.44,USD,success,Tesco
T00005452,A000306,C000228,LT,savings,2026-09-18,325.76,GBP,success,IKEA
T00005618,A000730,C000487,FI,checking,2026-09-18,99.27,GBP,success,Bolt
T00006823,A000127,C000232,SE,savings,2026-09-18,224.38,EUR,success,Bolt
T00005303,A000296,C000361,EE,credit,2026-09-18,268.10,USD,success,Steam
T00005812,A000305,C000126,FI,checking,2026-09-18,24.65,GBP,success,IKEA
T00006057,A000060,C000199,SE,savings,2026-09-18,283.81,GBP,success,Wolt
T00004310,A000053,C000422,EE,savings,2026-09-18,213.06,USD,success,Spotify
T00003591,A000191,C000363,LT,savings,2026-09-18,48.58,USD,failed,Steam
T00006843,A000358,C000213,SE,savings,2026-09-18,246.42,EUR,success,Wolt
T00006652,A000437,C000083,LV,checking,2026-09-18,259.05,GBP,success,Wolt
T00005852,A000443,C000495,LV,checking,2026-09-18,246.29,GBP,success,Bolt
T00007640,A000443,C000495,LV,checking,2026-09-18,408.37,USD,success,Spotify
T00003469,A000376,C000281,EE,credit,2026-09-18,396.78,USD,failed,Steam
T00005137,A000437,C000083,LV,checking,2026-09-18,176.20,EUR,success,Rimi
T00004802,A000383,C000344,EE,credit,2026-09-18,94.22,GBP,success,Wolt
T00009874,A000557,C000003,LT,savings,2026-09-18,386.44,EUR,pending,Steam
T00002512,A000682,C000075,EE,checking,2026-09-18,88.75,EUR,success,IKEA
T00006228,A000398,C000191,FI,checking,2026-09-18,80.29,EUR,success,Bolt
T00008791,A000056,C000027,EE,credit,2026-09-18,25.41,GBP,pending,Amazon
T00008667,A000440,C000450,LT,checking,2026-09-18,351.58,EUR,pending,Rimi
T00005788,A000003,C000098,FI,savings,2026-09-18,286.07,GBP,success,Amazon
T00007842,A000687,C000441,EE,credit,2026-09-18,331.45,USD,success,Rimi
T00000337,A000439,C000418,LV,credit,2026-09-18,329.01,USD,success,Wolt
T00008295,A000302,C000393,LT,credit,2026-09-18,20.22,GBP,success,Airbnb
T00007678,A000686,C000037,EE,savings,2026-09-18,388.34,GBP,success,Steam
T00001683,A000183,C000357,FI,savings,2026-09-18,177.80,GBP,success,Airbnb
T00001578,A000183,C000357,FI,savings,2026-09-18,156.93,GBP,success,Spotify
T00009252,A000233,C000072,FI,credit,2026-09-18,299.29,EUR,success,Spotify
T00000851,A000588,C000392,SE,checking,2026-09-18,238.68,EUR,success,Amazon
T00008494,A000126,C000437,SE,credit,2026-09-18,462.96,EUR,success,IKEA
T00000372,A000147,C000484,SE,credit,2026-09-18,78.14,GBP,success,Rimi
T00001832,A000549,C000103,FI,savings,2026-09-18,373.57,GBP,success,Spotify
T00002807,A000534,C000396,SE,checking,2026-09-18,335.83,GBP,success,Amazon
T00001182,A000603,C000437,SE,savings,2026-09-18,353.61,USD,failed,Wolt
T00000647,A000207,C000153,EE,savings,2026-09-18,127.76,USD,success,Rimi
T00008759,A000126,C000437,SE,credit,2026-09-18,483.98,EUR,success,IKEA
T00004356,A000615,C000249,LV,credit,2026-09-18,365.43,EUR,success,Tesco
T00000790,A000221,C000452,SE,savings,2026-09-18,123.62,USD,success,IKEA
T00007885,A000222,C000118,LT,savings,2026-09-18,20.61,EUR,success,Amazon
T00005440,A000616,C000032,FI,savings,2026-09-18,96.85,GBP,success,Steam
T00009028,A000157,C000074,LT,checking,2026-09-18,498.49,USD,success,IKEA
T00004640,A000334,C000117,EE,savings,2026-09-18,116.81,USD,success,Wolt
T00001669,A000125,C000268,LT,checking,2026-09-18,315.29,GBP,success,Spotify
T00006903,A000535,C000342,EE,checking,2026-09-18,82.60,GBP,success,Tesco
T00004582,A000125,C000268,LT,checking,2026-09-18,148.31,EUR,success,Steam
T00004569,A000020,C000063,EE,credit,2026-09-18,146.46,EUR,success,Bolt
T00008734,A000725,C000408,LT,credit,2026-09-18,90.25,GBP,success,Airbnb
T00008727,A000504,C000449,FI,credit,2026-09-18,131.47,USD,success,Wolt
T00004556,A000235,C000129,SE,savings,2026-09-18,344.60,EUR,success,Spotify
T00009547,A000158,C000408,LT,checking,2026-09-18,261.48,GBP,success,Tesco
T00002334,A000585,C000363,LT,checking,2026-09-18,161.35,EUR,success,Steam
T00004038,A000503,C000120,SE,savings,2026-09-18,472.65,USD,failed,IKEA
T00008591,A000158,C000408,LT,checking,2026-09-18,236.72,EUR,success,IKEA
T00001276,A000397,C000474,EE,checking,2026-09-18,378.29,GBP,failed,Spotify
T00007987,A000159,C000155,EE,savings,2026-09-18,421.24,USD,success,Tesco
T00005575,A000142,C000087,FI,checking,2026-09-18,283.19,EUR,success,IKEA
T00006548,A000205,C000172,LV,savings,2026-09-18,46.81,USD,success,Wolt
T00000450,A000159,C000155,EE,savings,2026-09-18,407.97,GBP,success,Netflix
T00009518,A000237,C000435,FI,savings,2026-09-18,153.49,EUR,success,Tesco
T00002766,A000371,C000327,FI,credit,2026-09-18,493.43,EUR,success,Wolt
T00007404,A000142,C000087,FI,checking,2026-09-18,4.20,EUR,success,Tesco
T00007185,A000365,C000392,SE,checking,2026-09-18,322.72,GBP,success,Rimi
T00006250,A000204,C000276,LT,savings,2026-09-18,144.05,EUR,success,Tesco
T00005474,A000160,C000003,LT,credit,2026-09-18,73.96,EUR,success,Airbnb
T00003400,A000500,C000166,EE,savings,2026-09-18,336.43,USD,success,Steam
T00000274,A000203,C000123,FI,savings,2026-09-18,488.77,USD,success,IKEA
T00002764,A000605,C000109,SE,credit,2026-09-18,231.23,EUR,success,Amazon
T00004013,A000120,C000295,EE,savings,2026-09-18,389.04,GBP,success,Amazon
T00003119,A000016,C000172,LV,checking,2026-09-18,419.43,USD,success,Tesco
T00008986,A000203,C000123,FI,savings,2026-09-18,1.05,USD,pending,Bolt
T00002957,A000202,C000412,EE,savings,2026-09-18,221.41,USD,success,IKEA
T00003512,A000622,C000362,FI,savings,2026-09-18,159.53,USD,success,Airbnb
T00008549,A000623,C000173,LV,credit,2026-09-18,93.22,GBP,failed,Tesco
T00001967,A000201,C000340,LV,credit,2026-09-18,454.52,USD,success,Rimi
T00005868,A000498,C000363,LT,credit,2026-09-18,393.19,GBP,success,IKEA
T00008328,A000549,C000103,FI,savings,2026-09-18,431.56,GBP,success,Steam
T00008017,A000333,C000075,EE,checking,2026-09-18,156.18,USD,success,Netflix
T00004841,A000363,C000086,SE,savings,2026-09-18,137.90,GBP,success,Amazon
T00007203,A000580,C000036,LV,credit,2026-09-18,376.29,USD,success,Netflix
T00007226,A000390,C000024,LV,savings,2026-09-18,439.77,USD,pending,Wolt
T00001909,A000579,C000328,FI,savings,2026-09-18,68.10,USD,success,Spotify
T00000327,A000402,C000441,EE,savings,2026-09-18,126.58,GBP,success,Wolt
T00009198,A000018,C000059,LT,credit,2026-09-18,107.21,EUR,success,Rimi
T00005240,A000199,C000256,FI,savings,2026-09-18,228.35,GBP,success,IKEA
T00007664,A000541,C000470,LV,savings,2026-09-18,248.48,EUR,success,Steam
T00004718,A000496,C000190,LT,credit,2026-09-18,371.52,GBP,failed,Spotify
T00000068,A000522,C000009,FI,checking,2026-09-18,102.99,USD,success,IKEA
T00003993,A000163,C000384,LT,savings,2026-09-18,366.90,EUR,success,IKEA
T00000638,A000541,C000470,LV,savings,2026-09-18,454.25,GBP,success,Bolt
T00007238,A000114,C000409,SE,credit,2026-09-18,137.13,GBP,success,Spotify
T00008029,A000606,C000317,EE,checking,2026-09-18,264.72,USD,success,Airbnb
T00006068,A000596,C000113,LV,checking,2026-09-18,137.99,GBP,failed,Steam
T00004648,A000197,C000147,LV,credit,2026-09-18,476.13,EUR,success,Netflix
T00003161,A000577,C000375,EE,checking,2026-09-18,293.74,GBP,success,Rimi
T00007692,A000628,C000384,LT,savings,2026-09-18,489.13,GBP,success,Amazon
T00003843,A000527,C000302,FI,savings,2026-09-18,16.48,USD,success,Tesco
T00006271,A000606,C000317,EE,checking,2026-09-18,424.13,EUR,success,Spotify
T00002179,A000332,C000225,FI,checking,2026-09-18,384.87,GBP,success,Airbnb
T00000048,A000196,C000326,FI,credit,2026-09-18,222.42,EUR,pending,Tesco
T00003742,A000543,C000304,SE,credit,2026-09-18,123.94,GBP,success,Wolt
T00009392,A000247,C000272,EE,checking,2026-09-18,494.82,USD,success,Spotify
T00008793,A000113,C000368,EE,credit,2026-09-18,437.44,GBP,success,Steam
T00007868,A000731,C000068,FI,checking,2026-09-18,419.50,EUR,success,Netflix
T00005455,A000248,C000451,EE,savings,2026-09-18,494.69,USD,success,Rimi
T00002642,A000165,C000061,EE,credit,2026-09-18,109.46,EUR,success,IKEA
T00000059,A000628,C000384,LT,savings,2026-09-18,389.72,USD,success,Bolt
T00001663,A000111,C000404,LT,credit,2026-09-18,326.74,USD,success,Tesco
T00004159,A000249,C000371,EE,checking,2026-09-18,490.97,GBP,success,IKEA
T00002858,A000361,C000170,LV,checking,2026-09-18,247.29,USD,success,Bolt
T00005468,A000575,C000379,FI,credit,2026-09-18,117.96,GBP,success,Wolt
T00008518,A000150,C000299,SE,savings,2026-09-18,23.15,GBP,success,Netflix
T00003162,A000111,C000404,LT,credit,2026-09-18,470.18,GBP,success,Steam
T00003688,A000573,C000469,LV,savings,2026-09-18,206.54,GBP,success,Bolt
T00001329,A000380,C000362,FI,savings,2026-09-18,415.38,USD,success,IKEA
T00005779,A000573,C000469,LV,savings,2026-09-18,101.61,EUR,success,Tesco
T00002763,A000166,C000246,EE,credit,2026-09-18,499.28,GBP,success,Netflix
T00001593,A000630,C000049,LV,credit,2026-09-18,14.63,EUR,success,Amazon
T00009171,A000195,C000096,FI,checking,2026-09-18,103.66,USD,success,Wolt
T00009731,A000251,C000395,FI,savings,2026-09-18,365.02,GBP,success,Spotify
T00002683,A000631,C000304,SE,checking,2026-09-18,1.61,USD,success,Steam
T00009634,A000023,C000204,SE,credit,2026-09-18,452.38,GBP,success,Rimi
T00005101,A000740,C000194,LV,checking,2026-09-18,275.69,EUR,failed,Tesco
T00004243,A000007,C000101,EE,savings,2026-09-18,377.98,USD,failed,Rimi
T00001963,A000404,C000034,EE,credit,2026-09-18,438.14,USD,success,Amazon
T00001351,A000404,C000034,EE,credit,2026-09-18,301.02,USD,success,Wolt
T00007865,A000401,C000469,LV,savings,2026-09-18,109.58,USD,success,Spotify
T00002254,A000224,C000064,FI,checking,2026-09-18,60.07,USD,success,Spotify
T00000577,A000024,C000377,LV,checking,2026-09-18,273.43,GBP,success,Airbnb
T00008788,A000632,C000169,LV,savings,2026-09-18,282.58,EUR,success,Steam
T00007861,A000528,C000164,LT,credit,2026-09-18,274.27,GBP,success,Spotify
T00009896,A000721,C000105,FI,credit,2026-09-18,241.05,USD,success,Airbnb
T00003824,A000108,C000089,FI,checking,2026-09-18,206.86,USD,success,Amazon
T00003037,A000188,C000216,LV,savings,2026-09-18,467.01,GBP,success,IKEA
T00003259,A000634,C000114,EE,credit,2026-09-18,248.96,USD,success,Airbnb
T00003453,A000105,C000266,LV,savings,2026-09-18,86.29,GBP,success,Wolt
T00005282,A000395,C000193,EE,credit,2026-09-18,407.53,EUR,failed,Wolt
T00002618,A000568,C000300,LT,checking,2026-09-18,468.16,USD,success,Rimi
T00005922,A000225,C000298,LT,credit,2026-09-18,280.03,GBP,success,Rimi
T00008680,A000027,C000101,EE,checking,2026-09-18,366.25,USD,success,Steam
T00004676,A000027,C000101,EE,checking,2026-09-18,479.39,EUR,success,Bolt
T00008172,A000407,C000145,LV,savings,2026-09-18,182.50,EUR,success,Bolt
T00009647,A000638,C000085,LV,savings,2026-09-18,306.10,USD,success,Rimi
T00003809,A000027,C000101,EE,checking,2026-09-18,111.85,GBP,success,Netflix
T00003987,A000225,C000298,LT,credit,2026-09-18,222.37,EUR,success,IKEA
T00008281,A000102,C000395,FI,credit,2026-09-18,92.16,USD,success,Wolt
T00005047,A000481,C000416,FI,checking,2026-09-18,12.16,USD,success,Wolt
T00000513,A000639,C000321,SE,savings,2026-09-18,316.66,USD,success,Bolt
T00005675,A000071,C000374,SE,checking,2026-09-18,99.00,EUR,success,Airbnb
T00004042,A000394,C000070,LV,savings,2026-09-18,487.12,USD,success,Steam
T00004926,A000609,C000349,LT,checking,2026-09-18,267.39,USD,success,Wolt
T00007635,A000028,C000264,EE,checking,2026-09-18,188.31,USD,success,Tesco
T00005858,A000028,C000264,EE,checking,2026-09-18,392.57,EUR,success,Netflix
T00000324,A000257,C000243,LT,checking,2026-09-18,202.46,USD,success,Airbnb
T00003433,A000641,C000282,FI,credit,2026-09-18,302.80,USD,success,Wolt
T00004061,A000386,C000071,LV,credit,2026-09-18,132.40,GBP,success,Amazon
T00002816,A000028,C000264,EE,checking,2026-09-18,171.64,USD,success,Amazon
T00006378,A000479,C000350,SE,checking,2026-09-18,337.78,GBP,success,Tesco
T00000623,A000352,C000252,FI,credit,2026-09-18,87.50,EUR,success,Bolt
T00009150,A000479,C000350,SE,checking,2026-09-18,130.35,EUR,success,Airbnb
T00001390,A000410,C000047,LT,credit,2026-09-18,227.24,USD,success,Spotify
T00001019,A000714,C000017,FI,checking,2026-09-18,76.56,GBP,success,Airbnb
T00004040,A000714,C000017,FI,checking,2026-09-18,178.71,GBP,success,Amazon
T00001902,A000212,C000372,EE,checking,2026-09-18,77.62,USD,success,Tesco
T00001979,A000261,C000279,LT,credit,2026-09-18,487.26,GBP,success,Airbnb
T00001762,A000261,C000279,LT,credit,2026-09-18,416.20,GBP,success,Bolt
T00002846,A000644,C000136,LT,credit,2026-09-18,20.60,USD,success,Netflix
T00007163,A000394,C000070,LV,savings,2026-09-18,43.79,EUR,success,Netflix
T00003756,A000133,C000260,SE,checking,2026-09-18,356.40,USD,success,Amazon
T00004909,A000262,C000116,LV,checking,2026-09-18,336.89,EUR,success,Netflix
T00001958,A000412,C000155,EE,checking,2026-09-18,443.69,GBP,success,Netflix
T00008594,A000008,C000186,LT,checking,2026-09-18,377.54,USD,success,Wolt
T00000941,A000475,C000406,SE,credit,2026-09-18,241.08,GBP,success,Netflix
T00001793,A000150,C000299,SE,savings,2026-09-18,40.54,GBP,success,IKEA
T00007006,A000263,C000149,EE,checking,2026-09-18,314.79,GBP,success,Tesco
T00000724,A000150,C000299,SE,savings,2026-09-18,452.01,USD,success,Amazon
T00005310,A000713,C000354,EE,checking,2026-09-18,136.14,USD,success,Steam
T00004135,A000735,C000056,LT,checking,2026-09-18,20.37,GBP,success,Airbnb
T00008420,A000736,C000339,SE,checking,2026-09-18,305.48,USD,success,Steam
T00006995,A000748,C000148,LV,credit,2026-09-18,485.86,EUR,success,IKEA
T00004331,A000265,C000307,FI,checking,2026-09-18,315.20,EUR,failed,Amazon
T00008661,A000324,C000281,EE,credit,2026-09-18,363.98,EUR,success,Rimi
T00002710,A000414,C000427,SE,credit,2026-09-18,322.53,GBP,success,Spotify
T00009256,A000324,C000281,EE,credit,2026-09-18,428.55,EUR,success,IKEA
T00003534,A000033,C000071,LV,checking,2026-09-18,94.86,GBP,success,Tesco
T00007400,A000352,C000252,FI,credit,2026-09-18,332.24,USD,success,Rimi
T00000598,A000711,C000414,LT,credit,2026-09-18,97.14,EUR,success,Wolt
T00008872,A000648,C000165,LT,savings,2026-09-18,6.46,USD,success,Netflix
T00001824,A000354,C000009,FI,savings,2026-09-18,4.81,EUR,success,IKEA
T00007646,A000386,C000071,LV,credit,2026-09-18,339.01,USD,success,IKEA
T00001124,A000710,C000207,LT,checking,2026-09-18,130.73,USD,success,Steam
T00007943,A000266,C000426,LT,checking,2026-09-18,488.61,GBP,pending,Spotify
T00003569,A000093,C000126,FI,credit,2026-09-18,451.76,USD,success,Steam
T00006143,A000649,C000249,LV,credit,2026-09-18,247.42,USD,success,Spotify
T00007462,A000472,C000098,FI,checking,2026-09-18,335.64,GBP,success,Spotify
T00000072,A000649,C000249,LV,credit,2026-09-18,493.83,GBP,success,IKEA
T00006787,A000571,C000127,LT,savings,2026-09-18,261.20,EUR,success,Amazon
T00006267,A000091,C000293,SE,savings,2026-09-18,470.96,GBP,success,Bolt
T00001636,A000034,C000300,LT,savings,2026-09-18,459.13,USD,success,Spotify
T00006774,A000601,C000412,EE,savings,2026-09-18,221.10,GBP,success,Spotify
T00004071,A000035,C000221,FI,credit,2026-09-18,331.28,EUR,success,Netflix
T00001455,A000366,C000326,FI,checking,2026-09-18,397.69,EUR,success,Wolt
T00007399,A000012,C000455,LV,savings,2026-09-18,240.78,USD,success,Tesco
T00000262,A000347,C000423,FI,checking,2026-09-18,175.97,EUR,success,Wolt
T00009721,A000393,C000457,FI,savings,2026-09-18,76.66,USD,success,Amazon
T00004315,A000270,C000473,LT,checking,2026-09-18,61.17,EUR,success,Spotify
T00001174,A000652,C000067,SE,checking,2026-09-18,429.32,EUR,success,Spotify
T00007898,A000746,C000272,EE,savings,2026-09-18,300.21,GBP,success,Amazon
T00003239,A000735,C000056,LT,checking,2026-09-18,366.04,USD,success,IKEA
T00009469,A000271,C000436,LT,savings,2026-09-18,195.25,EUR,success,Wolt
T00009289,A000654,C000133,EE,savings,2026-09-18,420.37,USD,success,Bolt
T00004035,A000418,C000404,LT,credit,2026-09-18,439.28,USD,success,Rimi
T00005709,A000708,C000056,LT,savings,2026-09-18,31.27,USD,success,Tesco
T00009940,A000708,C000056,LT,savings,2026-09-18,29.07,EUR,success,Rimi
T00009493,A000512,C000400,SE,credit,2026-09-18,379.04,EUR,success,Steam
T00003179,A000510,C000184,EE,savings,2026-09-18,472.63,USD,success,Bolt
T00005220,A000086,C000301,LV,credit,2026-09-18,364.45,GBP,success,Airbnb
T00005058,A000655,C000309,EE,credit,2026-09-18,9.86,GBP,success,Airbnb
T00004404,A000656,C000491,EE,savings,2026-09-18,494.66,USD,success,Amazon
T00001774,A000011,C000150,FI,credit,2026-09-18,431.67,EUR,success,Wolt
T00005843,A000611,C000488,FI,savings,2026-09-18,365.85,USD,success,Amazon
T00008244,A000570,C000066,LV,checking,2026-09-18,343.69,EUR,success,Wolt
T00001623,A000228,C000061,EE,savings,2026-09-18,368.34,USD,success,Wolt
T00002095,A000381,C000074,LT,credit,2026-09-18,260.37,GBP,success,IKEA
T00009162,A000276,C000343,FI,credit,2026-09-18,423.06,USD,success,Steam
T00000694,A000368,C000259,SE,savings,2026-09-18,228.49,GBP,pending,Rimi
T00003830,A000420,C000121,LV,checking,2026-09-18,447.45,USD,success,Netflix
T00001691,A000038,C000401,SE,checking,2026-09-18,248.10,USD,success,Amazon
T00005683,A000341,C000004,LT,credit,2026-09-18,161.88,EUR,success,Rimi
T00003128,A000083,C000444,LT,credit,2026-09-18,204.17,GBP,success,Spotify
T00000750,A000553,C000317,EE,savings,2026-09-18,309.19,EUR,success,Wolt
T00001553,A000657,C000317,EE,checking,2026-09-18,318.52,EUR,success,Airbnb
T00004517,A000315,C000487,FI,savings,2026-09-18,352.15,EUR,success,Steam
T00006761,A000658,C000090,LV,credit,2026-09-18,134.49,USD,success,Airbnb
T00006240,A000367,C000072,FI,credit,2026-09-18,497.67,GBP,success,Steam
T00006288,A000010,C000282,FI,credit,2026-09-18,74.58,USD,success,Spotify
T00005151,A000460,C000414,LT,credit,2026-09-18,157.24,GBP,success,Bolt
T00000448,A000042,C000411,FI,savings,2026-09-18,245.71,USD,pending,IKEA
T00005721,A000078,C000215,FI,checking,2026-09-18,205.77,USD,success,Spotify
T00001740,A000146,C000255,FI,savings,2026-09-18,446.05,USD,success,Wolt
T00003937,A000280,C000069,LT,checking,2026-09-18,350.61,USD,success,Amazon
T00007054,A000661,C000028,SE,credit,2026-09-18,305.66,EUR,success,Tesco
T00006550,A000661,C000028,SE,credit,2026-09-18,149.37,USD,success,Amazon
T00009183,A000367,C000072,FI,credit,2026-09-18,422.95,GBP,success,Wolt
T00009613,A000698,C000387,LV,credit,2026-09-18,352.90,EUR,success,IKEA
T00003468,A000077,C000100,LT,savings,2026-09-18,317.34,USD,success,Airbnb
T00003751,A000046,C000002,LT,checking,2026-09-18,367.79,EUR,success,Tesco
T00006063,A000351,C000229,SE,credit,2026-09-18,443.35,USD,success,Netflix
T00004014,A000531,C000441,EE,credit,2026-09-18,155.77,USD,success,Steam
T00006335,A000697,C000381,LT,checking,2026-09-18,257.41,USD,success,Netflix
T00001263,A000665,C000077,FI,credit,2026-09-18,480.10,EUR,success,Amazon
T00008712,A000375,C000199,SE,credit,2026-09-18,78.56,GBP,success,Rimi
T00003356,A000612,C000050,EE,checking,2026-09-18,171.73,EUR,success,Airbnb
T00001168,A000312,C000272,EE,savings,2026-09-18,20.78,GBP,success,Rimi
T00000778,A000073,C000319,LV,savings,2026-09-18,245.59,EUR,success,Airbnb
T00007489,A000379,C000349,LT,credit,2026-09-17,113.31,GBP,success,Rimi
T00004805,A000146,C000255,FI,savings,2026-09-17,198.55,EUR,success,Spotify
T00002535,A000146,C000255,FI,savings,2026-09-17,348.73,GBP,success,Airbnb
T00001194,A000524,C000253,EE,savings,2026-09-17,297.64,USD,success,Spotify
T00008353,A000599,C000021,FI,credit,2026-09-17,34.78,USD,success,Rimi
T00006479,A000598,C000101,EE,credit,2026-09-17,229.84,EUR,success,Steam
T00006502,A000525,C000353,SE,savings,2026-09-17,29.95,USD,success,Airbnb
T00003039,A000148,C000078,FI,savings,2026-09-17,162.12,USD,success,Wolt
T00009560,A000149,C000211,FI,savings,2026-09-17,94.00,GBP,success,Spotify
T00001139,A000526,C000175,SE,credit,2026-09-17,417.58,GBP,success,Airbnb
T00009612,A000528,C000164,LT,credit,2026-09-17,331.86,USD,success,Airbnb
T00000255,A000594,C000172,LV,checking,2026-09-17,316.34,USD,success,Bolt
T00002765,A000334,C000117,EE,savings,2026-09-17,360.03,EUR,success,Spotify
T00004919,A000151,C000165,LT,credit,2026-09-17,132.42,GBP,success,Airbnb
T00002757,A000210,C000144,FI,savings,2026-09-17,454.89,EUR,success,Tesco
T00009654,A000593,C000065,EE,credit,2026-09-17,301.51,GBP,success,Steam
T00008582,A000020,C000063,EE,credit,2026-09-17,464.43,USD,success,Rimi
T00007771,A000152,C000416,FI,checking,2026-09-17,25.13,USD,success,Amazon
T00008839,A000210,C000144,FI,savings,2026-09-17,314.54,EUR,success,Netflix
T00009184,A000210,C000144,FI,savings,2026-09-17,330.43,EUR,success,Tesco
T00005257,A000364,C000196,LT,credit,2026-09-17,419.70,GBP,success,Rimi
T00001119,A000532,C000168,EE,checking,2026-09-17,409.04,USD,success,Bolt
T00009555,A000533,C000320,SE,credit,2026-09-17,83.06,GBP,success,Tesco
T00003399,A000533,C000320,SE,credit,2026-09-17,4.53,USD,success,Airbnb
T00007251,A000534,C000396,SE,checking,2026-09-17,247.26,GBP,success,Spotify
T00009180,A000208,C000189,FI,savings,2026-09-17,17.34,EUR,pending,Tesco
T00003750,A000534,C000396,SE,checking,2026-09-17,62.04,EUR,success,Airbnb
T00004884,A000588,C000392,SE,checking,2026-09-17,478.72,EUR,success,Airbnb
T00001779,A000587,C000005,FI,credit,2026-09-17,347.73,GBP,success,Wolt
T00002868,A000156,C000351,EE,credit,2026-09-17,396.41,EUR,success,IKEA
T00003417,A000334,C000117,EE,savings,2026-09-17,167.64,GBP,success,Airbnb
T00000601,A000536,C000199,SE,checking,2026-09-17,493.35,GBP,success,Steam
T00000173,A000536,C000199,SE,checking,2026-09-17,336.04,GBP,success,Steam
T00006507,A000160,C000003,LT,credit,2026-09-17,355.05,USD,success,Amazon
T00004819,A000537,C000130,EE,credit,2026-09-17,266.93,EUR,success,Wolt
T00008217,A000402,C000441,EE,savings,2026-09-17,375.64,EUR,success,Netflix
T00004461,A000160,C000003,LT,credit,2026-09-17,384.26,USD,pending,Steam
T00004407,A000365,C000392,SE,checking,2026-09-17,397.99,EUR,success,Rimi
T00002634,A000538,C000280,LT,credit,2026-09-17,215.36,GBP,success,Rimi
T00005946,A000724,C000411,FI,savings,2026-09-17,283.72,GBP,success,Spotify
T00001708,A000580,C000036,LV,credit,2026-09-17,174.64,USD,pending,Bolt
T00006465,A000022,C000343,FI,savings,2026-09-17,331.38,GBP,success,Netflix
T00002427,A000353,C000067,SE,credit,2026-09-17,132.73,USD,success,Spotify
T00007182,A000390,C000024,LV,savings,2026-09-17,224.72,USD,success,Airbnb
T00003788,A000198,C000225,FI,savings,2026-09-17,311.49,GBP,success,Rimi
T00001387,A000163,C000384,LT,savings,2026-09-17,226.33,USD,success,Spotify
T00007331,A000542,C000087,FI,credit,2026-09-17,436.18,EUR,success,Tesco
T00004572,A000403,C000250,LT,savings,2026-09-17,310.61,EUR,success,Netflix
T00000729,A000542,C000087,FI,credit,2026-09-17,375.48,EUR,success,Airbnb
T00003046,A000164,C000015,LT,savings,2026-09-17,144.00,GBP,success,Rimi
T00002817,A000196,C000326,FI,credit,2026-09-17,302.20,GBP,success,IKEA
T00006672,A000544,C000081,SE,checking,2026-09-17,3.66,USD,success,Amazon
T00000341,A000165,C000061,EE,credit,2026-09-17,60.21,GBP,success,Netflix
T00008569,A000575,C000379,FI,credit,2026-09-17,389.59,EUR,success,Netflix
T00002040,A000022,C000343,FI,savings,2026-09-17,361.18,USD,success,Rimi
T00005182,A000404,C000034,EE,credit,2026-09-17,137.86,EUR,success,Netflix
T00002283,A000172,C000459,LT,checking,2026-09-17,357.95,GBP,success,Airbnb
T00000400,A000380,C000362,FI,savings,2026-09-17,237.41,EUR,success,IKEA
T00009739,A000190,C000436,LT,savings,2026-09-17,101.84,USD,success,Netflix
T00009326,A000025,C000265,FI,checking,2026-09-17,183.88,EUR,success,Airbnb
T00009701,A000721,C000105,FI,credit,2026-09-17,280.80,GBP,success,Wolt
T00007817,A000720,C000001,SE,credit,2026-09-17,6.14,USD,success,Airbnb
T00008797,A000720,C000001,SE,credit,2026-09-17,410.47,GBP,success,IKEA
T00005680,A000568,C000300,LT,checking,2026-09-17,5.27,GBP,success,IKEA
T00001971,A000026,C000003,LT,checking,2026-09-17,161.21,GBP,success,Steam
T00007268,A000027,C000101,EE,checking,2026-09-17,72.59,GBP,success,Steam
T00001532,A000027,C000101,EE,checking,2026-09-17,319.39,GBP,success,Netflix
T00000881,A000027,C000101,EE,checking,2026-09-17,465.40,USD,success,Wolt
T00009513,A000408,C000018,LV,credit,2026-09-17,285.81,GBP,success,Steam
T00008003,A000328,C000142,FI,savings,2026-09-17,320.38,EUR,success,Rimi
T00002483,A000327,C000169,LV,savings,2026-09-17,429.44,USD,success,Rimi
T00005164,A000409,C000183,LT,checking,2026-09-17,169.90,USD,success,Amazon
T00004976,A000410,C000047,LT,credit,2026-09-17,490.70,EUR,success,Steam
T00001939,A000028,C000264,EE,checking,2026-09-17,372.88,EUR,success,Wolt
T00004894,A000029,C000223,EE,credit,2026-09-17,168.64,EUR,success,Netflix
T00006216,A000325,C000142,FI,savings,2026-09-17,284.47,USD,failed,Airbnb
T00000488,A000174,C000355,FI,savings,2026-09-17,64.65,GBP,success,Airbnb
T00006718,A000187,C000279,LT,savings,2026-09-17,30.09,EUR,success,Amazon
T00003881,A000413,C000307,FI,savings,2026-09-17,131.91,GBP,success,Airbnb
T00008367,A000175,C000224,SE,checking,2026-09-17,27.99,USD,success,Amazon
T00004770,A000323,C000315,LT,savings,2026-09-17,269.73,USD,success,Rimi
T00009534,A000710,C000207,LT,checking,2026-09-17,435.17,GBP,success,IKEA
T00001541,A000034,C000300,LT,savings,2026-09-17,224.46,USD,success,Wolt
T00002600,A000709,C000493,FI,savings,2026-09-17,100.64,EUR,success,Wolt
T00001961,A000707,C000086,SE,savings,2026-09-17,398.94,GBP,success,Tesco
T00001797,A000418,C000404,LT,credit,2026-09-17,80.56,USD,success,Rimi
T00002079,A000707,C000086,SE,savings,2026-09-17,367.27,EUR,success,Netflix
T00004959,A000565,C000045,FI,credit,2026-09-17,104.19,GBP,success,Bolt
T00004516,A000036,C000448,SE,checking,2026-09-17,209.86,USD,success,IKEA
T00002825,A000036,C000448,SE,checking,2026-09-17,148.65,EUR,success,Tesco
T00002210,A000036,C000448,SE,checking,2026-09-17,288.13,USD,success,Steam
T00006169,A000319,C000408,LT,savings,2026-09-17,496.11,EUR,success,Tesco
T00009287,A000706,C000417,LV,credit,2026-09-17,151.61,EUR,success,Tesco
T00000385,A000704,C000025,FI,savings,2026-09-17,293.45,EUR,success,Tesco
T00008746,A000704,C000025,FI,savings,2026-09-17,478.33,EUR,success,IKEA
T00005693,A000318,C000034,EE,credit,2026-09-17,206.25,USD,success,Bolt
T00007686,A000702,C000223,EE,checking,2026-09-17,240.01,EUR,success,Netflix
T00000869,A000043,C000241,LT,savings,2026-09-17,12.68,EUR,success,Rimi
T00002485,A000342,C000084,LT,credit,2026-09-17,183.57,USD,success,Amazon
T00008739,A000185,C000188,EE,credit,2026-09-17,123.00,EUR,success,IKEA
T00006567,A000351,C000229,SE,credit,2026-09-17,108.00,USD,success,Netflix
T00009146,A000313,C000285,LV,checking,2026-09-17,379.08,USD,success,Rimi
T00000305,A000696,C000126,FI,credit,2026-09-17,307.47,EUR,success,IKEA
T00001835,A000696,C000126,FI,credit,2026-09-17,149.42,EUR,failed,Tesco
T00008848,A000696,C000126,FI,credit,2026-09-17,185.29,GBP,success,Rimi
T00000700,A000554,C000236,LT,checking,2026-09-17,117.00,EUR,success,Wolt
T00005828,A000312,C000272,EE,savings,2026-09-17,313.12,EUR,success,Amazon
T00007269,A000049,C000140,LT,savings,2026-09-17,322.56,USD,success,Amazon
T00006513,A000049,C000140,LT,savings,2026-09-17,427.97,GBP,success,Netflix
T00000782,A000049,C000140,LT,savings,2026-09-17,199.69,USD,success,Bolt
T00007477,A000429,C000055,SE,checking,2026-09-17,408.06,USD,failed,Airbnb
T00005766,A000377,C000499,FI,savings,2026-09-17,254.08,GBP,failed,Spotify
T00001496,A000429,C000055,SE,checking,2026-09-17,338.29,USD,success,Amazon
T00001232,A000692,C000268,LT,credit,2026-09-17,88.86,USD,success,Rimi
T00004474,A000692,C000268,LT,credit,2026-09-17,464.93,EUR,success,Bolt
T00005800,A000430,C000225,FI,checking,2026-09-17,202.12,EUR,success,Spotify
T00008332,A000383,C000344,EE,credit,2026-09-17,359.01,USD,success,Wolt
T00000529,A000051,C000366,LV,savings,2026-09-17,412.32,USD,success,Bolt
T00009193,A000309,C000212,LV,credit,2026-09-17,363.84,EUR,success,Bolt
T00001654,A000690,C000278,FI,checking,2026-09-17,380.60,GBP,success,Amazon
T00003446,A000564,C000447,EE,checking,2026-09-17,269.82,GBP,success,Bolt
T00003501,A000555,C000379,FI,credit,2026-09-17,294.26,GBP,success,Tesco
T00003266,A000555,C000379,FI,credit,2026-09-17,17.10,EUR,success,Netflix
T00006853,A000307,C000231,LT,savings,2026-09-17,187.37,EUR,success,Rimi
T00003321,A000563,C000406,SE,savings,2026-09-17,480.94,USD,success,Steam
T00000236,A000555,C000379,FI,credit,2026-09-17,27.84,GBP,success,Amazon
T00006425,A000689,C000426,LT,credit,2026-09-17,86.40,USD,success,Rimi
T00006820,A000689,C000426,LT,credit,2026-09-17,92.54,EUR,success,Airbnb
T00007684,A000053,C000422,EE,savings,2026-09-17,317.37,GBP,success,Steam
T00009824,A000556,C000111,SE,checking,2026-09-17,127.23,USD,success,Tesco
T00001011,A000435,C000171,FI,credit,2026-09-17,41.19,GBP,success,Spotify
T00003000,A000304,C000494,SE,savings,2026-09-17,295.38,GBP,success,Spotify
T00007972,A000688,C000032,FI,credit,2026-09-17,321.10,USD,success,Spotify
T00005269,A000563,C000406,SE,savings,2026-09-17,480.67,EUR,success,Tesco
T00005963,A000302,C000393,LT,credit,2026-09-17,488.55,USD,success,Amazon
T00002218,A000747,C000422,EE,savings,2026-09-17,90.32,GBP,success,Bolt
T00006112,A000057,C000458,EE,credit,2026-09-17,238.86,EUR,success,Airbnb
T00002874,A000299,C000063,EE,savings,2026-09-17,32.34,GBP,success,Wolt
T00007197,A000060,C000199,SE,savings,2026-09-17,284.57,USD,success,IKEA
T00005764,A000557,C000003,LT,savings,2026-09-17,161.34,EUR,success,Amazon
T00002393,A000747,C000422,EE,savings,2026-09-17,285.53,GBP,success,Rimi
T00004800,A000681,C000355,FI,savings,2026-09-17,205.76,GBP,success,Airbnb
T00009763,A000297,C000186,LT,credit,2026-09-17,276.73,EUR,success,IKEA
T00006198,A000680,C000010,LT,credit,2026-09-17,191.13,USD,success,Wolt
T00001458,A000295,C000244,SE,checking,2026-09-17,259.96,EUR,success,Tesco
T00006415,A000061,C000348,SE,checking,2026-09-17,20.50,USD,success,Netflix
T00007078,A000680,C000010,LT,credit,2026-09-17,5.17,EUR,success,Tesco
T00003565,A000061,C000348,SE,checking,2026-09-17,322.86,USD,success,Spotify
T00008347,A000062,C000023,FI,credit,2026-09-17,377.30,GBP,success,Steam
T00007169,A000679,C000190,LT,savings,2026-09-17,211.60,USD,success,Steam
T00009827,A000294,C000125,EE,credit,2026-09-17,346.14,EUR,success,Amazon
T00007758,A000679,C000190,LT,savings,2026-09-17,143.42,GBP,success,Airbnb
T00008484,A000448,C000129,SE,savings,2026-09-17,119.94,EUR,failed,Wolt
T00004968,A000678,C000325,LT,savings,2026-09-17,22.35,GBP,success,Rimi
T00005422,A000678,C000325,LT,savings,2026-09-17,399.43,EUR,success,Tesco
T00003510,A000062,C000023,FI,credit,2026-09-17,75.76,USD,success,Spotify
T00003998,A000561,C000129,SE,checking,2026-09-17,150.72,EUR,success,IKEA
T00002053,A000448,C000129,SE,savings,2026-09-17,498.78,GBP,success,Steam
T00002378,A000675,C000482,LT,credit,2026-09-17,325.59,EUR,success,Wolt
T00006325,A000290,C000478,LT,savings,2026-09-17,258.94,USD,success,Bolt
T00001552,A000449,C000052,FI,checking,2026-09-17,206.86,USD,success,Airbnb
T00007894,A000180,C000163,LV,credit,2026-09-17,145.97,EUR,success,Steam
T00000171,A000674,C000256,FI,savings,2026-09-17,29.26,EUR,success,Airbnb
T00001925,A000289,C000442,LV,savings,2026-09-17,436.15,EUR,success,Amazon
T00008851,A000559,C000499,FI,checking,2026-09-17,307.45,GBP,success,IKEA
T00001540,A000008,C000186,LT,checking,2026-09-17,212.35,EUR,success,IKEA
T00005302,A000451,C000268,LT,savings,2026-09-17,89.48,GBP,success,Bolt
T00005599,A000288,C000038,SE,credit,2026-09-17,179.64,EUR,success,Tesco
T00000143,A000004,C000410,LT,credit,2026-09-17,346.95,EUR,success,Rimi
T00002084,A000068,C000281,EE,credit,2026-09-17,208.17,EUR,success,IKEA
T00006093,A000070,C000191,FI,savings,2026-09-17,18.38,GBP,success,Wolt
T00009637,A000736,C000339,SE,checking,2026-09-17,335.04,GBP,success,Steam
T00008804,A000736,C000339,SE,checking,2026-09-17,466.79,EUR,success,Bolt
T00007014,A000375,C000199,SE,credit,2026-09-17,435.81,EUR,success,Steam
T00006848,A000073,C000319,LV,savings,2026-09-17,85.59,USD,success,Wolt
T00003700,A000341,C000004,LT,credit,2026-09-17,151.11,EUR,success,Steam
T00005148,A000282,C000168,EE,savings,2026-09-17,171.49,GBP,success,Bolt
T00000980,A000456,C000146,SE,credit,2026-09-17,17.98,USD,success,Spotify
T00007354,A000391,C000096,FI,savings,2026-09-17,123.42,USD,success,Rimi
T00006089,A000664,C000319,LV,checking,2026-09-17,223.02,EUR,success,Wolt
T00004704,A000001,C000399,SE,savings,2026-09-17,114.62,USD,success,Spotify
T00000752,A000458,C000037,EE,checking,2026-09-17,417.74,USD,success,Wolt
T00005593,A000281,C000279,LT,savings,2026-09-17,174.77,USD,success,Spotify
T00005143,A000280,C000069,LT,checking,2026-09-17,481.21,EUR,success,Airbnb
T00006984,A000460,C000414,LT,credit,2026-09-17,152.45,EUR,success,IKEA
T00005531,A000460,C000414,LT,credit,2026-09-17,329.37,GBP,success,Airbnb
T00006336,A000279,C000246,EE,credit,2026-09-17,90.26,EUR,failed,Rimi
T00004286,A000010,C000282,FI,credit,2026-09-17,141.45,GBP,success,Bolt
T00002345,A000461,C000430,LV,savings,2026-09-17,241.13,GBP,success,Wolt
T00004752,A000083,C000444,LT,credit,2026-09-17,57.67,EUR,success,Airbnb
T00006926,A000464,C000204,SE,savings,2026-09-17,395.04,GBP,success,Wolt
T00001208,A000656,C000491,EE,savings,2026-09-17,93.27,EUR,failed,Netflix
T00008893,A000465,C000174,LV,checking,2026-09-17,400.17,GBP,success,Airbnb
T00003169,A000392,C000010,LT,credit,2026-09-17,427.95,USD,success,Bolt
T00009093,A000085,C000276,LT,credit,2026-09-17,215.07,GBP,success,Steam
T00006488,A000086,C000301,LV,credit,2026-09-17,285.25,EUR,success,Wolt
T00004269,A000654,C000133,EE,savings,2026-09-17,388.30,GBP,success,Wolt
T00007294,A000087,C000270,FI,credit,2026-09-17,468.79,EUR,failed,Steam
T00008600,A000654,C000133,EE,savings,2026-09-17,387.59,USD,success,Wolt
T00009918,A000654,C000133,EE,savings,2026-09-17,85.45,EUR,success,Airbnb
T00006715,A000090,C000034,EE,checking,2026-09-17,28.82,EUR,success,Wolt
T00003749,A000092,C000134,FI,checking,2026-09-17,17.07,EUR,success,Wolt
T00002349,A000648,C000165,LT,savings,2026-09-17,19.30,GBP,failed,Spotify
T00007237,A000648,C000165,LT,savings,2026-09-17,394.60,EUR,success,IKEA
T00001346,A000473,C000270,FI,savings,2026-09-17,443.15,EUR,success,Tesco
T00000077,A000647,C000264,EE,credit,2026-09-17,70.67,EUR,success,Bolt
T00001031,A000262,C000116,LV,checking,2026-09-17,405.38,USD,success,Amazon
T00001715,A000646,C000142,FI,checking,2026-09-17,388.72,EUR,success,Spotify
T00009061,A000096,C000245,LV,savings,2026-09-17,144.35,USD,success,Rimi
T00003744,A000262,C000116,LV,checking,2026-09-17,341.85,GBP,success,Spotify
T00007625,A000477,C000182,SE,checking,2026-09-17,108.87,GBP,success,Amazon
T00009383,A000262,C000116,LV,checking,2026-09-17,36.14,GBP,success,Steam
T00001780,A000477,C000182,SE,checking,2026-09-17,413.95,GBP,success,Rimi
T00002565,A000098,C000234,LV,credit,2026-09-17,497.94,EUR,success,Rimi
T00001381,A000259,C000350,SE,savings,2026-09-17,335.74,EUR,success,Bolt
T00003850,A000479,C000350,SE,checking,2026-09-17,426.28,GBP,failed,Amazon
T00008630,A000191,C000363,LT,savings,2026-09-17,249.04,USD,success,Bolt
T00002592,A000479,C000350,SE,checking,2026-09-17,100.92,GBP,success,Spotify
T00000156,A000479,C000350,SE,checking,2026-09-17,475.51,GBP,success,Airbnb
T00009755,A000099,C000455,LV,checking,2026-09-17,1.68,USD,success,Amazon
T00005394,A000641,C000282,FI,credit,2026-09-17,474.31,EUR,success,Amazon
T00001103,A000480,C000113,LV,checking,2026-09-17,208.71,EUR,success,Netflix
T00008423,A000481,C000416,FI,checking,2026-09-17,336.89,USD,success,Spotify
T00006468,A000339,C000345,EE,credit,2026-09-17,246.49,GBP,success,Tesco
T00007587,A000013,C000282,FI,savings,2026-09-17,52.81,USD,success,Airbnb
T00004393,A000361,C000170,LV,checking,2026-09-17,324.00,GBP,success,Wolt
T00004789,A000255,C000384,LT,checking,2026-09-17,79.04,EUR,success,IKEA
T00008942,A000483,C000269,SE,savings,2026-09-17,21.07,EUR,success,Airbnb
T00006401,A000732,C000382,LT,credit,2026-09-17,233.64,EUR,success,Wolt
T00009357,A000014,C000402,LT,checking,2026-09-17,117.56,GBP,success,IKEA
T00008996,A000395,C000193,EE,credit,2026-09-17,171.44,EUR,success,Amazon
T00005914,A000485,C000457,FI,credit,2026-09-17,453.10,USD,success,Spotify
T00004953,A000487,C000454,EE,savings,2026-09-17,355.55,GBP,success,IKEA
T00001102,A000632,C000169,LV,savings,2026-09-17,188.87,GBP,success,Bolt
T00005454,A000251,C000395,FI,savings,2026-09-17,229.73,GBP,success,Airbnb
T00004553,A000731,C000068,FI,checking,2026-09-17,251.02,USD,success,Netflix
T00008929,A000251,C000395,FI,savings,2026-09-17,419.18,GBP,success,Netflix
T00005087,A000630,C000049,LV,credit,2026-09-17,403.60,USD,success,Netflix
T00005277,A000248,C000451,EE,savings,2026-09-17,300.21,USD,success,Amazon
T00007079,A000248,C000451,EE,savings,2026-09-17,462.78,GBP,success,Spotify
T00005131,A000246,C000380,FI,checking,2026-09-17,276.42,GBP,success,Amazon
T00004554,A000494,C000248,FI,savings,2026-09-17,304.41,USD,success,Wolt
T00004132,A000245,C000241,LT,savings,2026-09-17,111.19,EUR,success,Steam
T00007569,A000362,C000043,LT,credit,2026-09-17,147.88,EUR,success,Rimi
T00006962,A000116,C000432,FI,credit,2026-09-17,310.44,USD,success,Rimi
T00009946,A000244,C000451,EE,savings,2026-09-17,110.44,USD,success,Netflix
T00004918,A000497,C000285,LV,savings,2026-09-17,488.89,USD,success,Steam
T00001992,A000623,C000173,LV,credit,2026-09-17,430.06,GBP,success,Tesco
T00005107,A000240,C000059,LT,savings,2026-09-17,278.13,GBP,success,Wolt
T00006248,A000240,C000059,LT,savings,2026-09-17,396.96,EUR,success,Bolt
T00004709,A000622,C000362,FI,savings,2026-09-17,81.63,EUR,success,Amazon
T00009332,A000622,C000362,FI,savings,2026-09-17,49.12,EUR,success,Amazon
T00004758,A000237,C000435,FI,savings,2026-09-17,329.69,USD,success,Bolt
T00006916,A000501,C000351,EE,checking,2026-09-17,102.07,USD,success,Amazon
T00002390,A000501,C000351,EE,checking,2026-09-17,238.04,EUR,success,Bolt
T00001856,A000397,C000474,EE,checking,2026-09-17,361.99,EUR,failed,Amazon
T00008506,A000620,C000014,LV,savings,2026-09-17,304.39,GBP,success,Netflix
T00006938,A000502,C000147,LV,checking,2026-09-17,74.36,USD,success,IKEA
T00004866,A000618,C000434,LT,credit,2026-09-17,254.08,EUR,success,Airbnb
T00001817,A000235,C000129,SE,savings,2026-09-17,196.75,GBP,success,Airbnb
T00007549,A000125,C000268,LT,checking,2026-09-17,48.26,USD,success,Spotify
T00005787,A000235,C000129,SE,savings,2026-09-17,370.37,EUR,success,Tesco
T00009435,A000618,C000434,LT,credit,2026-09-17,286.04,USD,success,Rimi
T00009673,A000617,C000304,SE,savings,2026-09-17,195.53,GBP,success,Steam
T00003048,A000616,C000032,FI,savings,2026-09-17,223.77,EUR,success,Wolt
T00006317,A000616,C000032,FI,savings,2026-09-17,252.33,EUR,success,Steam
T00003988,A000505,C000121,LV,checking,2026-09-17,302.26,USD,success,IKEA
T00006395,A000233,C000072,FI,credit,2026-09-17,480.09,EUR,success,Spotify
T00004196,A000128,C000046,LV,credit,2026-09-17,144.89,EUR,success,Airbnb
T00009662,A000129,C000037,EE,checking,2026-09-17,276.84,GBP,success,Bolt
T00000437,A000729,C000051,FI,checking,2026-09-17,453.91,GBP,success,Tesco
T00004638,A000613,C000401,SE,checking,2026-09-17,388.00,GBP,failed,Steam
T00001293,A000130,C000173,LV,savings,2026-09-17,175.99,USD,success,Rimi
T00008128,A000003,C000098,FI,savings,2026-09-17,424.52,USD,success,Wolt
T00006258,A000229,C000208,FI,savings,2026-09-17,181.45,EUR,success,Rimi
T00008567,A000510,C000184,EE,savings,2026-09-17,242.39,GBP,success,Netflix
T00000453,A000227,C000260,SE,credit,2026-09-17,146.72,GBP,success,Amazon
T00007713,A000611,C000488,FI,savings,2026-09-17,443.21,GBP,success,Airbnb
T00008410,A000227,C000260,SE,credit,2026-09-17,322.52,GBP,success,Bolt
T00001633,A000739,C000420,FI,credit,2026-09-17,116.45,USD,success,Amazon
T00003567,A000729,C000051,FI,checking,2026-09-17,106.43,GBP,success,Airbnb
T00005197,A000137,C000007,FI,credit,2026-09-17,124.70,EUR,failed,Tesco
T00002926,A000514,C000251,LV,credit,2026-09-17,490.53,GBP,success,IKEA
T00008396,A000729,C000051,FI,checking,2026-09-17,358.42,USD,success,Amazon
T00005158,A000224,C000064,FI,checking,2026-09-17,16.25,EUR,success,Wolt
T00001120,A000606,C000317,EE,checking,2026-09-17,46.41,GBP,success,Spotify
T00000857,A000345,C000257,EE,credit,2026-09-17,132.17,USD,success,Bolt
T00009786,A000224,C000064,FI,checking,2026-09-17,216.07,USD,success,IKEA
T00001472,A000223,C000070,LV,savings,2026-09-17,247.03,USD,success,IKEA
T00001948,A000605,C000109,SE,credit,2026-09-17,452.40,EUR,success,Tesco
T00007557,A000517,C000338,SE,credit,2026-09-17,491.61,EUR,success,Steam
T00002310,A000517,C000338,SE,credit,2026-09-17,464.23,EUR,success,Rimi
T00004536,A000221,C000452,SE,savings,2026-09-17,273.38,USD,success,Rimi
T00000558,A000518,C000399,SE,savings,2026-09-17,366.37,USD,pending,Wolt
T00006947,A000740,C000194,LV,checking,2026-09-17,312.08,EUR,success,Rimi
T00004112,A000601,C000412,EE,savings,2026-09-17,305.77,USD,success,Amazon
T00009676,A000193,C000210,LV,checking,2026-09-17,147.05,EUR,success,Rimi
T00006073,A000601,C000412,EE,savings,2026-09-17,32.18,EUR,success,Netflix
T00006732,A000520,C000489,EE,checking,2026-09-17,47.22,USD,success,Steam
T00003815,A000145,C000160,LT,credit,2026-09-17,341.13,USD,success,IKEA
T00001815,A000600,C000488,FI,savings,2026-09-17,138.49,USD,success,Tesco
T00000167,A000599,C000021,FI,credit,2026-09-17,256.60,EUR,success,Bolt
T00004552,A000172,C000459,LT,checking,2026-09-17,40.85,USD,success,Spotify
T00007389,A000146,C000255,FI,savings,2026-09-17,267.00,EUR,success,IKEA
T00005793,A000335,C000275,LV,savings,2026-09-17,466.09,USD,success,IKEA
T00007757,A000262,C000116,LV,checking,2026-09-16,295.44,GBP,success,Netflix
T00002893,A000540,C000482,LT,savings,2026-09-16,237.04,EUR,success,Amazon
T00006647,A000645,C000018,LV,checking,2026-09-16,389.50,EUR,success,Netflix
T00001243,A000559,C000499,FI,checking,2026-09-16,158.82,USD,success,Airbnb
T00002882,A000387,C000493,FI,checking,2026-09-16,90.98,GBP,success,Bolt
T00000976,A000310,C000371,EE,savings,2026-09-16,62.55,USD,success,Bolt
T00005988,A000030,C000218,SE,checking,2026-09-16,321.92,EUR,success,Amazon
T00001201,A000167,C000094,SE,checking,2026-09-16,268.70,USD,success,Steam
T00004327,A000097,C000291,LT,savings,2026-09-16,70.04,EUR,success,Bolt
T00000233,A000050,C000449,FI,checking,2026-09-16,95.14,EUR,success,Wolt
T00009165,A000098,C000234,LV,credit,2026-09-16,412.42,USD,success,Spotify
T00009290,A000030,C000218,SE,checking,2026-09-16,258.24,EUR,success,Wolt
T00009158,A000061,C000348,SE,checking,2026-09-16,194.98,USD,success,Amazon
T00008321,A000117,C000141,SE,savings,2026-09-16,221.16,GBP,pending,Bolt
T00000938,A000477,C000182,SE,checking,2026-09-16,82.12,EUR,success,Tesco
T00003057,A000296,C000361,EE,credit,2026-09-16,225.66,EUR,success,Netflix
T00003051,A000673,C000446,LV,savings,2026-09-16,148.02,GBP,success,Spotify
T00001724,A000723,C000438,LT,credit,2026-09-16,181.62,EUR,failed,Wolt
T00003100,A000723,C000438,LT,credit,2026-09-16,35.85,EUR,success,Bolt
T00006221,A000599,C000021,FI,credit,2026-09-16,458.42,USD,success,Netflix
T00000377,A000557,C000003,LT,savings,2026-09-16,421.58,EUR,success,Spotify
T00002248,A000244,C000451,EE,savings,2026-09-16,116.22,GBP,success,Spotify
T00001646,A000028,C000264,EE,checking,2026-09-16,415.74,GBP,success,Netflix
T00004916,A000045,C000130,EE,savings,2026-09-16,483.15,USD,success,Spotify
T00006142,A000137,C000007,FI,credit,2026-09-16,268.94,USD,pending,Netflix
T00000968,A000478,C000362,FI,checking,2026-09-16,291.67,GBP,success,Airbnb
T00002750,A000015,C000110,FI,savings,2026-09-16,296.10,USD,success,IKEA
T00009188,A000375,C000199,SE,credit,2026-09-16,297.32,GBP,failed,IKEA
T00007416,A000642,C000109,SE,credit,2026-09-16,276.80,GBP,success,Tesco
T00001986,A000625,C000311,EE,savings,2026-09-16,360.66,USD,success,Bolt
T00007061,A000245,C000241,LT,savings,2026-09-16,234.14,USD,success,Netflix
T00006678,A000245,C000241,LT,savings,2026-09-16,101.12,USD,success,Airbnb
T00000637,A000313,C000285,LV,checking,2026-09-16,487.85,GBP,success,Spotify
T00007188,A000342,C000084,LT,credit,2026-09-16,493.72,GBP,success,IKEA
T00009159,A000004,C000410,LT,credit,2026-09-16,494.10,USD,success,IKEA
T00003603,A000115,C000015,LT,checking,2026-09-16,118.73,GBP,success,Bolt
T00001185,A000641,C000282,FI,credit,2026-09-16,244.69,EUR,success,Spotify
T00000986,A000597,C000361,EE,savings,2026-09-16,322.28,GBP,success,Rimi
T00007856,A000494,C000248,FI,savings,2026-09-16,418.42,USD,success,Rimi
T00008673,A000367,C000072,FI,credit,2026-09-16,6.94,GBP,success,Steam
T00007007,A000727,C000175,SE,savings,2026-09-16,473.86,EUR,success,Steam
T00009539,A000197,C000147,LV,credit,2026-09-16,16.84,GBP,success,Spotify
T00001135,A000493,C000053,EE,savings,2026-09-16,114.29,GBP,success,Spotify
T00006117,A000288,C000038,SE,credit,2026-09-16,48.45,USD,success,Airbnb
T00000531,A000313,C000285,LV,checking,2026-09-16,113.39,GBP,success,Rimi
T00006002,A000004,C000410,LT,credit,2026-09-16,181.80,USD,pending,IKEA
T00005222,A000699,C000034,EE,savings,2026-09-16,136.02,EUR,success,Airbnb
T00006570,A000192,C000051,FI,credit,2026-09-16,96.59,GBP,success,Rimi
T00009538,A000165,C000061,EE,credit,2026-09-16,104.03,GBP,success,IKEA
T00003535,A000008,C000186,LT,checking,2026-09-16,428.18,GBP,success,Bolt
T00006436,A000028,C000264,EE,checking,2026-09-16,23.83,USD,success,Netflix
T00000515,A000112,C000102,LT,credit,2026-09-16,266.09,EUR,success,IKEA
T00006735,A000681,C000355,FI,savings,2026-09-16,470.36,GBP,success,Tesco
T00001027,A000337,C000239,LV,credit,2026-09-16,225.36,USD,pending,Airbnb
T00002787,A000354,C000009,FI,savings,2026-09-16,340.60,EUR,success,Netflix
T00008956,A000336,C000114,EE,credit,2026-09-16,216.37,GBP,success,IKEA
T00002226,A000660,C000298,LT,savings,2026-09-16,254.80,GBP,success,Amazon
T00002353,A000196,C000326,FI,credit,2026-09-16,96.34,EUR,success,Tesco
T00000465,A000027,C000101,EE,checking,2026-09-16,56.37,USD,success,Spotify
T00007850,A000165,C000061,EE,credit,2026-09-16,250.24,EUR,success,Amazon
T00000846,A000027,C000101,EE,checking,2026-09-16,208.80,EUR,success,Tesco
T00000880,A000222,C000118,LT,savings,2026-09-16,428.19,GBP,success,Spotify
T00001081,A000396,C000007,FI,credit,2026-09-16,364.90,USD,success,Netflix
T00005449,A000280,C000069,LT,checking,2026-09-16,14.29,USD,success,Amazon
T00006245,A000681,C000355,FI,savings,2026-09-16,287.38,EUR,success,Wolt
T00003167,A000593,C000065,EE,credit,2026-09-16,135.18,GBP,success,Airbnb
T00001944,A000165,C000061,EE,credit,2026-09-16,32.36,GBP,success,Airbnb
T00007967,A000460,C000414,LT,credit,2026-09-16,352.78,EUR,success,Wolt
T00004292,A000681,C000355,FI,savings,2026-09-16,202.58,USD,success,IKEA
T00004421,A000544,C000081,SE,checking,2026-09-16,208.98,EUR,success,IKEA
T00004354,A000608,C000210,LV,savings,2026-09-16,222.24,GBP,success,Rimi
T00002616,A000407,C000145,LV,savings,2026-09-16,195.72,EUR,success,Steam
T00009806,A000741,C000250,LT,credit,2026-09-16,58.46,USD,success,Rimi
T00003929,A000407,C000145,LV,savings,2026-09-16,496.99,USD,success,Amazon
T00004483,A000491,C000422,EE,credit,2026-09-16,440.07,EUR,success,Steam
T00002530,A000195,C000096,FI,checking,2026-09-16,361.16,EUR,failed,Airbnb
T00000267,A000255,C000384,LT,checking,2026-09-16,184.50,USD,success,Wolt
T00005608,A000630,C000049,LV,credit,2026-09-16,104.25,EUR,success,IKEA
T00003976,A000490,C000384,LT,savings,2026-09-16,139.02,GBP,success,Amazon
T00009890,A000693,C000424,EE,checking,2026-09-16,302.59,USD,failed,Amazon
T00004539,A000490,C000384,LT,savings,2026-09-16,360.40,USD,success,Tesco
T00006671,A000280,C000069,LT,checking,2026-09-16,366.66,EUR,success,IKEA
T00003855,A000361,C000170,LV,checking,2026-09-16,387.61,GBP,success,Airbnb
T00000988,A000557,C000003,LT,savings,2026-09-16,393.77,GBP,success,Tesco
T00005981,A000167,C000094,SE,checking,2026-09-16,333.14,EUR,success,Steam
T00000584,A000290,C000478,LT,savings,2026-09-16,202.82,USD,failed,Steam
T00005936,A000255,C000384,LT,checking,2026-09-16,499.18,GBP,success,Tesco
T00008914,A000255,C000384,LT,checking,2026-09-16,265.85,EUR,success,Spotify
T00004650,A000745,C000012,LV,savings,2026-09-16,304.04,GBP,success,Spotify
T00001080,A000013,C000282,FI,savings,2026-09-16,150.73,USD,success,Wolt
T00002492,A000428,C000475,FI,savings,2026-09-16,367.47,EUR,success,Bolt
T00006333,A000254,C000118,LT,savings,2026-09-16,43.68,GBP,success,Rimi
T00004084,A000483,C000269,SE,savings,2026-09-16,60.33,EUR,success,Rimi
T00005773,A000366,C000326,FI,checking,2026-09-16,460.73,EUR,pending,Wolt
T00007591,A000689,C000426,LT,credit,2026-09-16,463.76,GBP,success,Steam
T00009142,A000638,C000085,LV,savings,2026-09-16,355.49,USD,success,Rimi
T00003980,A000297,C000186,LT,credit,2026-09-16,117.18,USD,success,Netflix
T00002638,A000517,C000338,SE,credit,2026-09-16,274.55,GBP,success,IKEA
T00005961,A000700,C000205,SE,checking,2026-09-16,258.25,GBP,failed,IKEA
T00000388,A000380,C000362,FI,savings,2026-09-16,479.33,USD,success,Netflix
T00000003,A000214,C000361,EE,savings,2026-09-16,466.72,USD,success,Steam
T00000844,A000141,C000170,LV,savings,2026-09-16,151.04,EUR,success,Amazon
T00008781,A000332,C000225,FI,checking,2026-09-16,282.48,USD,failed,Amazon
T00008831,A000309,C000212,LV,credit,2026-09-16,350.51,GBP,success,Amazon
T00007229,A000364,C000196,LT,credit,2026-09-16,146.73,USD,success,Wolt
T00006899,A000330,C000365,FI,savings,2026-09-16,391.23,GBP,success,IKEA
T00007315,A000079,C000205,SE,savings,2026-09-16,250.18,GBP,success,Tesco
T00006905,A000488,C000232,SE,savings,2026-09-16,150.44,EUR,success,Tesco
T00004384,A000079,C000205,SE,savings,2026-09-16,107.84,EUR,success,Tesco
T00006047,A000405,C000020,LV,savings,2026-09-16,213.42,EUR,success,IKEA
T00003966,A000188,C000216,LV,savings,2026-09-16,377.00,USD,success,Spotify
T00001154,A000399,C000098,FI,credit,2026-09-16,160.54,USD,success,Netflix
T00009972,A000109,C000371,EE,savings,2026-09-16,424.93,GBP,failed,Netflix
T00004045,A000344,C000116,LV,savings,2026-09-16,219.19,USD,success,Wolt
T00005005,A000330,C000365,FI,savings,2026-09-16,490.87,EUR,success,Wolt
T00008309,A000071,C000374,SE,checking,2026-09-16,489.92,GBP,success,Steam
T00001943,A000454,C000061,EE,credit,2026-09-16,30.01,EUR,success,Netflix
T00008585,A000105,C000266,LV,savings,2026-09-16,66.17,USD,success,Netflix
T00001435,A000633,C000132,EE,credit,2026-09-16,132.20,EUR,success,Spotify
T00003250,A000188,C000216,LV,savings,2026-09-16,95.06,USD,success,Airbnb
T00002646,A000355,C000087,FI,credit,2026-09-16,266.45,EUR,success,Rimi
T00006500,A000659,C000129,SE,savings,2026-09-16,312.83,GBP,success,Airbnb
T00008829,A000691,C000237,EE,checking,2026-09-16,335.17,USD,success,Amazon
T00001265,A000252,C000486,FI,checking,2026-09-16,453.84,USD,success,Steam
T00008508,A000736,C000339,SE,checking,2026-09-16,71.84,USD,success,Wolt
T00004105,A000252,C000486,FI,checking,2026-09-16,440.50,USD,success,Amazon
T00009678,A000026,C000003,LT,checking,2026-09-16,411.07,EUR,success,Wolt
T00003692,A000731,C000068,FI,checking,2026-09-16,290.57,GBP,success,Spotify
T00006747,A000737,C000283,SE,savings,2026-09-16,199.30,EUR,success,Spotify
T00005763,A000383,C000344,EE,credit,2026-09-16,110.97,GBP,success,Steam
T00000579,A000145,C000160,LT,credit,2026-09-16,270.44,GBP,success,Steam
T00009228,A000080,C000362,FI,credit,2026-09-16,434.24,USD,success,Tesco
T00005801,A000682,C000075,EE,checking,2026-09-16,456.75,USD,success,Spotify
T00001645,A000053,C000422,EE,savings,2026-09-16,131.76,GBP,pending,Rimi
T00004952,A000521,C000480,EE,credit,2026-09-16,178.22,EUR,success,Amazon
T00001147,A000041,C000005,FI,credit,2026-09-16,67.99,GBP,success,Amazon
T00008966,A000382,C000013,LV,credit,2026-09-16,258.89,USD,success,Wolt
T00008341,A000668,C000344,EE,checking,2026-09-16,363.22,EUR,success,Wolt
T00007359,A000311,C000368,EE,savings,2026-09-16,203.02,EUR,success,Spotify
T00008957,A000701,C000305,LT,checking,2026-09-16,81.94,USD,success,Amazon
T00002598,A000183,C000357,FI,savings,2026-09-16,273.29,EUR,pending,Bolt
T00002777,A000315,C000487,FI,savings,2026-09-16,194.12,EUR,success,Rimi
T00000861,A000687,C000441,EE,credit,2026-09-16,484.72,USD,success,Airbnb
T00006441,A000557,C000003,LT,savings,2026-09-16,335.75,EUR,success,Tesco
T00001914,A000422,C000495,LV,checking,2026-09-16,423.12,USD,success,Amazon
T00005903,A000277,C000159,SE,credit,2026-09-16,234.64,EUR,success,Steam
T00009103,A000683,C000361,EE,checking,2026-09-16,434.75,GBP,success,Spotify
T00003366,A000462,C000250,LT,checking,2026-09-16,248.46,GBP,success,Amazon
T00001369,A000398,C000191,FI,checking,2026-09-16,491.78,USD,success,Bolt
T00009425,A000691,C000237,EE,checking,2026-09-16,466.55,EUR,success,Airbnb
T00001165,A000317,C000284,FI,checking,2026-09-16,202.64,USD,success,Bolt
T00006876,A000176,C000432,FI,savings,2026-09-16,395.91,GBP,success,Bolt
T00000859,A000667,C000198,FI,credit,2026-09-16,167.56,EUR,success,Airbnb
T00009627,A000677,C000174,LV,checking,2026-09-16,27.96,USD,success,Bolt
T00002406,A000529,C000290,EE,savings,2026-09-16,138.70,GBP,success,Steam
T00006758,A000463,C000116,LV,checking,2026-09-16,244.89,EUR,success,Netflix
T00003126,A000083,C000444,LT,credit,2026-09-16,368.72,EUR,success,Amazon
T00005625,A000703,C000175,SE,credit,2026-09-16,142.38,GBP,success,Steam
T00005089,A000463,C000116,LV,checking,2026-09-16,133.27,USD,success,Netflix
T00006701,A000276,C000343,FI,credit,2026-09-16,453.25,GBP,success,Steam
T00008109,A000059,C000415,SE,credit,2026-09-16,141.41,USD,success,Amazon
T00002398,A000038,C000401,SE,checking,2026-09-16,31.85,USD,success,Spotify
T00008446,A000529,C000290,EE,savings,2026-09-16,176.51,USD,success,Bolt
T00008212,A000599,C000021,FI,credit,2026-09-16,378.69,EUR,success,Steam
T00001073,A000350,C000344,EE,savings,2026-09-16,480.98,EUR,success,Netflix
T00009727,A000059,C000415,SE,credit,2026-09-16,250.72,GBP,success,Rimi
T00009350,A000227,C000260,SE,credit,2026-09-16,386.73,GBP,success,Amazon
T00002738,A000184,C000266,LV,savings,2026-09-16,204.72,EUR,success,Bolt
T00009274,A000350,C000344,EE,savings,2026-09-16,37.32,GBP,success,IKEA
T00000432,A000062,C000023,FI,credit,2026-09-16,19.61,USD,success,Steam
T00001794,A000595,C000231,LT,checking,2026-09-16,9.43,EUR,success,Bolt
T00002477,A000666,C000386,SE,checking,2026-09-16,294.97,EUR,success,Spotify
T00006107,A000006,C000455,LV,checking,2026-09-16,253.45,GBP,success,Bolt
T00006079,A000275,C000005,FI,savings,2026-09-16,143.36,USD,failed,IKEA
T00002573,A000376,C000281,EE,credit,2026-09-16,66.48,USD,success,Wolt
T00004224,A000084,C000081,SE,credit,2026-09-16,72.48,USD,success,Tesco
T00004081,A000057,C000458,EE,credit,2026-09-16,496.41,EUR,success,Bolt
T00008202,A000441,C000205,SE,checking,2026-09-16,475.31,GBP,success,Tesco
T00000973,A000219,C000234,LV,savings,2026-09-16,460.36,USD,success,Airbnb
T00001367,A000553,C000317,EE,savings,2026-09-16,72.86,GBP,success,Tesco
T00002225,A000357,C000249,LV,savings,2026-09-16,439.62,USD,success,Airbnb
T00000402,A000300,C000288,FI,credit,2026-09-16,462.06,EUR,success,Airbnb
T00007617,A000302,C000393,LT,credit,2026-09-16,24.08,EUR,success,Airbnb
T00000534,A000438,C000298,LT,credit,2026-09-16,310.60,EUR,success,Wolt
T00001494,A000084,C000081,SE,credit,2026-09-16,336.95,USD,success,Bolt
T00005204,A000672,C000029,SE,credit,2026-09-16,372.23,EUR,success,Steam
T00003871,A000062,C000023,FI,credit,2026-09-16,71.78,GBP,success,Airbnb
T00006055,A000419,C000146,SE,checking,2026-09-16,345.00,USD,success,IKEA
T00006800,A000055,C000025,FI,credit,2026-09-16,52.44,EUR,success,Airbnb
T00000436,A000229,C000208,FI,savings,2026-09-16,228.67,EUR,success,Tesco
T00002162,A000131,C000280,LT,credit,2026-09-16,308.39,USD,success,Airbnb
T00007607,A000179,C000018,LV,credit,2026-09-16,47.78,EUR,success,Wolt
T00006565,A000227,C000260,SE,credit,2026-09-16,428.97,GBP,success,Spotify
T00004102,A000666,C000386,SE,checking,2026-09-16,92.87,EUR,success,Rimi
T00007324,A000558,C000225,FI,credit,2026-09-16,23.88,USD,success,Airbnb
T00001181,A000392,C000010,LT,credit,2026-09-16,203.05,EUR,success,Wolt
T00000128,A000595,C000231,LT,checking,2026-09-16,315.88,USD,success,Netflix
T00001772,A000612,C000050,EE,checking,2026-09-16,341.64,USD,success,Wolt
T00003763,A000693,C000424,EE,checking,2026-09-16,160.34,EUR,success,Netflix
T00000967,A000073,C000319,LV,savings,2026-09-16,28.23,USD,success,Amazon
T00006633,A000374,C000046,LV,savings,2026-09-16,417.20,USD,success,Amazon
T00006948,A000230,C000421,EE,checking,2026-09-16,373.50,EUR,success,Rimi
T00000310,A000467,C000172,LV,checking,2026-09-16,204.16,USD,success,Bolt
T00001616,A000087,C000270,FI,credit,2026-09-16,383.56,USD,success,Steam
T00004054,A000418,C000404,LT,credit,2026-09-16,244.79,GBP,success,Rimi
T00002830,A000167,C000094,SE,checking,2026-09-16,226.79,EUR,failed,Spotify
T00003866,A000600,C000488,FI,savings,2026-09-16,225.52,EUR,success,Steam
T00000884,A000613,C000401,SE,checking,2026-09-16,12.98,EUR,success,Bolt
T00001666,A000590,C000439,LV,credit,2026-09-16,267.06,EUR,success,Airbnb
T00003430,A000129,C000037,EE,checking,2026-09-16,307.32,GBP,success,Airbnb
T00005626,A000368,C000259,SE,savings,2026-09-16,114.79,EUR,success,Bolt
T00000757,A000708,C000056,LT,savings,2026-09-16,308.24,USD,success,Airbnb
T00004153,A000740,C000194,LV,checking,2026-09-16,8.15,EUR,success,Rimi
T00000713,A000321,C000194,LV,checking,2026-09-16,286.77,EUR,success,Steam
T00006987,A000226,C000328,FI,checking,2026-09-16,227.30,GBP,success,Amazon
T00003587,A000507,C000338,SE,credit,2026-09-16,202.34,GBP,success,Spotify
T00009109,A000322,C000218,SE,savings,2026-09-16,360.04,EUR,success,Airbnb
T00007683,A000674,C000256,FI,savings,2026-09-16,304.24,EUR,success,Spotify
T00008189,A000610,C000255,FI,savings,2026-09-16,120.45,EUR,success,Netflix
T00004599,A000469,C000254,FI,savings,2026-09-16,251.18,GBP,success,Netflix
T00008900,A000520,C000489,EE,checking,2026-09-16,428.84,USD,success,Rimi
T00006795,A000652,C000067,SE,checking,2026-09-16,69.74,USD,success,Bolt
T00001894,A000506,C000437,SE,checking,2026-09-16,228.53,EUR,success,Tesco
T00009479,A000340,C000437,SE,credit,2026-09-16,335.10,EUR,success,Airbnb
T00007065,A000709,C000493,FI,savings,2026-09-16,426.64,EUR,success,Spotify
T00001798,A000152,C000416,FI,checking,2026-09-16,92.66,EUR,success,Rimi
T00001896,A000678,C000325,LT,savings,2026-09-16,367.93,GBP,pending,Tesco
T00000064,A000051,C000366,LV,savings,2026-09-16,269.96,USD,success,Amazon
T00000509,A000153,C000357,FI,savings,2026-09-16,36.16,USD,pending,Airbnb
T00004673,A000505,C000121,LV,checking,2026-09-16,296.70,GBP,success,Steam
T00001188,A000615,C000249,LV,credit,2026-09-16,475.06,GBP,success,Amazon
T00006384,A000726,C000399,SE,checking,2026-09-16,145.55,USD,success,Rimi
T00003466,A000504,C000449,FI,credit,2026-09-16,348.59,USD,success,Airbnb
T00006967,A000393,C000457,FI,savings,2026-09-16,441.61,GBP,success,Airbnb
T00007560,A000733,C000238,FI,checking,2026-09-16,496.48,EUR,success,Wolt
T00007954,A000571,C000127,LT,savings,2026-09-16,14.00,USD,success,Spotify
T00006150,A000360,C000239,LV,checking,2026-09-16,287.74,GBP,success,IKEA
T00001588,A000528,C000164,LT,credit,2026-09-16,96.17,GBP,failed,Steam
T00006473,A000091,C000293,SE,savings,2026-09-16,296.52,USD,success,Tesco
T00001266,A000397,C000474,EE,checking,2026-09-16,213.35,USD,success,Wolt
T00005547,A000586,C000221,FI,checking,2026-09-16,45.23,USD,success,Bolt
T00000222,A000234,C000141,SE,checking,2026-09-16,171.02,EUR,success,IKEA
T00002374,A000175,C000224,SE,checking,2026-09-16,373.46,GBP,success,Rimi
T00001790,A000650,C000428,EE,credit,2026-09-16,9.93,USD,success,IKEA
T00002389,A000673,C000446,LV,savings,2026-09-16,487.44,EUR,success,Steam
T00006972,A000519,C000019,FI,checking,2026-09-16,111.46,GBP,success,Tesco
T00004793,A000380,C000362,FI,savings,2026-09-16,83.33,USD,success,Airbnb
T00003118,A000220,C000240,LV,credit,2026-09-16,456.09,USD,success,Steam
T00003358,A000339,C000345,EE,credit,2026-09-16,28.24,EUR,success,Steam
T00006684,A000618,C000434,LT,credit,2026-09-16,451.53,GBP,success,Bolt
T00008050,A000236,C000132,EE,credit,2026-09-16,178.41,GBP,success,Netflix
T00001171,A000133,C000260,SE,checking,2026-09-16,248.81,USD,success,IKEA
T00007218,A000236,C000132,EE,credit,2026-09-16,362.37,USD,failed,Steam
T00004634,A000307,C000231,LT,savings,2026-09-16,345.44,USD,success,Amazon
T00003145,A000393,C000457,FI,savings,2026-09-16,218.53,GBP,success,Tesco
T00005217,A000145,C000160,LT,credit,2026-09-16,465.37,GBP,success,Wolt
T00001890,A000158,C000408,LT,checking,2026-09-16,278.28,USD,success,IKEA
T00000122,A000065,C000137,LV,credit,2026-09-16,402.95,EUR,success,Tesco
T00008807,A000710,C000207,LT,checking,2026-09-16,14.93,EUR,success,Steam
T00008289,A000289,C000442,LV,savings,2026-09-16,161.06,EUR,success,Tesco
T00003770,A000619,C000216,LV,checking,2026-09-16,181.79,GBP,success,IKEA
T00009938,A000425,C000418,LV,checking,2026-09-16,373.58,EUR,success,Tesco
T00007542,A000145,C000160,LT,credit,2026-09-16,407.35,GBP,success,Bolt
T00002594,A000619,C000216,LV,checking,2026-09-16,402.85,GBP,success,Airbnb
T00007020,A000447,C000419,LV,credit,2026-09-16,266.79,EUR,success,Airbnb
T00005928,A000363,C000086,SE,savings,2026-09-16,4.75,GBP,success,Netflix
T00005118,A000566,C000056,LT,checking,2026-09-16,221.46,USD,failed,Steam
T00001064,A000424,C000383,SE,savings,2026-09-16,458.81,EUR,success,Rimi
T00007072,A000680,C000010,LT,credit,2026-09-16,249.66,USD,success,Amazon
T00001468,A000171,C000034,EE,checking,2026-09-16,119.38,GBP,success,Spotify
T00000336,A000003,C000098,FI,savings,2026-09-16,211.00,EUR,failed,Netflix
T00008399,A000146,C000255,FI,savings,2026-09-16,37.42,USD,success,Tesco
T00001402,A000362,C000043,LT,credit,2026-09-16,420.80,EUR,success,IKEA
T00002782,A000265,C000307,FI,checking,2026-09-16,311.01,EUR,success,Airbnb
T00006725,A000538,C000280,LT,credit,2026-09-16,94.64,GBP,success,Airbnb
T00007823,A000500,C000166,EE,savings,2026-09-16,168.17,EUR,pending,IKEA
T00005385,A000265,C000307,FI,checking,2026-09-16,326.32,USD,success,Steam
T00000451,A000031,C000014,LV,checking,2026-09-16,281.52,EUR,success,Netflix
T00000801,A000118,C000202,LT,savings,2026-09-16,373.13,GBP,success,Wolt
T00003171,A000522,C000009,FI,checking,2026-09-16,312.11,GBP,success,Airbnb
T00006069,A000389,C000265,FI,checking,2026-09-16,315.43,EUR,pending,Amazon
T00008417,A000094,C000467,SE,credit,2026-09-16,115.72,GBP,success,Amazon
T00000958,A000499,C000337,EE,savings,2026-09-16,189.79,EUR,success,Netflix
T00008741,A000558,C000225,FI,credit,2026-09-16,461.22,EUR,success,Tesco
T00005420,A000347,C000423,FI,checking,2026-09-16,286.35,EUR,success,Bolt
T00003581,A000499,C000337,EE,savings,2026-09-16,187.44,GBP,success,Steam
T00004787,A000713,C000354,EE,checking,2026-09-16,246.27,USD,success,Tesco
T00009611,A000095,C000088,FI,credit,2026-09-16,195.92,GBP,success,Spotify
T00005305,A000669,C000447,EE,credit,2026-09-16,307.04,EUR,success,IKEA
T00007956,A000239,C000115,FI,checking,2026-09-16,375.06,EUR,failed,Steam
T00004964,A000339,C000345,EE,credit,2026-09-16,330.31,EUR,success,Steam
T00009626,A000263,C000149,EE,checking,2026-09-16,255.23,EUR,pending,Bolt
T00007948,A000095,C000088,FI,credit,2026-09-16,38.38,USD,success,Steam
T00007849,A000095,C000088,FI,credit,2026-09-16,390.68,EUR,success,IKEA
T00003930,A000525,C000353,SE,savings,2026-09-16,307.05,GBP,success,Amazon
T00000056,A000371,C000327,FI,credit,2026-09-16,293.57,GBP,success,Spotify
T00004412,A000201,C000340,LV,credit,2026-09-16,436.11,EUR,success,Amazon
T00009533,A000394,C000070,LV,savings,2026-09-16,375.44,USD,success,Bolt
T00004716,A000221,C000452,SE,savings,2026-09-16,309.55,EUR,success,Amazon
T00003986,A000095,C000088,FI,credit,2026-09-16,97.69,GBP,success,Tesco
T00009977,A000224,C000064,FI,checking,2026-09-16,215.75,USD,success,Tesco
T00009202,A000183,C000357,FI,savings,2026-09-16,270.87,EUR,success,Rimi
T00005371,A000518,C000399,SE,savings,2026-09-16,195.91,USD,success,Netflix
T00001568,A000383,C000344,EE,credit,2026-09-16,97.38,GBP,success,Steam
T00008487,A000580,C000036,LV,credit,2026-09-16,70.53,USD,failed,Spotify
T00005256,A000497,C000285,LV,savings,2026-09-16,122.37,USD,success,Spotify
T00000176,A000730,C000487,FI,checking,2026-09-16,24.33,GBP,failed,Bolt
T00006680,A000076,C000217,LV,credit,2026-09-16,375.59,USD,success,Spotify
T00006256,A000692,C000268,LT,credit,2026-09-16,45.84,GBP,success,Airbnb
T00006649,A000050,C000449,FI,checking,2026-09-15,67.38,GBP,success,Netflix
T00006101,A000694,C000354,EE,checking,2026-09-15,404.15,GBP,success,Tesco
T00003050,A000049,C000140,LT,savings,2026-09-15,226.84,EUR,success,Tesco
T00001852,A000737,C000283,SE,savings,2026-09-15,276.88,EUR,success,Amazon
T00000307,A000170,C000092,SE,savings,2026-09-15,158.84,USD,success,Amazon
T00009377,A000182,C000230,FI,checking,2026-09-15,400.56,USD,failed,Tesco
T00006883,A000069,C000483,SE,checking,2026-09-15,301.05,USD,success,Bolt
T00007373,A000669,C000447,EE,credit,2026-09-15,445.52,EUR,success,Bolt
T00003674,A000354,C000009,FI,savings,2026-09-15,362.13,EUR,success,Spotify
T00007620,A000070,C000191,FI,savings,2026-09-15,97.41,EUR,success,Rimi
T00000860,A000609,C000349,LT,checking,2026-09-15,160.82,GBP,success,Amazon
T00003073,A000668,C000344,EE,checking,2026-09-15,384.68,GBP,failed,Wolt
T00005872,A000427,C000305,LT,savings,2026-09-15,225.15,USD,success,Netflix
T00007846,A000571,C000127,LT,savings,2026-09-15,17.98,EUR,success,Bolt
T00001809,A000312,C000272,EE,savings,2026-09-15,92.64,EUR,success,Airbnb
T00008377,A000456,C000146,SE,credit,2026-09-15,286.50,GBP,success,Airbnb
T00006398,A000048,C000059,LT,checking,2026-09-15,198.25,EUR,failed,Airbnb
T00002534,A000184,C000266,LV,savings,2026-09-15,494.33,EUR,pending,Bolt
T00008497,A000048,C000059,LT,checking,2026-09-15,405.26,GBP,success,Steam
T00002889,A000282,C000168,EE,savings,2026-09-15,32.01,GBP,success,Steam
T00002875,A000594,C000172,LV,checking,2026-09-15,323.94,USD,success,Rimi
T00008810,A000457,C000442,LV,checking,2026-09-15,373.53,USD,failed,Amazon
T00008822,A000666,C000386,SE,checking,2026-09-15,104.83,USD,success,Rimi
T00009066,A000425,C000418,LV,checking,2026-09-15,499.72,GBP,success,IKEA
T00004485,A000457,C000442,LV,checking,2026-09-15,177.11,GBP,success,Tesco
T00005966,A000075,C000184,EE,savings,2026-09-15,102.36,USD,success,Steam
T00008870,A000076,C000217,LV,credit,2026-09-15,386.47,EUR,success,Netflix
T00001178,A000281,C000279,LT,savings,2026-09-15,293.06,USD,success,Wolt
T00005644,A000663,C000161,EE,savings,2026-09-15,376.87,GBP,success,Rimi
T00006961,A000225,C000298,LT,credit,2026-09-15,153.67,GBP,success,Rimi
T00001945,A000281,C000279,LT,savings,2026-09-15,314.48,GBP,success,Tesco
T00001525,A000697,C000381,LT,checking,2026-09-15,54.97,EUR,success,Spotify
T00009543,A000078,C000215,FI,checking,2026-09-15,194.31,GBP,success,Rimi
T00002493,A000699,C000034,EE,savings,2026-09-15,231.30,USD,success,Steam
T00003408,A000078,C000215,FI,checking,2026-09-15,113.13,USD,success,Tesco
T00006626,A000521,C000480,EE,credit,2026-09-15,286.11,EUR,success,Amazon
T00007555,A000700,C000205,SE,checking,2026-09-15,486.87,GBP,success,Spotify
T00000286,A000185,C000188,EE,credit,2026-09-15,241.59,EUR,success,Airbnb
T00003741,A000176,C000432,FI,savings,2026-09-15,302.34,USD,success,IKEA
T00002899,A000314,C000099,LV,credit,2026-09-15,458.96,USD,success,Bolt
T00004165,A000279,C000246,EE,credit,2026-09-15,215.73,EUR,success,Airbnb
T00009012,A000462,C000250,LT,checking,2026-09-15,264.63,EUR,success,Airbnb
T00007903,A000736,C000339,SE,checking,2026-09-15,129.17,GBP,success,Spotify
T00001595,A000317,C000284,FI,checking,2026-09-15,240.96,USD,success,IKEA
T00002241,A000702,C000223,EE,checking,2026-09-15,278.96,GBP,success,Amazon
T00005940,A000276,C000343,FI,credit,2026-09-15,248.49,EUR,success,Tesco
T00004089,A000571,C000127,LT,savings,2026-09-15,468.84,USD,success,IKEA
T00006366,A000276,C000343,FI,credit,2026-09-15,213.46,USD,success,Tesco
T00005497,A000374,C000046,LV,savings,2026-09-15,162.54,GBP,success,Tesco
T00004326,A000011,C000150,FI,credit,2026-09-15,466.39,GBP,success,Rimi
T00000340,A000275,C000005,FI,savings,2026-09-15,307.74,EUR,success,Amazon
T00002793,A000464,C000204,SE,savings,2026-09-15,387.06,USD,success,Steam
T00002465,A000595,C000231,LT,checking,2026-09-15,227.49,GBP,success,Netflix
T00002851,A000275,C000005,FI,savings,2026-09-15,200.33,USD,success,Netflix
T00007241,A000705,C000473,LT,checking,2026-09-15,258.98,EUR,success,Steam
T00003228,A000224,C000064,FI,checking,2026-09-15,196.78,GBP,success,IKEA
T00001193,A000011,C000150,FI,credit,2026-09-15,125.64,EUR,success,Wolt
T00003935,A000272,C000294,EE,credit,2026-09-15,463.93,GBP,success,Bolt
T00002669,A000320,C000197,LT,savings,2026-09-15,122.98,GBP,success,Steam
T00004472,A000553,C000317,EE,savings,2026-09-15,116.63,EUR,success,Wolt
T00004164,A000354,C000009,FI,savings,2026-09-15,161.35,EUR,success,Spotify
T00006612,A000356,C000072,FI,credit,2026-09-15,44.20,EUR,success,Rimi
T00005772,A000515,C000056,LT,credit,2026-09-15,371.21,EUR,success,Spotify
T00008796,A000340,C000437,SE,credit,2026-09-15,138.37,EUR,success,Tesco
T00007667,A000469,C000254,FI,savings,2026-09-15,78.54,EUR,success,IKEA
T00006596,A000322,C000218,SE,savings,2026-09-15,396.30,GBP,success,Bolt
T00002698,A000417,C000421,EE,checking,2026-09-15,339.84,EUR,success,Spotify
T00000699,A000469,C000254,FI,savings,2026-09-15,28.41,GBP,success,Bolt
T00003725,A000651,C000051,FI,credit,2026-09-15,449.13,USD,success,Wolt
T00009840,A000269,C000136,LT,credit,2026-09-15,247.48,USD,success,Airbnb
T00009822,A000651,C000051,FI,credit,2026-09-15,315.84,EUR,success,Amazon
T00009878,A000268,C000213,SE,checking,2026-09-15,290.43,USD,success,Airbnb
T00008453,A000733,C000238,FI,checking,2026-09-15,413.23,GBP,success,IKEA
T00007522,A000472,C000098,FI,checking,2026-09-15,395.28,GBP,success,Tesco
T00006755,A000092,C000134,FI,checking,2026-09-15,438.73,USD,success,Spotify
T00005941,A000649,C000249,LV,credit,2026-09-15,89.15,USD,success,Spotify
T00001234,A000092,C000134,FI,checking,2026-09-15,477.85,GBP,success,Rimi
T00004238,A000175,C000224,SE,checking,2026-09-15,202.68,EUR,success,Netflix
T00001903,A000648,C000165,LT,savings,2026-09-15,182.59,USD,success,IKEA
T00009497,A000596,C000113,LV,checking,2026-09-15,247.41,USD,success,Rimi
T00007375,A000727,C000175,SE,savings,2026-09-15,38.69,USD,success,Netflix
T00008409,A000738,C000022,LV,savings,2026-09-15,457.89,EUR,failed,IKEA
T00009349,A000648,C000165,LT,savings,2026-09-15,52.25,EUR,success,Amazon
T00002974,A000647,C000264,EE,credit,2026-09-15,183.60,USD,success,Steam
T00003323,A000031,C000014,LV,checking,2026-09-15,75.10,USD,success,Wolt
T00006811,A000174,C000355,FI,savings,2026-09-15,446.78,EUR,success,Amazon
T00008666,A000031,C000014,LV,checking,2026-09-15,311.64,GBP,failed,Airbnb
T00000966,A000732,C000382,LT,credit,2026-09-15,351.21,USD,success,Airbnb
T00004344,A000645,C000018,LV,checking,2026-09-15,352.80,USD,failed,Netflix
T00000202,A000713,C000354,EE,checking,2026-09-15,337.22,EUR,success,Tesco
T00004743,A000325,C000142,FI,savings,2026-09-15,47.04,USD,success,Steam
T00000609,A000599,C000021,FI,credit,2026-09-15,192.65,EUR,failed,Spotify
T00003696,A000213,C000462,SE,checking,2026-09-15,94.09,USD,success,Airbnb
T00004852,A000010,C000282,FI,credit,2026-09-15,120.20,EUR,success,Tesco
T00008730,A000412,C000155,EE,checking,2026-09-15,458.28,GBP,success,Bolt
T00001727,A000000,C000276,LT,credit,2026-09-15,161.47,USD,success,Airbnb
T00008684,A000326,C000219,LV,checking,2026-09-15,70.69,USD,success,Airbnb
T00000975,A000478,C000362,FI,checking,2026-09-15,247.25,USD,success,IKEA
T00006822,A000642,C000109,SE,credit,2026-09-15,320.08,GBP,success,Amazon
T00001975,A000098,C000234,LV,credit,2026-09-15,240.44,USD,success,Spotify
T00000158,A000149,C000211,FI,savings,2026-09-15,268.69,GBP,success,Tesco
T00006974,A000410,C000047,LT,credit,2026-09-15,85.05,EUR,success,IKEA
T00001769,A000551,C000363,LT,checking,2026-09-15,78.60,USD,success,Spotify
T00006003,A000339,C000345,EE,credit,2026-09-15,10.33,GBP,success,Rimi
T00007925,A000480,C000113,LV,checking,2026-09-15,2.70,GBP,success,Amazon
T00004446,A000716,C000190,LT,credit,2026-09-15,196.43,EUR,success,Steam
T00006190,A000339,C000345,EE,credit,2026-09-15,282.16,EUR,success,Airbnb
T00006945,A000214,C000361,EE,savings,2026-09-15,410.24,USD,failed,Amazon
T00002499,A000256,C000023,FI,checking,2026-09-15,144.92,USD,success,Netflix
T00001970,A000716,C000190,LT,credit,2026-09-15,72.43,GBP,failed,Bolt
T00004118,A000481,C000416,FI,checking,2026-09-15,413.31,USD,success,Bolt
T00006993,A000101,C000335,EE,checking,2026-09-15,183.86,GBP,success,Wolt
T00007539,A000361,C000170,LV,checking,2026-09-15,470.34,USD,success,Netflix
T00003772,A000255,C000384,LT,checking,2026-09-15,238.72,GBP,success,Tesco
T00000615,A000355,C000087,FI,credit,2026-09-15,95.79,EUR,success,Rimi
T00000098,A000218,C000461,LT,credit,2026-09-15,79.72,USD,success,Amazon
T00000442,A000214,C000361,EE,savings,2026-09-15,343.44,EUR,success,Wolt
T00006869,A000638,C000085,LV,savings,2026-09-15,176.99,EUR,success,Spotify
T00005286,A000717,C000214,FI,savings,2026-09-15,391.39,EUR,success,Netflix
T00000819,A000483,C000269,SE,savings,2026-09-15,474.76,GBP,success,Wolt
T00009835,A000484,C000428,EE,savings,2026-09-15,271.44,EUR,success,Airbnb
T00001418,A000637,C000457,FI,checking,2026-09-15,171.19,GBP,success,Rimi
T00002831,A000637,C000457,FI,checking,2026-09-15,331.74,GBP,success,Airbnb
T00006943,A000395,C000193,EE,credit,2026-09-15,490.94,USD,success,Tesco
T00008835,A000719,C000481,EE,savings,2026-09-15,474.21,GBP,success,Amazon
T00008036,A000014,C000402,LT,checking,2026-09-15,227.18,EUR,success,Spotify
T00003082,A000731,C000068,FI,checking,2026-09-15,240.48,EUR,success,Amazon
T00006711,A000338,C000123,FI,credit,2026-09-15,457.49,USD,success,Amazon
T00007396,A000634,C000114,EE,credit,2026-09-15,402.45,GBP,success,Spotify
T00000438,A000251,C000395,FI,savings,2026-09-15,140.80,GBP,failed,Netflix
T00003364,A000025,C000265,FI,checking,2026-09-15,255.29,USD,success,Bolt
T00000463,A000251,C000395,FI,savings,2026-09-15,228.62,USD,success,Amazon
T00007531,A000189,C000348,SE,checking,2026-09-15,258.97,EUR,success,Steam
T00005869,A000633,C000132,EE,credit,2026-09-15,190.96,GBP,success,Netflix
T00003854,A000632,C000169,LV,savings,2026-09-15,149.11,GBP,success,Spotify
T00009525,A000347,C000423,FI,checking,2026-09-15,94.48,EUR,success,Airbnb
T00003105,A000721,C000105,FI,credit,2026-09-15,132.46,EUR,success,Airbnb
T00000902,A000631,C000304,SE,checking,2026-09-15,312.78,GBP,success,Bolt
T00009273,A000195,C000096,FI,checking,2026-09-15,119.95,GBP,success,Tesco
T00000276,A000568,C000300,LT,checking,2026-09-15,253.72,EUR,success,Tesco
T00006579,A000545,C000269,SE,savings,2026-09-15,279.15,EUR,success,Spotify
T00002055,A000110,C000266,LV,savings,2026-09-15,237.68,GBP,success,Spotify
T00009699,A000741,C000250,LT,credit,2026-09-15,54.59,GBP,success,Bolt
T00002457,A000490,C000384,LT,savings,2026-09-15,74.76,USD,success,Tesco
T00007320,A000250,C000373,SE,checking,2026-09-15,122.75,EUR,success,Rimi
T00006070,A000111,C000404,LT,credit,2026-09-15,227.61,EUR,success,Steam
T00004447,A000573,C000469,LV,savings,2026-09-15,257.09,GBP,success,Airbnb
T00002812,A000573,C000469,LV,savings,2026-09-15,1.49,GBP,success,Rimi
T00005278,A000575,C000379,FI,credit,2026-09-15,456.06,GBP,success,Bolt
T00002544,A000249,C000371,EE,checking,2026-09-15,32.70,GBP,success,Wolt
T00005028,A000249,C000371,EE,checking,2026-09-15,386.00,USD,success,Tesco
T00006749,A000004,C000410,LT,credit,2026-09-15,63.63,EUR,success,Tesco
T00009631,A000518,C000399,SE,savings,2026-09-15,479.61,USD,success,Steam
T00003075,A000346,C000133,EE,checking,2026-09-15,432.91,GBP,success,Airbnb
T00003834,A000628,C000384,LT,savings,2026-09-15,446.19,EUR,success,Steam
T00007649,A000604,C000085,LV,checking,2026-09-15,422.78,GBP,success,Steam
T00006015,A000628,C000384,LT,savings,2026-09-15,144.67,EUR,success,Tesco
T00004350,A000113,C000368,EE,credit,2026-09-15,6.95,EUR,success,Amazon
T00008220,A000197,C000147,LV,credit,2026-09-15,37.16,GBP,success,Tesco
T00007374,A000114,C000409,SE,credit,2026-09-15,347.59,USD,success,Netflix
T00008245,A000578,C000404,LT,checking,2026-09-15,411.99,GBP,success,Wolt
T00009262,A000626,C000353,SE,credit,2026-09-15,151.92,USD,success,IKEA
T00001223,A000115,C000015,LT,checking,2026-09-15,438.79,GBP,success,Tesco
T00002508,A000525,C000353,SE,savings,2026-09-15,412.35,USD,success,IKEA
T00008138,A000598,C000101,EE,credit,2026-09-15,69.57,EUR,success,Wolt
T00002854,A000244,C000451,EE,savings,2026-09-15,441.66,USD,success,Bolt
T00001533,A000541,C000470,LV,savings,2026-09-15,151.95,EUR,success,Amazon
T00007451,A000541,C000470,LV,savings,2026-09-15,31.99,GBP,success,Tesco
T00007259,A000362,C000043,LT,credit,2026-09-15,100.74,EUR,success,IKEA
T00002896,A000200,C000016,LT,credit,2026-09-15,220.38,GBP,success,Tesco
T00001681,A000015,C000110,FI,savings,2026-09-15,253.06,USD,success,Amazon
T00009432,A000243,C000101,EE,credit,2026-09-15,342.94,GBP,success,Airbnb
T00001546,A000015,C000110,FI,savings,2026-09-15,265.69,GBP,success,Spotify
T00003600,A000240,C000059,LT,savings,2026-09-15,395.83,GBP,success,Netflix
T00003551,A000580,C000036,LV,credit,2026-09-15,22.69,GBP,success,Airbnb
T00002904,A000539,C000043,LT,checking,2026-09-15,140.85,USD,success,Tesco
T00002111,A000603,C000437,SE,savings,2026-09-15,301.52,USD,success,Bolt
T00004477,A000539,C000043,LT,checking,2026-09-15,298.73,EUR,success,IKEA
T00002924,A000622,C000362,FI,savings,2026-09-15,210.14,GBP,success,Bolt
T00009527,A000239,C000115,FI,checking,2026-09-15,311.08,GBP,success,Wolt
T00003953,A000581,C000431,LT,credit,2026-09-15,128.63,USD,success,Netflix
T00003310,A000160,C000003,LT,credit,2026-09-15,19.87,GBP,success,Steam
T00001667,A000143,C000262,LV,credit,2026-09-15,485.68,GBP,success,Amazon
T00002422,A000538,C000280,LT,credit,2026-09-15,133.72,EUR,success,Tesco
T00007909,A000121,C000491,EE,savings,2026-09-15,142.80,USD,success,IKEA
T00003807,A000537,C000130,EE,credit,2026-09-15,448.18,GBP,failed,Bolt
T00001870,A000397,C000474,EE,checking,2026-09-15,7.37,EUR,success,Bolt
T00004005,A000620,C000014,LV,savings,2026-09-15,185.73,USD,success,Airbnb
T00007594,A000598,C000101,EE,credit,2026-09-15,62.93,GBP,success,Steam
T00006400,A000525,C000353,SE,savings,2026-09-15,227.21,USD,success,Wolt
T00003004,A000122,C000235,LT,credit,2026-09-15,215.31,USD,success,Tesco
T00007677,A000160,C000003,LT,credit,2026-09-15,182.79,USD,success,Airbnb
T00009460,A000537,C000130,EE,credit,2026-09-15,437.72,EUR,failed,Steam
T00009407,A000503,C000120,SE,savings,2026-09-15,231.78,GBP,success,Tesco
T00008379,A000346,C000133,EE,checking,2026-09-15,252.49,EUR,success,Amazon
T00001929,A000124,C000425,LT,credit,2026-09-15,327.93,EUR,success,Netflix
T00005077,A000205,C000172,LV,savings,2026-09-15,490.26,USD,success,Wolt
T00003789,A000205,C000172,LV,savings,2026-09-15,339.79,EUR,success,IKEA
T00002434,A000220,C000240,LV,credit,2026-09-15,409.70,GBP,success,Amazon
T00002775,A000157,C000074,LT,checking,2026-09-15,383.83,USD,success,Netflix
T00003658,A000157,C000074,LT,checking,2026-09-15,376.96,USD,success,Spotify
T00004080,A000601,C000412,EE,savings,2026-09-15,465.48,EUR,success,Bolt
T00006308,A000125,C000268,LT,checking,2026-09-15,299.10,EUR,success,Airbnb
T00004255,A000535,C000342,EE,checking,2026-09-15,331.93,USD,success,Tesco
T00000783,A000343,C000075,EE,checking,2026-09-15,343.45,GBP,success,Spotify
T00003521,A000370,C000268,LT,checking,2026-09-15,463.92,GBP,success,Bolt
T00000343,A000155,C000467,SE,savings,2026-09-15,191.31,GBP,success,Steam
T00003283,A000587,C000005,FI,credit,2026-09-15,257.83,USD,pending,Bolt
T00002949,A000217,C000013,LV,savings,2026-09-15,394.33,GBP,success,Bolt
T00009875,A000128,C000046,LV,credit,2026-09-15,435.09,EUR,success,Wolt
T00001661,A000589,C000261,EE,checking,2026-09-15,463.02,EUR,success,Steam
T00001846,A000523,C000023,FI,checking,2026-09-15,183.14,EUR,success,Bolt
T00000508,A000507,C000338,SE,credit,2026-09-15,363.17,USD,success,Rimi
T00004228,A000209,C000090,LV,savings,2026-09-15,328.42,EUR,success,Wolt
T00005180,A000130,C000173,LV,savings,2026-09-15,199.54,GBP,success,Wolt
T00003530,A000146,C000255,FI,savings,2026-09-15,27.76,GBP,success,IKEA
T00009476,A000613,C000401,SE,checking,2026-09-15,164.01,EUR,failed,Airbnb
T00009051,A000509,C000165,LT,checking,2026-09-15,427.17,GBP,success,Wolt
T00000245,A000531,C000441,EE,credit,2026-09-15,398.85,GBP,success,Bolt
T00002155,A000531,C000441,EE,credit,2026-09-15,8.26,USD,success,Spotify
T00002360,A000210,C000144,FI,savings,2026-09-15,218.22,EUR,success,Amazon
T00007838,A000211,C000349,LT,checking,2026-09-15,150.07,GBP,success,Wolt
T00006594,A000301,C000312,LT,savings,2026-09-15,434.78,USD,success,Bolt
T00002463,A000439,C000418,LV,credit,2026-09-15,456.01,USD,success,IKEA
T00004630,A000178,C000401,SE,credit,2026-09-15,461.80,GBP,success,Bolt
T00004398,A000056,C000027,EE,credit,2026-09-15,487.98,USD,success,Netflix
T00006219,A000302,C000393,LT,credit,2026-09-15,410.98,GBP,success,Spotify
T00008901,A000441,C000205,SE,checking,2026-09-15,99.67,GBP,failed,Bolt
T00005657,A000438,C000298,LT,credit,2026-09-15,53.76,GBP,success,Airbnb
T00002460,A000299,C000063,EE,savings,2026-09-15,64.59,EUR,success,IKEA
T00002937,A000441,C000205,SE,checking,2026-09-15,31.27,USD,success,Tesco
T00001825,A000350,C000344,EE,savings,2026-09-15,352.32,GBP,success,IKEA
T00001784,A000562,C000364,SE,checking,2026-09-15,442.60,GBP,success,Spotify
T00005809,A000299,C000063,EE,savings,2026-09-15,482.43,USD,success,Steam
T00006821,A000054,C000171,FI,checking,2026-09-15,420.08,USD,success,Steam
T00005964,A000443,C000495,LV,checking,2026-09-15,71.73,EUR,success,Wolt
T00008646,A000357,C000249,LV,savings,2026-09-15,342.62,GBP,success,Airbnb
T00003138,A000211,C000349,LT,checking,2026-09-15,83.09,GBP,success,Airbnb
T00005428,A000009,C000240,LV,checking,2026-09-15,390.53,GBP,success,Amazon
T00006386,A000530,C000051,FI,savings,2026-09-15,54.00,EUR,success,Wolt
T00008632,A000183,C000357,FI,savings,2026-09-15,83.41,EUR,success,Wolt
T00009514,A000297,C000186,LT,credit,2026-09-15,157.85,USD,success,Steam
T00007342,A000228,C000061,EE,savings,2026-09-15,275.15,GBP,success,Spotify
T00006438,A000184,C000266,LV,savings,2026-09-15,15.35,USD,success,Spotify
T00000078,A000227,C000260,SE,credit,2026-09-15,74.44,USD,success,Amazon
T00009318,A000511,C000469,LV,savings,2026-09-15,295.62,USD,success,IKEA
T00000549,A000008,C000186,LT,checking,2026-09-15,154.61,EUR,success,Airbnb
T00009307,A000376,C000281,EE,credit,2026-09-15,54.19,GBP,success,Airbnb
T00005239,A000307,C000231,LT,savings,2026-09-15,358.83,EUR,success,Rimi
T00006427,A000447,C000419,LV,credit,2026-09-15,150.09,GBP,success,Rimi
T00000808,A000145,C000160,LT,credit,2026-09-15,357.46,USD,success,Steam
T00005391,A000133,C000260,SE,checking,2026-09-15,308.02,GBP,success,Bolt
T00008593,A000512,C000400,SE,credit,2026-09-15,318.84,USD,success,Airbnb
T00005272,A000736,C000339,SE,checking,2026-09-15,345.41,EUR,success,Netflix
T00008079,A000448,C000129,SE,savings,2026-09-15,141.79,EUR,success,Steam
T00004210,A000193,C000210,LV,checking,2026-09-15,282.40,USD,success,Steam
T00002563,A000448,C000129,SE,savings,2026-09-15,348.56,GBP,success,Airbnb
T00004826,A000747,C000422,EE,savings,2026-09-15,460.87,GBP,success,Steam
T00002471,A000431,C000230,FI,savings,2026-09-15,394.78,GBP,success,Spotify
T00004402,A000064,C000160,LT,credit,2026-09-15,126.74,GBP,success,Rimi
T00009915,A000565,C000045,FI,credit,2026-09-15,270.59,GBP,success,Rimi
T00001309,A000558,C000225,FI,credit,2026-09-15,443.77,GBP,success,Steam
T00000239,A000558,C000225,FI,credit,2026-09-15,237.48,GBP,success,Wolt
T00007844,A000384,C000199,SE,checking,2026-09-15,44.10,USD,success,Netflix
T00005885,A000309,C000212,LV,credit,2026-09-15,159.46,USD,pending,Amazon
T00009642,A000675,C000482,LT,credit,2026-09-15,79.22,USD,success,Rimi
T00000736,A000050,C000449,FI,checking,2026-09-15,186.64,USD,success,Airbnb
T00005425,A000450,C000236,LT,checking,2026-09-15,239.95,USD,success,IKEA
T00007166,A000674,C000256,FI,savings,2026-09-15,316.20,EUR,success,Tesco
T00007453,A000310,C000371,EE,savings,2026-09-15,332.87,USD,success,Steam
T00001433,A000008,C000186,LT,checking,2026-09-15,251.94,USD,success,Rimi
T00001256,A000729,C000051,FI,checking,2026-09-15,418.66,USD,success,Steam
T00009557,A000067,C000474,EE,credit,2026-09-15,401.32,GBP,success,Tesco
T00006657,A000067,C000474,EE,credit,2026-09-15,461.22,USD,success,Amazon
T00003060,A000182,C000230,FI,checking,2026-09-15,232.01,GBP,success,Steam
T00007109,A000372,C000096,FI,savings,2026-09-14,132.87,GBP,success,Amazon
T00004904,A000623,C000173,LV,credit,2026-09-14,181.48,GBP,success,Steam
T00006227,A000240,C000059,LT,savings,2026-09-14,339.80,EUR,failed,Airbnb
T00003905,A000523,C000023,FI,checking,2026-09-14,107.07,USD,pending,Netflix
T00002467,A000313,C000285,LV,checking,2026-09-14,462.48,USD,success,Tesco
T00007276,A000095,C000088,FI,credit,2026-09-14,407.27,EUR,success,Wolt
T00000907,A000434,C000015,LT,credit,2026-09-14,289.84,EUR,success,Airbnb
T00007782,A000240,C000059,LT,savings,2026-09-14,147.74,EUR,success,Tesco
T00004587,A000539,C000043,LT,checking,2026-09-14,402.28,USD,success,Netflix
T00000573,A000161,C000062,EE,credit,2026-09-14,95.41,USD,success,Amazon
T00002869,A000622,C000362,FI,savings,2026-09-14,164.77,EUR,success,Tesco
T00003852,A000341,C000004,LT,credit,2026-09-14,308.27,EUR,success,Bolt
T00007092,A000581,C000431,LT,credit,2026-09-14,207.44,EUR,success,Bolt
T00003026,A000139,C000420,FI,checking,2026-09-14,181.05,USD,success,Tesco
T00003017,A000324,C000281,EE,credit,2026-09-14,459.77,GBP,success,Rimi
T00008820,A000183,C000357,FI,savings,2026-09-14,122.25,EUR,success,Netflix
T00009140,A000681,C000355,FI,savings,2026-09-14,291.13,EUR,success,Bolt
T00008834,A000567,C000376,LV,credit,2026-09-14,169.44,EUR,success,Rimi
T00004372,A000689,C000426,LT,credit,2026-09-14,174.76,USD,success,Wolt
T00003509,A000529,C000290,EE,savings,2026-09-14,175.19,EUR,success,Airbnb
T00001581,A000360,C000239,LV,checking,2026-09-14,463.69,USD,success,IKEA
T00004471,A000264,C000498,FI,checking,2026-09-14,296.25,USD,success,IKEA
T00002786,A000663,C000161,EE,savings,2026-09-14,277.87,GBP,success,Tesco
T00000474,A000119,C000064,FI,savings,2026-09-14,191.10,EUR,success,Spotify
T00009910,A000094,C000467,SE,credit,2026-09-14,131.24,GBP,success,Bolt
T00003305,A000582,C000400,SE,checking,2026-09-14,26.61,EUR,success,Tesco
T00007292,A000500,C000166,EE,savings,2026-09-14,281.95,EUR,success,IKEA
T00008769,A000065,C000137,LV,credit,2026-09-14,249.64,EUR,success,Rimi
T00005524,A000500,C000166,EE,savings,2026-09-14,181.80,GBP,success,Spotify
T00008864,A000712,C000385,LV,credit,2026-09-14,267.05,EUR,success,Bolt
T00000216,A000003,C000098,FI,savings,2026-09-14,366.76,GBP,success,Bolt
T00007602,A000204,C000276,LT,savings,2026-09-14,181.14,USD,success,Tesco
T00006388,A000344,C000116,LV,savings,2026-09-14,252.27,GBP,success,IKEA
T00002239,A000547,C000459,LT,credit,2026-09-14,43.05,EUR,failed,Netflix
T00000593,A000602,C000014,LV,credit,2026-09-14,94.32,USD,success,Steam
T00002413,A000265,C000307,FI,checking,2026-09-14,382.66,EUR,success,IKEA
T00003550,A000218,C000461,LT,credit,2026-09-14,236.94,EUR,success,Bolt
T00005190,A000204,C000276,LT,savings,2026-09-14,300.79,EUR,success,Spotify
T00006844,A000122,C000235,LT,credit,2026-09-14,380.11,EUR,success,Airbnb
T00003157,A000219,C000234,LV,savings,2026-09-14,2.71,USD,success,Steam
T00007994,A000076,C000217,LV,credit,2026-09-14,168.05,USD,success,Airbnb
T00004261,A000344,C000116,LV,savings,2026-09-14,126.35,GBP,success,Spotify
T00001859,A000501,C000351,EE,checking,2026-09-14,474.17,GBP,failed,Amazon
T00001008,A000501,C000351,EE,checking,2026-09-14,2.58,USD,success,Steam
T00006422,A000620,C000014,LV,savings,2026-09-14,125.67,USD,success,Steam
T00003055,A000190,C000436,LT,savings,2026-09-14,62.71,GBP,success,Netflix
T00000069,A000583,C000493,FI,checking,2026-09-14,13.34,USD,success,Airbnb
T00007922,A000070,C000191,FI,savings,2026-09-14,131.59,GBP,success,Amazon
T00005510,A000019,C000064,FI,credit,2026-09-14,347.70,EUR,success,Bolt
T00001542,A000033,C000071,LV,checking,2026-09-14,315.30,USD,success,Amazon
T00004832,A000323,C000315,LT,savings,2026-09-14,327.74,GBP,success,Tesco
T00006590,A000093,C000126,FI,credit,2026-09-14,298.15,GBP,success,Wolt
T00007650,A000611,C000488,FI,savings,2026-09-14,197.99,EUR,success,Rimi
T00004624,A000225,C000298,LT,credit,2026-09-14,286.60,USD,success,Bolt
T00003191,A000061,C000348,SE,checking,2026-09-14,353.18,USD,success,Amazon
T00007328,A000205,C000172,LV,savings,2026-09-14,221.21,EUR,success,Wolt
T00006607,A000607,C000192,SE,checking,2026-09-14,149.60,EUR,success,Bolt
T00005012,A000748,C000148,LV,credit,2026-09-14,417.48,EUR,success,Netflix
T00005750,A000158,C000408,LT,checking,2026-09-14,412.99,USD,success,Rimi
T00003268,A000212,C000372,EE,checking,2026-09-14,104.65,GBP,success,Tesco
T00001984,A000360,C000239,LV,checking,2026-09-14,383.65,EUR,success,Netflix
T00004943,A000433,C000453,SE,savings,2026-09-14,84.59,EUR,success,IKEA
T00000663,A000067,C000474,EE,credit,2026-09-14,298.17,EUR,success,Airbnb
T00003716,A000457,C000442,LV,checking,2026-09-14,434.34,GBP,failed,Amazon
T00006743,A000416,C000309,EE,savings,2026-09-14,168.50,USD,success,Netflix
T00001457,A000649,C000249,LV,credit,2026-09-14,440.26,USD,success,Spotify
T00006687,A000323,C000315,LT,savings,2026-09-14,428.74,GBP,success,Amazon
T00008475,A000680,C000010,LT,credit,2026-09-14,250.46,GBP,success,Steam
T00006833,A000356,C000072,FI,credit,2026-09-14,312.02,GBP,success,IKEA
T00008607,A000049,C000140,LT,savings,2026-09-14,115.00,USD,success,Tesco
T00002183,A000377,C000499,FI,savings,2026-09-14,304.83,USD,success,Rimi
T00008764,A000680,C000010,LT,credit,2026-09-14,494.11,EUR,success,Rimi
T00006674,A000052,C000459,LT,checking,2026-09-14,225.26,GBP,success,Airbnb
T00000496,A000709,C000493,FI,savings,2026-09-14,351.22,GBP,success,Airbnb
T00000969,A000416,C000309,EE,savings,2026-09-14,393.90,USD,success,Steam
T00007309,A000471,C000403,EE,savings,2026-09-14,117.46,USD,success,Netflix
T00008895,A000471,C000403,EE,savings,2026-09-14,165.59,GBP,success,Bolt
T00001230,A000016,C000172,LV,checking,2026-09-14,145.87,GBP,success,Tesco
T00001426,A000347,C000423,FI,checking,2026-09-14,334.79,GBP,success,Bolt
T00004157,A000669,C000447,EE,credit,2026-09-14,234.04,USD,success,Bolt
T00007357,A000391,C000096,FI,savings,2026-09-14,125.53,GBP,success,Amazon
T00009343,A000524,C000253,EE,savings,2026-09-14,313.14,EUR,success,Tesco
T00002475,A000586,C000221,FI,checking,2026-09-14,71.06,EUR,failed,Tesco
T00000723,A000066,C000341,EE,checking,2026-09-14,148.61,GBP,success,Netflix
T00002772,A000234,C000141,SE,checking,2026-09-14,188.71,EUR,success,Netflix
T00009010,A000587,C000005,FI,credit,2026-09-14,276.62,GBP,failed,Steam
T00003840,A000145,C000160,LT,credit,2026-09-14,357.72,USD,success,Airbnb
T00009683,A000505,C000121,LV,checking,2026-09-14,285.61,GBP,success,Amazon
T00007864,A000151,C000165,LT,credit,2026-09-14,455.73,EUR,success,Rimi
T00003543,A000456,C000146,SE,credit,2026-09-14,249.42,GBP,success,Bolt
T00003137,A000709,C000493,FI,savings,2026-09-14,130.87,EUR,failed,Wolt
T00004632,A000207,C000153,EE,savings,2026-09-14,283.37,USD,success,Bolt
T00001789,A000090,C000034,EE,checking,2026-09-14,101.30,EUR,success,Rimi
T00008694,A000074,C000212,LV,savings,2026-09-14,213.82,EUR,success,Amazon
T00000668,A000207,C000153,EE,savings,2026-09-14,98.86,USD,success,Steam
T00004773,A000588,C000392,SE,checking,2026-09-14,75.36,GBP,success,IKEA
T00001222,A000598,C000101,EE,credit,2026-09-14,411.90,EUR,success,Tesco
T00000747,A000588,C000392,SE,checking,2026-09-14,279.37,EUR,success,Steam
T00008702,A000224,C000064,FI,checking,2026-09-14,457.34,GBP,success,Rimi
T00001761,A000533,C000320,SE,credit,2026-09-14,261.52,EUR,success,Amazon
T00002913,A000589,C000261,EE,checking,2026-09-14,61.76,EUR,success,Steam
T00001316,A000651,C000051,FI,credit,2026-09-14,443.61,GBP,success,Amazon
T00003088,A000506,C000437,SE,checking,2026-09-14,245.82,USD,success,Netflix
T00005114,A000417,C000421,EE,checking,2026-09-14,485.94,USD,success,Netflix
T00008930,A000513,C000255,FI,credit,2026-09-14,8.73,GBP,success,Tesco
T00001303,A000747,C000422,EE,savings,2026-09-14,401.69,USD,success,Airbnb
T00004231,A000417,C000421,EE,checking,2026-09-14,21.08,EUR,success,Spotify
T00004576,A000507,C000338,SE,credit,2026-09-14,108.72,GBP,success,Amazon
T00003947,A000067,C000474,EE,credit,2026-09-14,471.34,USD,success,Wolt
T00006051,A000388,C000380,FI,credit,2026-09-14,437.68,EUR,success,Spotify
T00003648,A000507,C000338,SE,credit,2026-09-14,290.21,USD,success,Tesco
T00007263,A000709,C000493,FI,savings,2026-09-14,180.51,GBP,success,Bolt
T00002117,A000742,C000248,FI,credit,2026-09-14,316.47,EUR,success,Netflix
T00004294,A000270,C000473,LT,checking,2026-09-14,402.75,GBP,success,Tesco
T00009299,A000418,C000404,LT,credit,2026-09-14,24.23,USD,success,Tesco
T00001960,A000532,C000168,EE,checking,2026-09-14,493.32,GBP,success,Airbnb
T00005324,A000288,C000038,SE,credit,2026-09-14,223.89,GBP,success,IKEA
T00008170,A000036,C000448,SE,checking,2026-09-14,55.52,GBP,success,Bolt
T00009511,A000529,C000290,EE,savings,2026-09-14,350.49,USD,success,IKEA
T00009887,A000088,C000497,EE,credit,2026-09-14,97.42,EUR,success,Spotify
T00003484,A000398,C000191,FI,checking,2026-09-14,92.23,GBP,success,Airbnb
T00002746,A000178,C000401,SE,credit,2026-09-14,174.07,EUR,success,Bolt
T00000856,A000590,C000439,LV,credit,2026-09-14,425.11,EUR,success,IKEA
T00006930,A000532,C000168,EE,checking,2026-09-14,23.42,EUR,success,IKEA
T00007665,A000220,C000240,LV,credit,2026-09-14,385.38,EUR,success,Airbnb
T00003694,A000522,C000009,FI,checking,2026-09-14,475.16,GBP,success,Wolt
T00009114,A000146,C000255,FI,savings,2026-09-14,77.27,GBP,success,Bolt
T00006839,A000613,C000401,SE,checking,2026-09-14,256.25,GBP,success,Bolt
T00005855,A000073,C000319,LV,savings,2026-09-14,56.70,USD,success,Steam
T00008231,A000399,C000098,FI,credit,2026-09-14,37.52,USD,success,Airbnb
T00008991,A000532,C000168,EE,checking,2026-09-14,83.82,USD,success,Steam
T00008154,A000227,C000260,SE,credit,2026-09-14,123.11,USD,success,Spotify
T00004853,A000087,C000270,FI,credit,2026-09-14,325.24,GBP,success,Netflix
T00003297,A000224,C000064,FI,checking,2026-09-14,472.91,EUR,success,Amazon
T00001888,A000612,C000050,EE,checking,2026-09-14,92.96,EUR,success,Amazon
T00004915,A000594,C000172,LV,checking,2026-09-14,387.70,USD,success,Steam
T00007438,A000695,C000214,FI,checking,2026-09-14,385.89,USD,success,Netflix
T00003734,A000455,C000060,EE,checking,2026-09-14,191.51,GBP,success,Wolt
T00008883,A000419,C000146,SE,checking,2026-09-14,89.98,USD,success,Airbnb
T00006312,A000520,C000489,EE,checking,2026-09-14,72.69,USD,success,Airbnb
T00005045,A000036,C000448,SE,checking,2026-09-14,146.53,USD,failed,Bolt
T00002069,A000666,C000386,SE,checking,2026-09-14,108.10,GBP,success,Wolt
T00007180,A000150,C000299,SE,savings,2026-09-14,50.90,GBP,success,Bolt
T00001499,A000686,C000037,EE,savings,2026-09-14,398.39,USD,success,Steam
T00004226,A000135,C000461,LT,credit,2026-09-14,271.94,GBP,success,Wolt
T00007343,A000563,C000406,SE,savings,2026-09-14,498.86,EUR,success,Netflix
T00009284,A000428,C000475,FI,savings,2026-09-14,372.32,GBP,success,Steam
T00003813,A000686,C000037,EE,savings,2026-09-14,419.45,EUR,failed,Spotify
T00000037,A000686,C000037,EE,savings,2026-09-14,472.93,EUR,success,Rimi
T00007873,A000439,C000418,LV,credit,2026-09-14,176.72,GBP,success,IKEA
T00000270,A000319,C000408,LT,savings,2026-09-14,63.10,USD,success,Amazon
T00005694,A000287,C000173,LV,checking,2026-09-14,266.66,GBP,success,Amazon
T00005426,A000706,C000417,LV,credit,2026-09-14,361.64,GBP,success,Wolt
T00002330,A000388,C000380,FI,credit,2026-09-14,394.01,USD,success,Amazon
T00005656,A000319,C000408,LT,savings,2026-09-14,197.84,USD,success,Steam
T00001342,A000054,C000171,FI,checking,2026-09-14,111.61,EUR,success,Spotify
T00008563,A000072,C000148,LV,credit,2026-09-14,183.18,EUR,success,Bolt
T00001891,A000056,C000027,EE,credit,2026-09-14,488.83,USD,success,Netflix
T00005719,A000274,C000133,EE,checking,2026-09-14,53.55,GBP,success,Tesco
T00009176,A000677,C000174,LV,checking,2026-09-14,292.67,EUR,success,Steam
T00004209,A000300,C000288,FI,credit,2026-09-14,26.35,USD,success,Netflix
T00006956,A000684,C000150,FI,checking,2026-09-14,426.09,USD,success,IKEA
T00009428,A000441,C000205,SE,checking,2026-09-14,318.19,EUR,success,Netflix
T00001842,A000048,C000059,LT,checking,2026-09-14,368.55,GBP,success,Bolt
T00007609,A000338,C000123,FI,credit,2026-09-14,490.67,USD,success,Tesco
T00001218,A000106,C000251,LV,credit,2026-09-14,208.95,USD,success,Bolt
T00006236,A000319,C000408,LT,savings,2026-09-14,386.05,USD,success,Spotify
T00004837,A000014,C000402,LT,checking,2026-09-14,168.94,EUR,success,Tesco
T00002982,A000026,C000003,LT,checking,2026-09-14,456.42,GBP,success,Steam
T00002073,A000340,C000437,SE,credit,2026-09-14,100.45,EUR,success,Spotify
T00004023,A000426,C000217,LV,checking,2026-09-14,272.27,EUR,success,Spotify
T00001802,A000633,C000132,EE,credit,2026-09-14,330.27,GBP,success,IKEA
T00001197,A000274,C000133,EE,checking,2026-09-14,47.60,EUR,success,Tesco
T00008733,A000487,C000454,EE,savings,2026-09-14,222.51,GBP,success,IKEA
T00002350,A000388,C000380,FI,credit,2026-09-14,219.33,EUR,success,IKEA
T00005630,A000487,C000454,EE,savings,2026-09-14,323.28,EUR,success,Tesco
T00004342,A000222,C000118,LT,savings,2026-09-14,385.96,USD,success,Rimi
T00000893,A000676,C000363,LT,savings,2026-09-14,369.99,GBP,success,Netflix
T00009788,A000721,C000105,FI,credit,2026-09-14,76.53,EUR,success,Amazon
T00004973,A000253,C000193,EE,credit,2026-09-14,210.93,GBP,success,Amazon
T00007666,A000335,C000275,LV,savings,2026-09-14,70.88,USD,success,Airbnb
T00006450,A000485,C000457,FI,credit,2026-09-14,190.65,EUR,success,Wolt
T00001307,A000717,C000214,FI,savings,2026-09-14,476.62,GBP,success,Rimi
T00002607,A000695,C000214,FI,checking,2026-09-14,35.48,USD,success,Spotify
T00004966,A000551,C000363,LT,checking,2026-09-14,150.29,GBP,success,IKEA
T00000477,A000331,C000314,FI,credit,2026-09-14,76.79,GBP,pending,Bolt
T00006164,A000251,C000395,FI,savings,2026-09-14,492.24,USD,success,Spotify
T00009064,A000549,C000103,FI,savings,2026-09-14,326.82,EUR,failed,Airbnb
T00004901,A000547,C000459,LT,credit,2026-09-14,89.95,USD,success,Wolt
T00000134,A000253,C000193,EE,credit,2026-09-14,248.61,USD,success,Amazon
T00008477,A000705,C000473,LT,checking,2026-09-14,413.92,GBP,success,Amazon
T00007119,A000330,C000365,FI,savings,2026-09-14,122.98,USD,success,Amazon
T00004844,A000109,C000371,EE,savings,2026-09-14,107.10,USD,pending,Tesco
T00000930,A000377,C000499,FI,savings,2026-09-14,432.26,EUR,success,IKEA
T00003783,A000599,C000021,FI,credit,2026-09-14,402.73,GBP,success,Amazon
T00007490,A000638,C000085,LV,savings,2026-09-14,278.09,GBP,success,Amazon
T00000765,A000254,C000118,LT,savings,2026-09-14,10.02,EUR,success,Amazon
T00001831,A000448,C000129,SE,savings,2026-09-14,407.26,USD,success,Spotify
T00000908,A000022,C000343,FI,savings,2026-09-14,194.65,GBP,success,Amazon
T00004050,A000332,C000225,FI,checking,2026-09-14,132.66,GBP,success,Steam
T00000129,A000596,C000113,LV,checking,2026-09-14,465.10,USD,success,Amazon
T00009954,A000167,C000094,SE,checking,2026-09-14,170.31,USD,success,Steam
T00006269,A000638,C000085,LV,savings,2026-09-14,37.32,GBP,success,Bolt
T00005338,A000084,C000081,SE,credit,2026-09-14,443.47,GBP,success,Rimi
T00008046,A000110,C000266,LV,savings,2026-09-14,460.27,EUR,success,Spotify
T00006736,A000312,C000272,EE,savings,2026-09-14,329.39,GBP,failed,Wolt
T00002792,A000054,C000171,FI,checking,2026-09-14,397.83,EUR,success,Netflix
T00005558,A000490,C000384,LT,savings,2026-09-14,230.51,GBP,success,Bolt
T00003078,A000745,C000012,LV,savings,2026-09-14,448.70,USD,success,Netflix
T00001107,A000027,C000101,EE,checking,2026-09-14,354.86,GBP,failed,Steam
T00008623,A000694,C000354,EE,checking,2026-09-14,265.95,GBP,success,Wolt
T00009220,A000138,C000307,FI,savings,2026-09-14,65.15,USD,success,Steam
T00003518,A000287,C000173,LV,checking,2026-09-14,115.34,EUR,success,Rimi
T00007305,A000015,C000110,FI,savings,2026-09-14,193.84,USD,success,Tesco
T00007997,A000316,C000489,EE,credit,2026-09-14,254.31,EUR,success,Tesco
T00008825,A000545,C000269,SE,savings,2026-09-14,372.37,GBP,pending,Bolt
T00004256,A000148,C000078,FI,savings,2026-09-14,122.03,GBP,success,Bolt
T00006506,A000482,C000152,FI,checking,2026-09-14,43.58,GBP,success,Rimi
T00006153,A000111,C000404,LT,credit,2026-09-14,297.23,USD,success,Wolt
T00006724,A000741,C000250,LT,credit,2026-09-14,54.70,EUR,success,Amazon
T00002602,A000738,C000022,LV,savings,2026-09-14,200.79,USD,success,Spotify
T00005805,A000367,C000072,FI,credit,2026-09-14,206.45,GBP,success,Steam
T00002399,A000298,C000073,LV,savings,2026-09-14,224.02,USD,success,Rimi
T00006365,A000004,C000410,LT,credit,2026-09-14,100.15,EUR,success,IKEA
T00002649,A000338,C000123,FI,credit,2026-09-14,154.30,USD,success,Airbnb
T00007811,A000042,C000411,FI,savings,2026-09-14,218.29,GBP,success,Netflix
T00008297,A000146,C000255,FI,savings,2026-09-14,345.36,EUR,success,IKEA
T00006421,A000080,C000362,FI,credit,2026-09-14,329.42,USD,success,Rimi
T00003665,A000544,C000081,SE,checking,2026-09-14,41.47,EUR,success,Spotify
T00005508,A000376,C000281,EE,credit,2026-09-14,358.02,GBP,success,Tesco
T00001180,A000716,C000190,LT,credit,2026-09-14,498.72,GBP,success,Amazon
T00008430,A000309,C000212,LV,credit,2026-09-14,213.43,EUR,success,Netflix
T00002686,A000256,C000023,FI,checking,2026-09-14,459.96,EUR,success,Amazon
T00000942,A000639,C000321,SE,savings,2026-09-14,119.71,GBP,success,Bolt
T00002767,A000597,C000361,EE,savings,2026-09-14,494.44,EUR,success,IKEA
T00003439,A000100,C000056,LT,checking,2026-09-14,116.90,EUR,success,Amazon
T00006576,A000309,C000212,LV,credit,2026-09-14,342.39,USD,success,Wolt
T00008725,A000739,C000420,FI,credit,2026-09-14,444.77,EUR,success,Bolt
T00002507,A000079,C000205,SE,savings,2026-09-14,158.90,EUR,success,Netflix
T00001301,A000403,C000250,LT,savings,2026-09-14,325.13,EUR,success,Airbnb
T00002281,A000628,C000384,LT,savings,2026-09-14,254.85,EUR,success,Rimi
T00006181,A000068,C000281,EE,credit,2026-09-14,182.64,GBP,success,Bolt
T00007580,A000257,C000243,LT,checking,2026-09-14,359.87,USD,success,Airbnb
T00007096,A000100,C000056,LT,checking,2026-09-14,472.70,EUR,success,Tesco
T00006426,A000738,C000022,LV,savings,2026-09-14,288.86,EUR,success,Airbnb
T00009282,A000165,C000061,EE,credit,2026-09-14,93.56,GBP,failed,Rimi
T00004251,A000526,C000175,SE,credit,2026-09-14,242.83,GBP,success,Wolt
T00002417,A000211,C000349,LT,checking,2026-09-14,40.34,EUR,success,Netflix
T00008389,A000370,C000268,LT,checking,2026-09-14,144.77,GBP,success,Wolt
T00001074,A000258,C000207,LT,credit,2026-09-14,214.08,EUR,success,Rimi
T00006103,A000628,C000384,LT,savings,2026-09-14,489.64,GBP,success,IKEA
T00000293,A000164,C000015,LT,savings,2026-09-14,70.75,EUR,success,Netflix
T00008818,A000099,C000455,LV,checking,2026-09-14,8.43,EUR,success,Rimi
T00004397,A000304,C000494,SE,savings,2026-09-14,266.89,USD,failed,Amazon
T00006618,A000170,C000092,SE,savings,2026-09-14,325.71,GBP,success,Spotify
T00004114,A000386,C000071,LV,credit,2026-09-14,318.58,EUR,success,IKEA
T00003970,A000297,C000186,LT,credit,2026-09-14,167.87,GBP,success,Airbnb
T00001016,A000078,C000215,FI,checking,2026-09-14,261.82,GBP,success,Wolt
T00005085,A000403,C000250,LT,savings,2026-09-14,278.07,EUR,success,Airbnb
T00006272,A000114,C000409,SE,credit,2026-09-14,421.10,GBP,success,Rimi
T00005105,A000223,C000070,LV,savings,2026-09-14,320.24,USD,success,Amazon
T00001763,A000259,C000350,SE,savings,2026-09-14,152.84,EUR,success,Tesco
T00009292,A000000,C000276,LT,credit,2026-09-14,60.89,GBP,success,Netflix
T00008055,A000626,C000353,SE,credit,2026-09-14,386.70,GBP,success,Amazon
T00004066,A000140,C000330,LV,savings,2026-09-14,360.30,USD,success,Steam
T00000185,A000147,C000484,SE,credit,2026-09-14,484.03,GBP,success,Netflix
T00003626,A000070,C000191,FI,savings,2026-09-14,271.61,EUR,success,IKEA
T00000667,A000336,C000114,EE,credit,2026-09-14,269.98,EUR,success,Airbnb
T00006803,A000556,C000111,SE,checking,2026-09-14,414.33,USD,pending,IKEA
T00006099,A000326,C000219,LV,checking,2026-09-14,461.51,EUR,success,Steam
T00000456,A000115,C000015,LT,checking,2026-09-14,13.05,GBP,success,Tesco
T00002337,A000098,C000234,LV,credit,2026-09-14,88.12,EUR,success,Netflix
T00008742,A000116,C000432,FI,credit,2026-09-14,255.67,EUR,success,Wolt
T00008308,A000116,C000432,FI,credit,2026-09-14,411.38,USD,success,IKEA
T00007671,A000360,C000239,LV,checking,2026-09-14,116.48,USD,success,Wolt
T00007340,A000326,C000219,LV,checking,2026-09-14,190.88,EUR,success,Tesco
T00007959,A000001,C000399,SE,savings,2026-09-14,237.59,USD,success,Spotify
T00009422,A000214,C000361,EE,savings,2026-09-14,365.18,EUR,success,Airbnb
T00002263,A000675,C000482,LT,credit,2026-09-14,438.25,USD,success,IKEA
T00002735,A000557,C000003,LT,savings,2026-09-14,487.96,EUR,success,Bolt
T00005246,A000116,C000432,FI,credit,2026-09-14,339.44,EUR,success,Amazon
T00005270,A000244,C000451,EE,savings,2026-09-14,253.40,GBP,success,Rimi
T00008889,A000643,C000277,FI,credit,2026-09-14,447.09,USD,failed,Netflix
T00005313,A000625,C000311,EE,savings,2026-09-14,116.23,USD,success,IKEA
T00009304,A000369,C000387,LV,savings,2026-09-14,13.71,USD,success,Spotify
T00007881,A000643,C000277,FI,credit,2026-09-14,116.14,EUR,success,Steam
T00004890,A000579,C000328,FI,savings,2026-09-14,333.17,EUR,success,Airbnb
T00002969,A000714,C000017,FI,checking,2026-09-14,441.11,EUR,success,Amazon
T00002423,A000185,C000188,EE,credit,2026-09-14,229.04,GBP,success,Tesco
T00001644,A000005,C000328,FI,savings,2026-09-14,209.36,GBP,success,Tesco
T00001529,A000029,C000223,EE,credit,2026-09-14,370.39,EUR,success,Wolt
T00009995,A000700,C000205,SE,checking,2026-09-14,367.52,GBP,success,Spotify
T00009049,A000497,C000285,LV,savings,2026-09-14,120.55,EUR,success,Spotify
T00002446,A000527,C000302,FI,savings,2026-09-14,37.13,USD,success,Amazon
T00001298,A000096,C000245,LV,savings,2026-09-14,45.83,EUR,success,Airbnb
T00002412,A000096,C000245,LV,savings,2026-09-14,399.87,EUR,pending,Bolt
T00006854,A000693,C000424,EE,checking,2026-09-14,93.25,USD,success,Wolt
T00005785,A000280,C000069,LT,checking,2026-09-14,4.71,USD,success,Bolt
T00005701,A000117,C000141,SE,savings,2026-09-14,82.46,GBP,success,Rimi
T00006634,A000745,C000012,LV,savings,2026-09-14,251.41,EUR,success,Netflix
T00005767,A000339,C000345,EE,credit,2026-09-14,371.16,GBP,success,Steam
T00001257,A000603,C000437,SE,savings,2026-09-14,360.45,EUR,success,Tesco
T00002022,A000187,C000279,LT,savings,2026-09-14,482.52,USD,success,IKEA
T00005620,A000540,C000482,LT,savings,2026-09-14,400.13,GBP,success,Tesco
T00001563,A000139,C000420,FI,checking,2026-09-14,413.54,EUR,success,Spotify
T00008153,A000565,C000045,FI,credit,2026-09-14,251.72,GBP,pending,Amazon
T00001947,A000240,C000059,LT,savings,2026-09-14,349.29,GBP,success,Spotify
T00005350,A000137,C000007,FI,credit,2026-09-14,472.44,EUR,success,IKEA
T00000737,A000434,C000015,LT,credit,2026-09-14,48.66,EUR,success,Rimi
T00002820,A000713,C000354,EE,checking,2026-09-14,171.90,GBP,success,Steam
T00004799,A000698,C000387,LV,credit,2026-09-14,5.28,EUR,success,Airbnb
T00000511,A000637,C000457,FI,checking,2026-09-13,409.35,EUR,success,Bolt
T00006608,A000004,C000410,LT,credit,2026-09-13,185.33,GBP,success,Spotify
T00001389,A000168,C000101,EE,checking,2026-09-13,55.90,USD,success,Steam
T00009420,A000169,C000242,FI,checking,2026-09-13,394.48,EUR,success,Bolt
T00004642,A000169,C000242,FI,checking,2026-09-13,246.60,USD,success,Airbnb
T00003423,A000342,C000084,LT,credit,2026-09-13,439.36,GBP,success,Rimi
T00006691,A000191,C000363,LT,savings,2026-09-13,246.72,EUR,success,Bolt
T00001312,A000569,C000368,EE,checking,2026-09-13,13.84,GBP,success,Wolt
T00005040,A000172,C000459,LT,checking,2026-09-13,457.27,EUR,success,Wolt
T00002586,A000190,C000436,LT,savings,2026-09-13,413.58,USD,success,Wolt
T00002708,A000549,C000103,FI,savings,2026-09-13,91.78,GBP,success,Netflix
T00003249,A000189,C000348,SE,checking,2026-09-13,379.58,USD,success,Amazon
T00007234,A000342,C000084,LT,credit,2026-09-13,74.67,GBP,success,Bolt
T00000741,A000173,C000233,EE,credit,2026-09-13,307.51,GBP,success,Rimi
T00003457,A000186,C000047,LT,savings,2026-09-13,134.06,USD,success,Airbnb
T00007454,A000566,C000056,LT,checking,2026-09-13,3.15,USD,success,Netflix
T00009352,A000565,C000045,FI,credit,2026-09-13,110.59,USD,success,IKEA
T00003994,A000184,C000266,LV,savings,2026-09-13,400.23,USD,success,Amazon
T00009139,A000555,C000379,FI,credit,2026-09-13,242.46,GBP,success,Steam
T00008985,A000555,C000379,FI,credit,2026-09-13,147.13,EUR,success,Wolt
T00008748,A000177,C000115,FI,savings,2026-09-13,314.84,USD,success,Rimi
T00008152,A000177,C000115,FI,savings,2026-09-13,190.47,EUR,success,Netflix
T00009644,A000184,C000266,LV,savings,2026-09-13,249.25,GBP,failed,Spotify
T00004147,A000182,C000230,FI,checking,2026-09-13,383.36,EUR,success,Amazon
T00002245,A000180,C000163,LV,credit,2026-09-13,72.21,EUR,success,Tesco
T00004149,A000367,C000072,FI,credit,2026-09-13,161.39,USD,success,Tesco
T00007652,A000392,C000010,LT,credit,2026-09-13,44.68,GBP,success,Airbnb
T00004584,A000392,C000010,LT,credit,2026-09-13,435.53,USD,success,Amazon
T00005082,A000393,C000457,FI,savings,2026-09-13,220.13,EUR,success,Netflix
T00004020,A000339,C000345,EE,credit,2026-09-13,330.09,GBP,success,Steam
T00001417,A000732,C000382,LT,credit,2026-09-13,249.86,EUR,success,Tesco
T00003348,A000338,C000123,FI,credit,2026-09-13,375.86,GBP,failed,Spotify
T00004691,A000337,C000239,LV,credit,2026-09-13,485.92,USD,success,Bolt
T00002666,A000728,C000034,EE,checking,2026-09-13,420.52,USD,success,Bolt
T00008890,A000400,C000152,FI,savings,2026-09-13,479.74,EUR,success,Amazon
T00006215,A000018,C000059,LT,credit,2026-09-13,470.20,USD,success,Airbnb
T00004352,A000335,C000275,LV,savings,2026-09-13,410.93,GBP,success,Bolt
T00005898,A000018,C000059,LT,credit,2026-09-13,49.20,USD,success,Spotify
T00002524,A000400,C000152,FI,savings,2026-09-13,146.35,USD,success,Airbnb
T00006788,A000020,C000063,EE,credit,2026-09-13,484.27,EUR,success,Rimi
T00001615,A000401,C000469,LV,savings,2026-09-13,189.05,USD,success,Rimi
T00004012,A000723,C000438,LT,credit,2026-09-13,178.78,USD,success,Rimi
T00009863,A000404,C000034,EE,credit,2026-09-13,325.36,GBP,success,Amazon
T00009522,A000723,C000438,LT,credit,2026-09-13,281.36,EUR,success,Wolt
T00007550,A000332,C000225,FI,checking,2026-09-13,129.35,EUR,success,Netflix
T00008868,A000024,C000377,LV,checking,2026-09-13,287.95,USD,success,Wolt
T00005346,A000024,C000377,LV,checking,2026-09-13,436.59,GBP,success,Airbnb
T00001051,A000378,C000281,EE,checking,2026-09-13,308.88,USD,success,IKEA
T00003374,A000025,C000265,FI,checking,2026-09-13,257.23,EUR,success,Bolt
T00001428,A000720,C000001,SE,credit,2026-09-13,135.01,USD,success,Netflix
T00007741,A000406,C000263,EE,checking,2026-09-13,378.42,GBP,success,Bolt
T00004605,A000406,C000263,EE,checking,2026-09-13,47.10,EUR,success,Spotify
T00005301,A000719,C000481,EE,savings,2026-09-13,178.65,GBP,success,Bolt
T00009246,A000331,C000314,FI,credit,2026-09-13,36.56,EUR,success,Bolt
T00007926,A000719,C000481,EE,savings,2026-09-13,470.88,USD,success,Tesco
T00009279,A000718,C000265,FI,checking,2026-09-13,349.76,EUR,success,Airbnb
T00008566,A000407,C000145,LV,savings,2026-09-13,221.33,USD,failed,Rimi
T00003027,A000328,C000142,FI,savings,2026-09-13,355.12,EUR,success,Netflix
T00004127,A000028,C000264,EE,checking,2026-09-13,180.25,EUR,success,Steam
T00009336,A000327,C000169,LV,savings,2026-09-13,445.53,USD,success,Netflix
T00005905,A000326,C000219,LV,checking,2026-09-13,458.08,EUR,success,Spotify
T00008460,A000410,C000047,LT,credit,2026-09-13,418.58,EUR,success,Netflix
T00004192,A000029,C000223,EE,credit,2026-09-13,250.35,USD,success,Airbnb
T00006094,A000412,C000155,EE,checking,2026-09-13,335.87,USD,success,Airbnb
T00007233,A000325,C000142,FI,savings,2026-09-13,133.81,GBP,success,Netflix
T00000743,A000324,C000281,EE,credit,2026-09-13,100.27,EUR,success,Airbnb
T00002415,A000352,C000252,FI,credit,2026-09-13,400.20,EUR,success,IKEA
T00006509,A000413,C000307,FI,savings,2026-09-13,228.02,EUR,success,Amazon
T00009800,A000414,C000427,SE,credit,2026-09-13,310.18,USD,success,Bolt
T00009208,A000713,C000354,EE,checking,2026-09-13,462.19,EUR,success,IKEA
T00009895,A000378,C000281,EE,checking,2026-09-13,371.93,USD,success,Rimi
T00003403,A000033,C000071,LV,checking,2026-09-13,389.71,EUR,success,Tesco
T00001264,A000415,C000226,SE,credit,2026-09-13,217.66,EUR,failed,Tesco
T00005991,A000710,C000207,LT,checking,2026-09-13,38.41,EUR,success,Airbnb
T00006954,A000323,C000315,LT,savings,2026-09-13,255.19,USD,success,Tesco
T00002756,A000416,C000309,EE,savings,2026-09-13,77.11,USD,success,Tesco
T00007186,A000709,C000493,FI,savings,2026-09-13,482.42,EUR,success,Wolt
T00006059,A000322,C000218,SE,savings,2026-09-13,294.33,USD,success,Steam
T00003383,A000321,C000194,LV,checking,2026-09-13,470.10,USD,success,Rimi
T00003554,A000707,C000086,SE,savings,2026-09-13,233.74,USD,success,Steam
T00001522,A000320,C000197,LT,savings,2026-09-13,223.72,USD,success,Rimi
T00004001,A000707,C000086,SE,savings,2026-09-13,300.33,EUR,success,Amazon
T00008488,A000420,C000121,LV,checking,2026-09-13,89.13,USD,success,Amazon
T00006440,A000421,C000106,SE,checking,2026-09-13,60.98,USD,success,Tesco
T00000109,A000701,C000305,LT,checking,2026-09-13,26.09,USD,success,Wolt
T00007478,A000701,C000305,LT,checking,2026-09-13,212.33,GBP,success,Netflix
T00004052,A000423,C000138,FI,credit,2026-09-13,357.66,GBP,success,Rimi
T00003659,A000423,C000138,FI,credit,2026-09-13,471.69,GBP,success,Tesco
T00003780,A000042,C000411,FI,savings,2026-09-13,116.51,USD,success,Netflix
T00009664,A000700,C000205,SE,checking,2026-09-13,417.16,USD,success,Airbnb
T00008283,A000314,C000099,LV,credit,2026-09-13,2.42,USD,success,Amazon
T00001556,A000313,C000285,LV,checking,2026-09-13,176.14,EUR,success,Bolt
T00000284,A000046,C000002,LT,checking,2026-09-13,387.36,GBP,success,Airbnb
T00008345,A000313,C000285,LV,checking,2026-09-13,63.92,USD,success,Bolt
T00006024,A000736,C000339,SE,checking,2026-09-13,189.06,GBP,success,Amazon
T00000046,A000695,C000214,FI,checking,2026-09-13,166.93,EUR,success,Bolt
T00003745,A000377,C000499,FI,savings,2026-09-13,103.34,GBP,success,Steam
T00002678,A000695,C000214,FI,checking,2026-09-13,473.91,EUR,success,IKEA
T00000009,A000000,C000276,LT,credit,2026-09-13,225.42,GBP,failed,Airbnb
T00009133,A000351,C000229,SE,credit,2026-09-13,120.91,GBP,success,Airbnb
T00008097,A000431,C000230,FI,savings,2026-09-13,94.70,EUR,success,Wolt
T00007869,A000691,C000237,EE,checking,2026-09-13,497.03,GBP,success,Tesco
T00000682,A000690,C000278,FI,checking,2026-09-13,467.60,EUR,success,Wolt
T00003063,A000690,C000278,FI,checking,2026-09-13,265.03,USD,success,Bolt
T00005738,A000052,C000459,LT,checking,2026-09-13,223.57,EUR,success,Amazon
T00004913,A000307,C000231,LT,savings,2026-09-13,96.70,USD,success,Rimi
T00007101,A000377,C000499,FI,savings,2026-09-13,157.45,GBP,failed,Netflix
T00002736,A000052,C000459,LT,checking,2026-09-13,432.83,EUR,success,Rimi
T00005600,A000689,C000426,LT,credit,2026-09-13,247.32,GBP,success,Netflix
T00007633,A000053,C000422,EE,savings,2026-09-13,481.90,USD,success,Tesco
T00009354,A000377,C000499,FI,savings,2026-09-13,158.54,USD,success,Airbnb
T00002224,A000304,C000494,SE,savings,2026-09-13,144.45,USD,success,Netflix
T00003278,A000053,C000422,EE,savings,2026-09-13,45.29,EUR,success,Spotify
T00009584,A000304,C000494,SE,savings,2026-09-13,67.07,EUR,success,Steam
T00007457,A000303,C000132,EE,credit,2026-09-13,314.70,GBP,success,Bolt
T00001765,A000687,C000441,EE,credit,2026-09-13,352.58,EUR,success,IKEA
T00004374,A000439,C000418,LV,credit,2026-09-13,232.18,USD,success,Tesco
T00003564,A000686,C000037,EE,savings,2026-09-13,278.01,EUR,success,Rimi
T00008812,A000301,C000312,LT,savings,2026-09-13,255.11,GBP,success,Netflix
T00000994,A000055,C000025,FI,credit,2026-09-13,132.23,USD,success,Spotify
T00005095,A000683,C000361,EE,checking,2026-09-13,295.07,USD,success,IKEA
T00005783,A000059,C000415,SE,credit,2026-09-13,216.29,GBP,success,Amazon
T00009076,A000443,C000495,LV,checking,2026-09-13,347.37,USD,failed,Steam
T00006793,A000060,C000199,SE,savings,2026-09-13,433.07,EUR,success,Spotify
T00008688,A000682,C000075,EE,checking,2026-09-13,23.40,GBP,success,Wolt
T00001854,A000060,C000199,SE,savings,2026-09-13,170.72,EUR,success,Rimi
T00005387,A000297,C000186,LT,credit,2026-09-13,156.20,GBP,success,Tesco
T00007618,A000297,C000186,LT,credit,2026-09-13,162.11,USD,pending,Bolt
T00006985,A000681,C000355,FI,savings,2026-09-13,376.57,EUR,success,Bolt
T00007204,A000681,C000355,FI,savings,2026-09-13,57.05,USD,success,Bolt
T00005838,A000061,C000348,SE,checking,2026-09-13,407.80,USD,success,IKEA
T00006668,A000295,C000244,SE,checking,2026-09-13,22.90,GBP,success,Spotify
T00004749,A000678,C000325,LT,savings,2026-09-13,112.94,GBP,success,Steam
T00004766,A000293,C000232,SE,checking,2026-09-13,22.08,GBP,success,Rimi
T00003260,A000359,C000470,LV,checking,2026-09-13,86.82,GBP,success,Airbnb
T00004333,A000747,C000422,EE,savings,2026-09-13,494.60,GBP,success,Amazon
T00003202,A000676,C000363,LT,savings,2026-09-13,231.69,GBP,success,Steam
T00004834,A000676,C000363,LT,savings,2026-09-13,309.80,USD,success,IKEA
T00000131,A000064,C000160,LT,credit,2026-09-13,455.41,EUR,success,IKEA
T00001250,A000290,C000478,LT,savings,2026-09-13,270.58,USD,success,Tesco
T00001449,A000449,C000052,FI,checking,2026-09-13,417.89,EUR,failed,Amazon
T00002314,A000065,C000137,LV,credit,2026-09-13,356.14,EUR,success,Bolt
T00001884,A000450,C000236,LT,checking,2026-09-13,421.66,USD,success,Netflix
T00009675,A000289,C000442,LV,savings,2026-09-13,420.07,EUR,success,Tesco
T00005498,A000288,C000038,SE,credit,2026-09-13,241.08,EUR,success,Rimi
T00003952,A000451,C000268,LT,savings,2026-09-13,315.23,GBP,success,IKEA
T00009404,A000673,C000446,LV,savings,2026-09-13,328.12,USD,success,Bolt
T00001429,A000672,C000029,SE,credit,2026-09-13,244.48,USD,failed,Netflix
T00004049,A000068,C000281,EE,credit,2026-09-13,206.90,USD,success,Amazon
T00003377,A000068,C000281,EE,credit,2026-09-13,40.67,GBP,success,Amazon
T00001075,A000068,C000281,EE,credit,2026-09-13,176.75,GBP,success,Wolt
T00005647,A000384,C000199,SE,checking,2026-09-13,37.64,EUR,success,Tesco
T00004755,A000668,C000344,EE,checking,2026-09-13,427.99,GBP,failed,Wolt
T00009120,A000350,C000344,EE,savings,2026-09-13,492.17,EUR,success,Spotify
T00005769,A000072,C000148,LV,credit,2026-09-13,346.64,GBP,success,Rimi
T00009444,A000456,C000146,SE,credit,2026-09-13,401.41,GBP,success,IKEA
T00007287,A000283,C000443,SE,checking,2026-09-13,386.71,GBP,success,Tesco
T00008137,A000074,C000212,LV,savings,2026-09-13,276.75,USD,success,IKEA
T00005651,A000665,C000077,FI,credit,2026-09-13,166.68,EUR,success,Spotify
T00006409,A000076,C000217,LV,credit,2026-09-13,413.07,USD,success,Netflix
T00005102,A000281,C000279,LT,savings,2026-09-13,264.63,EUR,success,Amazon
T00002343,A000077,C000100,LT,savings,2026-09-13,260.48,USD,success,Amazon
T00008238,A000078,C000215,FI,checking,2026-09-13,270.82,USD,success,Rimi
T00006347,A000660,C000298,LT,savings,2026-09-13,142.05,EUR,success,Netflix
T00003936,A000279,C000246,EE,credit,2026-09-13,36.17,EUR,success,IKEA
T00003147,A000277,C000159,SE,credit,2026-09-13,436.07,GBP,success,Airbnb
T00006920,A000657,C000317,EE,checking,2026-09-13,210.89,GBP,success,Netflix
T00002309,A000348,C000104,EE,savings,2026-09-13,90.19,EUR,success,Steam
T00009720,A000657,C000317,EE,checking,2026-09-13,123.80,GBP,success,Bolt
T00001179,A000656,C000491,EE,savings,2026-09-13,351.01,GBP,success,Spotify
T00003849,A000465,C000174,LV,checking,2026-09-13,326.75,EUR,success,Airbnb
T00002153,A000274,C000133,EE,checking,2026-09-13,33.76,EUR,success,Wolt
T00003079,A000656,C000491,EE,savings,2026-09-13,218.30,USD,success,Bolt
T00009932,A000466,C000496,SE,credit,2026-09-13,180.49,EUR,success,Spotify
T00008631,A000738,C000022,LV,savings,2026-09-13,111.08,GBP,success,IKEA
T00009231,A000273,C000223,EE,credit,2026-09-13,283.22,USD,success,Netflix
T00002888,A000654,C000133,EE,savings,2026-09-13,460.94,EUR,success,Spotify
T00001549,A000087,C000270,FI,credit,2026-09-13,32.69,GBP,success,Netflix
T00006577,A000088,C000497,EE,credit,2026-09-13,457.75,EUR,failed,Tesco
T00000370,A000089,C000320,SE,credit,2026-09-13,266.54,USD,failed,Spotify
T00003257,A000469,C000254,FI,savings,2026-09-13,147.65,USD,success,Spotify
T00003286,A000470,C000226,SE,checking,2026-09-13,256.80,GBP,success,Steam
T00009433,A000651,C000051,FI,credit,2026-09-13,234.35,EUR,success,Netflix
T00004221,A000360,C000239,LV,checking,2026-09-13,434.51,EUR,success,Airbnb
T00005820,A000471,C000403,EE,savings,2026-09-13,184.43,EUR,success,Bolt
T00004481,A000471,C000403,EE,savings,2026-09-13,69.94,EUR,success,Netflix
T00003049,A000745,C000012,LV,savings,2026-09-13,99.31,EUR,success,Spotify
T00004733,A000650,C000428,EE,credit,2026-09-13,44.96,USD,success,Spotify
T00006239,A000472,C000098,FI,checking,2026-09-13,222.40,USD,success,Tesco
T00006884,A000648,C000165,LT,savings,2026-09-13,424.33,GBP,success,Tesco
T00008863,A000648,C000165,LT,savings,2026-09-13,149.17,GBP,success,Tesco
T00004497,A000647,C000264,EE,credit,2026-09-13,342.68,EUR,success,IKEA
T00007403,A000475,C000406,SE,credit,2026-09-13,217.04,EUR,success,Netflix
T00007144,A000647,C000264,EE,credit,2026-09-13,293.23,GBP,success,Rimi
T00005315,A000095,C000088,FI,credit,2026-09-13,63.70,GBP,success,Spotify
T00004961,A000096,C000245,LV,savings,2026-09-13,375.55,EUR,success,IKEA
T00001916,A000096,C000245,LV,savings,2026-09-13,269.92,GBP,success,Wolt
T00001078,A000644,C000136,LT,credit,2026-09-13,59.92,EUR,success,Spotify
T00003313,A000479,C000350,SE,checking,2026-09-13,100.37,EUR,failed,Bolt
T00008546,A000099,C000455,LV,checking,2026-09-13,124.09,USD,success,Steam
T00004411,A000100,C000056,LT,checking,2026-09-13,385.36,EUR,success,Amazon
T00004524,A000257,C000243,LT,checking,2026-09-13,238.53,EUR,success,Wolt
T00002619,A000639,C000321,SE,savings,2026-09-13,401.36,GBP,success,Spotify
T00002300,A000638,C000085,LV,savings,2026-09-13,95.46,USD,success,Tesco
T00006859,A000256,C000023,FI,checking,2026-09-13,453.41,EUR,success,Tesco
T00005133,A000102,C000395,FI,credit,2026-09-13,404.00,GBP,success,Amazon
T00005645,A000167,C000094,SE,checking,2026-09-13,439.18,EUR,success,Steam
T00007528,A000484,C000428,EE,savings,2026-09-13,457.66,GBP,success,Bolt
T00007978,A000103,C000060,EE,checking,2026-09-13,360.42,EUR,success,Rimi
T00006741,A000103,C000060,EE,checking,2026-09-13,244.95,EUR,success,Bolt
T00004970,A000103,C000060,EE,checking,2026-09-13,388.12,EUR,success,IKEA
T00000205,A000635,C000490,SE,credit,2026-09-13,490.90,USD,success,Netflix
T00007388,A000253,C000193,EE,credit,2026-09-13,151.81,GBP,success,Netflix
T00003951,A000635,C000490,SE,credit,2026-09-13,24.52,EUR,success,Steam
T00005178,A000635,C000490,SE,credit,2026-09-13,300.26,GBP,success,Tesco
T00001713,A000634,C000114,EE,credit,2026-09-13,226.97,EUR,success,IKEA
T00002912,A000252,C000486,FI,checking,2026-09-13,464.77,EUR,success,Tesco
T00000498,A000372,C000096,FI,savings,2026-09-13,266.04,EUR,success,Wolt
T00006060,A000252,C000486,FI,checking,2026-09-13,417.75,EUR,success,Tesco
T00006102,A000109,C000371,EE,savings,2026-09-13,212.62,EUR,success,Netflix
T00000144,A000488,C000232,SE,savings,2026-09-13,52.56,USD,success,Airbnb
T00002695,A000109,C000371,EE,savings,2026-09-13,123.98,GBP,failed,Rimi
T00005776,A000250,C000373,SE,checking,2026-09-13,42.61,EUR,success,Bolt
T00002342,A000490,C000384,LT,savings,2026-09-13,148.54,USD,success,Bolt
T00005703,A000629,C000403,EE,checking,2026-09-13,493.74,USD,success,Netflix
T00007439,A000492,C000458,EE,credit,2026-09-13,129.11,USD,success,Netflix
T00007746,A000247,C000272,EE,checking,2026-09-13,39.14,EUR,success,Wolt
T00007770,A000247,C000272,EE,checking,2026-09-13,188.50,GBP,success,Bolt
T00007814,A000116,C000432,FI,credit,2026-09-13,34.23,EUR,success,Steam
T00002877,A000116,C000432,FI,credit,2026-09-13,121.58,USD,success,Netflix
T00007921,A000117,C000141,SE,savings,2026-09-13,383.32,USD,success,Bolt
T00001495,A000362,C000043,LT,credit,2026-09-13,495.59,USD,success,Amazon
T00002295,A000623,C000173,LV,credit,2026-09-13,329.32,USD,success,Steam
T00007500,A000498,C000363,LT,credit,2026-09-13,449.03,GBP,failed,Wolt
T00004747,A000499,C000337,EE,savings,2026-09-13,455.85,GBP,success,Airbnb
T00000503,A000379,C000349,LT,credit,2026-09-13,440.41,EUR,success,Bolt
T00006008,A000237,C000435,FI,savings,2026-09-13,75.45,USD,failed,Bolt
T00000582,A000002,C000487,FI,credit,2026-09-13,352.16,EUR,success,Amazon
T00004140,A000124,C000425,LT,credit,2026-09-13,224.50,EUR,success,Wolt
T00003978,A000504,C000449,FI,credit,2026-09-13,467.51,EUR,success,Tesco
T00003838,A000504,C000449,FI,credit,2026-09-13,465.29,GBP,success,Rimi
T00003837,A000126,C000437,SE,credit,2026-09-13,89.98,GBP,success,Spotify
T00000473,A000614,C000083,LV,savings,2026-09-13,36.20,GBP,success,IKEA
T00000628,A000613,C000401,SE,checking,2026-09-13,226.38,USD,success,Steam
T00009605,A000231,C000206,EE,checking,2026-09-13,427.05,GBP,success,IKEA
T00002712,A000508,C000123,FI,credit,2026-09-13,398.06,EUR,success,Netflix
T00003098,A000006,C000455,LV,checking,2026-09-13,108.76,EUR,success,Bolt
T00003458,A000610,C000255,FI,savings,2026-09-13,498.70,GBP,success,Steam
T00008671,A000513,C000255,FI,credit,2026-09-13,99.24,USD,success,Netflix
T00007968,A000513,C000255,FI,credit,2026-09-13,253.93,GBP,failed,Netflix
T00007585,A000513,C000255,FI,credit,2026-09-13,128.22,EUR,success,Steam
T00008943,A000136,C000042,SE,savings,2026-09-13,271.53,EUR,success,Spotify
T00004381,A000743,C000077,FI,savings,2026-09-13,8.42,EUR,success,Bolt
T00001951,A000514,C000251,LV,credit,2026-09-13,121.49,GBP,success,Amazon
T00009498,A000516,C000047,LT,savings,2026-09-13,343.63,USD,success,Bolt
T00007395,A000516,C000047,LT,savings,2026-09-13,278.44,EUR,success,Netflix
T00007316,A000516,C000047,LT,savings,2026-09-13,129.95,EUR,success,Wolt
T00000256,A000605,C000109,SE,credit,2026-09-13,485.45,USD,failed,Airbnb
T00009594,A000517,C000338,SE,credit,2026-09-13,462.15,USD,success,Spotify
T00005753,A000142,C000087,FI,checking,2026-09-13,269.05,EUR,success,Bolt
T00000686,A000604,C000085,LV,checking,2026-09-13,231.84,USD,success,Bolt
T00002195,A000220,C000240,LV,credit,2026-09-13,485.97,EUR,success,Rimi
T00006006,A000601,C000412,EE,savings,2026-09-13,307.17,USD,success,Airbnb
T00009630,A000522,C000009,FI,checking,2026-09-13,108.76,GBP,success,Spotify
T00008145,A000522,C000009,FI,checking,2026-09-13,270.86,EUR,success,Bolt
T00003622,A000599,C000021,FI,credit,2026-09-13,200.08,EUR,success,Netflix
T00000683,A000522,C000009,FI,checking,2026-09-13,235.81,USD,success,Bolt
T00000429,A000522,C000009,FI,checking,2026-09-13,120.51,USD,success,Bolt
T00001991,A000215,C000320,SE,checking,2026-09-13,21.28,USD,success,Spotify
T00005412,A000525,C000353,SE,savings,2026-09-13,490.28,USD,success,Airbnb
T00000087,A000596,C000113,LV,checking,2026-09-13,185.32,USD,failed,Bolt
T00000978,A000214,C000361,EE,savings,2026-09-13,186.10,GBP,success,Airbnb
T00009415,A000149,C000211,FI,savings,2026-09-13,52.07,GBP,success,Tesco
T00004176,A000370,C000268,LT,checking,2026-09-13,405.48,USD,success,Bolt
T00008916,A000528,C000164,LT,credit,2026-09-13,277.50,EUR,success,IKEA
T00005578,A000528,C000164,LT,credit,2026-09-13,423.61,EUR,success,Rimi
T00001338,A000529,C000290,EE,savings,2026-09-13,497.25,EUR,success,Wolt
T00007317,A000151,C000165,LT,credit,2026-09-13,263.39,EUR,success,IKEA
T00002064,A000742,C000248,FI,credit,2026-09-13,310.87,EUR,success,Bolt
T00000665,A000151,C000165,LT,credit,2026-09-13,210.44,GBP,success,IKEA
T00008291,A000592,C000085,LV,savings,2026-09-13,163.99,EUR,success,Steam
T00007871,A000589,C000261,EE,checking,2026-09-13,276.81,EUR,success,Wolt
T00005860,A000005,C000328,FI,savings,2026-09-13,309.57,GBP,success,Netflix
T00008210,A000207,C000153,EE,savings,2026-09-13,86.66,USD,success,Steam
T00002424,A000586,C000221,FI,checking,2026-09-13,282.99,EUR,success,Amazon
T00003573,A000586,C000221,FI,checking,2026-09-13,397.23,USD,success,Wolt
T00009820,A000206,C000127,LT,credit,2026-09-13,170.90,GBP,success,IKEA
T00002005,A000364,C000196,LT,credit,2026-09-13,358.00,EUR,success,IKEA
T00003410,A000536,C000199,SE,checking,2026-09-13,469.74,EUR,success,Steam
T00009695,A000204,C000276,LT,savings,2026-09-13,316.62,USD,success,Spotify
T00009884,A000162,C000176,LV,checking,2026-09-13,226.96,EUR,success,Spotify
T00008606,A000540,C000482,LT,savings,2026-09-13,318.78,EUR,success,Amazon
T00007778,A000201,C000340,LV,credit,2026-09-13,411.73,GBP,success,Steam
T00003768,A000540,C000482,LT,savings,2026-09-13,43.44,EUR,success,Netflix
T00009945,A000541,C000470,LV,savings,2026-09-13,44.68,EUR,success,Rimi
T00000717,A000199,C000256,FI,savings,2026-09-13,194.09,EUR,success,Rimi
T00005330,A000199,C000256,FI,savings,2026-09-13,256.85,USD,success,Wolt
T00001246,A000578,C000404,LT,checking,2026-09-13,388.69,GBP,success,Steam
T00002720,A000163,C000384,LT,savings,2026-09-13,484.16,USD,pending,Tesco
T00006354,A000164,C000015,LT,savings,2026-09-13,63.60,EUR,success,Steam
T00008144,A000543,C000304,SE,credit,2026-09-13,98.20,USD,success,Amazon
T00009936,A000544,C000081,SE,checking,2026-09-13,97.08,EUR,success,Rimi
T00007353,A000575,C000379,FI,credit,2026-09-13,447.95,GBP,success,Steam
T00005154,A000166,C000246,EE,credit,2026-09-13,246.47,EUR,success,Netflix
T00003258,A000572,C000319,LV,checking,2026-09-13,271.38,GBP,success,Steam
T00003940,A000572,C000319,LV,checking,2026-09-13,339.78,EUR,success,Bolt
T00009761,A000380,C000362,FI,savings,2026-09-12,319.49,EUR,success,Tesco
T00009008,A000381,C000074,LT,credit,2026-09-12,110.20,USD,success,Wolt
T00005460,A000384,C000199,SE,checking,2026-09-12,492.00,GBP,success,Amazon
T00009684,A000348,C000104,EE,savings,2026-09-12,36.27,GBP,success,Netflix
T00005728,A000346,C000133,EE,checking,2026-09-12,6.06,USD,success,Spotify
T00007632,A000391,C000096,FI,savings,2026-09-12,310.29,EUR,success,Wolt
T00005311,A000392,C000010,LT,credit,2026-09-12,390.05,USD,success,Airbnb
T00003609,A000393,C000457,FI,savings,2026-09-12,124.04,USD,success,Netflix
T00003790,A000339,C000345,EE,credit,2026-09-12,386.26,EUR,success,Bolt
T00001055,A000399,C000098,FI,credit,2026-09-12,276.59,EUR,success,Spotify
T00006928,A000335,C000275,LV,savings,2026-09-12,372.84,EUR,success,Bolt
T00009110,A000333,C000075,EE,checking,2026-09-12,451.08,USD,success,Amazon
T00000822,A000403,C000250,LT,savings,2026-09-12,158.26,GBP,success,Airbnb
T00008024,A000332,C000225,FI,checking,2026-09-12,430.00,EUR,success,Rimi
T00008662,A000332,C000225,FI,checking,2026-09-12,297.28,EUR,pending,Amazon
T00000482,A000404,C000034,EE,credit,2026-09-12,449.13,EUR,success,Wolt
T00000875,A000331,C000314,FI,credit,2026-09-12,264.71,GBP,success,Steam
T00003529,A000406,C000263,EE,checking,2026-09-12,422.19,EUR,success,Wolt
T00006020,A000407,C000145,LV,savings,2026-09-12,72.57,EUR,success,Tesco
T00007076,A000328,C000142,FI,savings,2026-09-12,350.47,USD,success,Steam
T00005708,A000410,C000047,LT,credit,2026-09-12,179.22,GBP,success,Bolt
T00003196,A000412,C000155,EE,checking,2026-09-12,163.43,USD,success,Airbnb
T00002137,A000324,C000281,EE,credit,2026-09-12,87.23,EUR,success,Airbnb
T00007503,A000414,C000427,SE,credit,2026-09-12,99.40,USD,success,Steam
T00000528,A000323,C000315,LT,savings,2026-09-12,176.33,GBP,success,Tesco
T00004542,A000323,C000315,LT,savings,2026-09-12,290.72,EUR,success,IKEA
T00005067,A000416,C000309,EE,savings,2026-09-12,22.60,USD,success,Rimi
T00007561,A000418,C000404,LT,credit,2026-09-12,481.49,USD,success,Netflix
T00005596,A000321,C000194,LV,checking,2026-09-12,408.45,GBP,success,Netflix
T00005140,A000420,C000121,LV,checking,2026-09-12,241.14,USD,success,Spotify
T00004034,A000420,C000121,LV,checking,2026-09-12,55.06,GBP,success,Netflix
T00000459,A000315,C000487,FI,savings,2026-09-12,490.21,USD,success,Airbnb
T00008028,A000423,C000138,FI,credit,2026-09-12,85.74,GBP,success,Spotify
T00006535,A000423,C000138,FI,credit,2026-09-12,435.84,GBP,success,Netflix
T00005751,A000423,C000138,FI,credit,2026-09-12,363.13,USD,success,Amazon
T00009757,A000425,C000418,LV,checking,2026-09-12,222.05,GBP,success,Rimi
T00006238,A000313,C000285,LV,checking,2026-09-12,69.85,GBP,success,Steam
T00008659,A000010,C000282,FI,credit,2026-09-12,97.23,GBP,success,Rimi
T00001140,A000426,C000217,LV,checking,2026-09-12,400.88,USD,failed,Tesco
T00006703,A000312,C000272,EE,savings,2026-09-12,89.71,EUR,success,IKEA
T00003296,A000310,C000371,EE,savings,2026-09-12,485.58,GBP,success,Wolt
T00007139,A000310,C000371,EE,savings,2026-09-12,51.71,USD,success,Spotify
T00009473,A000310,C000371,EE,savings,2026-09-12,350.95,USD,success,Netflix
T00003422,A000309,C000212,LV,credit,2026-09-12,63.85,USD,success,Spotify
T00003620,A000430,C000225,FI,checking,2026-09-12,439.45,GBP,success,Wolt
T00006892,A000307,C000231,LT,savings,2026-09-12,289.38,USD,success,Spotify
T00001043,A000304,C000494,SE,savings,2026-09-12,418.65,GBP,success,Airbnb
T00003892,A000436,C000456,LT,checking,2026-09-12,192.05,USD,success,Rimi
T00004167,A000303,C000132,EE,credit,2026-09-12,267.77,USD,success,Tesco
T00004313,A000437,C000083,LV,checking,2026-09-12,209.78,GBP,success,Netflix
T00003983,A000438,C000298,LT,credit,2026-09-12,288.87,USD,success,Bolt
T00005065,A000300,C000288,FI,credit,2026-09-12,29.25,GBP,success,Wolt
T00002490,A000299,C000063,EE,savings,2026-09-12,56.24,GBP,success,Spotify
T00008394,A000442,C000134,FI,checking,2026-09-12,54.37,GBP,success,Bolt
T00009894,A000443,C000495,LV,checking,2026-09-12,411.31,GBP,success,Steam
T00007519,A000298,C000073,LV,savings,2026-09-12,218.60,USD,success,Spotify
T00002647,A000443,C000495,LV,checking,2026-09-12,200.91,USD,success,Bolt
T00001104,A000296,C000361,EE,credit,2026-09-12,298.76,EUR,success,Spotify
T00000422,A000445,C000173,LV,savings,2026-09-12,82.78,GBP,success,Airbnb
T00001461,A000294,C000125,EE,credit,2026-09-12,68.30,GBP,success,Spotify
T00005745,A000447,C000419,LV,credit,2026-09-12,44.80,USD,success,Tesco
T00005658,A000293,C000232,SE,checking,2026-09-12,179.64,GBP,success,Airbnb
T00008133,A000449,C000052,FI,checking,2026-09-12,40.58,GBP,success,Airbnb
T00001796,A000449,C000052,FI,checking,2026-09-12,437.84,EUR,success,Amazon
T00008538,A000452,C000051,FI,checking,2026-09-12,226.12,EUR,success,Steam
T00004791,A000453,C000330,LV,savings,2026-09-12,188.49,USD,pending,Amazon
T00009333,A000286,C000310,SE,checking,2026-09-12,292.38,EUR,success,Spotify
T00007116,A000284,C000109,SE,checking,2026-09-12,354.10,GBP,success,Wolt
T00002184,A000283,C000443,SE,checking,2026-09-12,497.57,USD,success,Rimi
T00003080,A000455,C000060,EE,checking,2026-09-12,211.60,USD,success,Netflix
T00007499,A000283,C000443,SE,checking,2026-09-12,277.15,USD,success,Steam
T00005317,A000459,C000297,LV,savings,2026-09-12,434.43,GBP,success,Rimi
T00007360,A000460,C000414,LT,credit,2026-09-12,84.43,USD,success,Bolt
T00005132,A000460,C000414,LT,credit,2026-09-12,440.13,USD,success,Tesco
T00001742,A000460,C000414,LT,credit,2026-09-12,463.34,USD,success,IKEA
T00006738,A000279,C000246,EE,credit,2026-09-12,332.01,GBP,success,IKEA
T00003806,A000277,C000159,SE,credit,2026-09-12,455.37,USD,success,Bolt
T00008259,A000463,C000116,LV,checking,2026-09-12,86.38,USD,success,Tesco
T00004902,A000008,C000186,LT,checking,2026-09-12,178.91,USD,success,Wolt
T00007854,A000464,C000204,SE,savings,2026-09-12,381.45,GBP,success,IKEA
T00008316,A000272,C000294,EE,credit,2026-09-12,454.25,EUR,success,IKEA
T00003335,A000467,C000172,LV,checking,2026-09-12,300.30,EUR,success,IKEA
T00002212,A000467,C000172,LV,checking,2026-09-12,414.42,USD,success,Steam
T00005634,A000270,C000473,LT,checking,2026-09-12,27.34,GBP,success,Airbnb
T00001989,A000268,C000213,SE,checking,2026-09-12,356.78,EUR,success,Amazon
T00007896,A000268,C000213,SE,checking,2026-09-12,318.19,USD,success,Wolt
T00001378,A000267,C000353,SE,credit,2026-09-12,285.24,EUR,success,Tesco
T00004828,A000266,C000426,LT,checking,2026-09-12,330.56,USD,success,Steam
T00008511,A000266,C000426,LT,checking,2026-09-12,420.83,GBP,success,Spotify
T00000679,A000263,C000149,EE,checking,2026-09-12,386.43,GBP,success,Wolt
T00001465,A000474,C000282,FI,credit,2026-09-12,333.89,GBP,success,Spotify
T00000318,A000477,C000182,SE,checking,2026-09-12,43.25,USD,success,Spotify
T00009577,A000478,C000362,FI,checking,2026-09-12,129.30,USD,success,Steam
T00006727,A000261,C000279,LT,credit,2026-09-12,106.48,EUR,success,Netflix
T00007112,A000259,C000350,SE,savings,2026-09-12,166.55,EUR,success,Airbnb
T00008637,A000480,C000113,LV,checking,2026-09-12,69.30,USD,success,Amazon
T00002034,A000481,C000416,FI,checking,2026-09-12,77.42,USD,success,Airbnb
T00000730,A000481,C000416,FI,checking,2026-09-12,383.63,GBP,success,Tesco
T00009793,A000483,C000269,SE,savings,2026-09-12,2.01,USD,success,Amazon
T00003208,A000486,C000307,FI,credit,2026-09-12,165.64,USD,success,Steam
T00001898,A000488,C000232,SE,savings,2026-09-12,69.10,USD,success,Spotify
T00000257,A000488,C000232,SE,savings,2026-09-12,498.12,GBP,success,Tesco
T00001437,A000250,C000373,SE,checking,2026-09-12,82.25,GBP,success,Tesco
T00002419,A000249,C000371,EE,checking,2026-09-12,64.22,EUR,success,Amazon
T00008080,A000007,C000101,EE,savings,2026-09-12,323.84,GBP,success,Tesco
T00001113,A000492,C000458,EE,credit,2026-09-12,104.14,EUR,success,Rimi
T00009978,A000245,C000241,LT,savings,2026-09-12,220.98,USD,success,Bolt
T00000995,A000496,C000190,LT,credit,2026-09-12,90.68,GBP,success,IKEA
T00008772,A000497,C000285,LV,savings,2026-09-12,462.67,EUR,success,Airbnb
T00002288,A000006,C000455,LV,checking,2026-09-12,16.54,USD,success,Tesco
T00007483,A000498,C000363,LT,credit,2026-09-12,460.72,USD,success,Steam
T00004109,A000498,C000363,LT,credit,2026-09-12,40.56,GBP,success,Spotify
T00009698,A000239,C000115,FI,checking,2026-09-12,196.78,USD,success,Wolt
T00003368,A000238,C000127,LT,savings,2026-09-12,53.81,EUR,success,Tesco
T00004768,A000237,C000435,FI,savings,2026-09-12,143.77,USD,success,Airbnb
T00006262,A000503,C000120,SE,savings,2026-09-12,477.83,EUR,success,Rimi
T00004044,A000507,C000338,SE,credit,2026-09-12,19.52,USD,success,Tesco
T00000706,A000230,C000421,EE,checking,2026-09-12,53.26,EUR,success,Tesco
T00005340,A000227,C000260,SE,credit,2026-09-12,55.35,EUR,success,Tesco
T00001272,A000514,C000251,LV,credit,2026-09-12,21.18,USD,success,Airbnb
T00007050,A000515,C000056,LT,credit,2026-09-12,107.18,GBP,failed,Bolt
T00002027,A000515,C000056,LT,credit,2026-09-12,336.77,GBP,success,Wolt
T00005650,A000223,C000070,LV,savings,2026-09-12,299.93,USD,success,IKEA
T00001826,A000222,C000118,LT,savings,2026-09-12,234.90,GBP,success,Airbnb
T00002029,A000222,C000118,LT,savings,2026-09-12,202.21,USD,success,Amazon
T00004575,A000517,C000338,SE,credit,2026-09-12,449.97,USD,success,Amazon
T00004373,A000517,C000338,SE,credit,2026-09-12,221.06,USD,success,Amazon
T00002748,A000521,C000480,EE,credit,2026-09-12,481.31,GBP,success,Steam
T00006628,A000217,C000013,LV,savings,2026-09-12,266.01,GBP,success,Bolt
T00002180,A000527,C000302,FI,savings,2026-09-12,345.77,EUR,success,Airbnb
T00009833,A000213,C000462,SE,checking,2026-09-12,115.76,GBP,success,Wolt
T00005917,A000528,C000164,LT,credit,2026-09-12,454.33,USD,success,Steam
T00001810,A000212,C000372,EE,checking,2026-09-12,53.51,EUR,success,Amazon
T00009250,A000532,C000168,EE,checking,2026-09-12,333.50,GBP,success,Tesco
T00003552,A000532,C000168,EE,checking,2026-09-12,342.95,USD,success,Spotify
T00007581,A000535,C000342,EE,checking,2026-09-12,37.21,EUR,success,IKEA
T00000316,A000205,C000172,LV,savings,2026-09-12,346.10,GBP,success,Steam
T00001757,A000537,C000130,EE,credit,2026-09-12,143.04,EUR,success,Tesco
T00001952,A000203,C000123,FI,savings,2026-09-12,464.03,USD,success,Rimi
T00008729,A000540,C000482,LT,savings,2026-09-12,258.79,EUR,success,Spotify
T00003925,A000540,C000482,LT,savings,2026-09-12,78.28,EUR,success,Wolt
T00009100,A000199,C000256,FI,savings,2026-09-12,228.03,GBP,success,Tesco
T00005757,A000198,C000225,FI,savings,2026-09-12,486.27,EUR,success,Netflix
T00004267,A000546,C000156,LV,credit,2026-09-12,88.09,USD,success,Spotify
T00004701,A000192,C000051,FI,credit,2026-09-12,170.55,GBP,success,IKEA
T00002047,A000191,C000363,LT,savings,2026-09-12,322.77,EUR,success,Netflix
T00003435,A000548,C000411,FI,credit,2026-09-12,91.82,GBP,success,Tesco
T00008849,A000191,C000363,LT,savings,2026-09-12,423.72,USD,success,Steam
T00007156,A000190,C000436,LT,savings,2026-09-12,7.67,EUR,success,Tesco
T00009380,A000188,C000216,LV,savings,2026-09-12,96.40,GBP,failed,Netflix
T00006726,A000741,C000250,LT,credit,2026-09-12,297.05,GBP,success,IKEA
T00007086,A000553,C000317,EE,savings,2026-09-12,439.65,EUR,success,Wolt
T00008846,A000186,C000047,LT,savings,2026-09-12,180.18,USD,success,Netflix
T00008860,A000560,C000250,LT,credit,2026-09-12,69.40,EUR,success,Amazon
T00002154,A000560,C000250,LT,credit,2026-09-12,77.51,USD,success,Wolt
T00004885,A000561,C000129,SE,checking,2026-09-12,99.80,EUR,success,Steam
T00004203,A000561,C000129,SE,checking,2026-09-12,61.43,USD,success,IKEA
T00006764,A000562,C000364,SE,checking,2026-09-12,167.79,GBP,success,Amazon
T00004010,A000177,C000115,FI,savings,2026-09-12,90.21,GBP,success,Tesco
T00000632,A000175,C000224,SE,checking,2026-09-12,472.28,USD,success,Bolt
T00008464,A000566,C000056,LT,checking,2026-09-12,400.59,EUR,success,Steam
T00003028,A000741,C000250,LT,credit,2026-09-12,139.96,EUR,success,Tesco
T00004938,A000568,C000300,LT,checking,2026-09-12,107.47,USD,success,Netflix
T00004205,A000172,C000459,LT,checking,2026-09-12,46.91,EUR,success,Wolt
T00003096,A000569,C000368,EE,checking,2026-09-12,221.93,USD,success,Steam
T00000028,A000569,C000368,EE,checking,2026-09-12,107.86,GBP,success,Amazon
T00004929,A000171,C000034,EE,checking,2026-09-12,197.74,EUR,success,Bolt
T00004892,A000170,C000092,SE,savings,2026-09-12,19.49,USD,success,Wolt
T00003010,A000570,C000066,LV,checking,2026-09-12,120.33,USD,success,Steam
T00006246,A000169,C000242,FI,checking,2026-09-12,461.20,EUR,success,Rimi
T00001087,A000166,C000246,EE,credit,2026-09-12,38.43,USD,success,Wolt
T00004719,A000574,C000237,EE,savings,2026-09-12,196.85,USD,success,Rimi
T00006141,A000576,C000207,LT,credit,2026-09-12,431.06,USD,success,Bolt
T00009449,A000578,C000404,LT,checking,2026-09-12,313.18,USD,success,Tesco
T00006709,A000579,C000328,FI,savings,2026-09-12,159.44,USD,success,Bolt
T00000033,A000162,C000176,LV,checking,2026-09-12,277.26,GBP,success,IKEA
T00009861,A000162,C000176,LV,checking,2026-09-12,283.22,USD,success,Tesco
T00001918,A000580,C000036,LV,credit,2026-09-12,476.64,GBP,success,Tesco
T00008833,A000581,C000431,LT,credit,2026-09-12,337.19,EUR,success,Airbnb
T00005352,A000582,C000400,SE,checking,2026-09-12,241.03,GBP,success,Rimi
T00000970,A000584,C000056,LT,checking,2026-09-12,346.54,EUR,pending,Spotify
T00004213,A000585,C000363,LT,checking,2026-09-12,479.55,USD,failed,Amazon
T00007855,A000586,C000221,FI,checking,2026-09-12,425.26,EUR,success,Airbnb
T00003301,A000586,C000221,FI,checking,2026-09-12,16.44,EUR,success,Bolt
T00003221,A000587,C000005,FI,credit,2026-09-12,140.34,GBP,success,Airbnb
T00009209,A000155,C000467,SE,savings,2026-09-12,440.02,EUR,success,IKEA
T00006501,A000152,C000416,FI,checking,2026-09-12,47.08,USD,success,Rimi
T00007384,A000592,C000085,LV,savings,2026-09-12,26.37,USD,success,Spotify
T00009937,A000150,C000299,SE,savings,2026-09-12,340.34,EUR,success,Netflix
T00002658,A000149,C000211,FI,savings,2026-09-12,52.54,USD,pending,IKEA
T00005207,A000147,C000484,SE,credit,2026-09-12,324.69,GBP,success,Steam
T00000937,A000146,C000255,FI,savings,2026-09-12,225.56,GBP,success,Steam
T00002580,A000598,C000101,EE,credit,2026-09-12,266.32,USD,success,Netflix
T00008022,A000145,C000160,LT,credit,2026-09-12,294.41,GBP,success,IKEA
T00009031,A000604,C000085,LV,checking,2026-09-12,393.47,EUR,success,Rimi
T00002122,A000140,C000330,LV,savings,2026-09-12,187.37,USD,success,Amazon
T00002921,A000140,C000330,LV,savings,2026-09-12,295.49,GBP,success,Steam
T00008959,A000140,C000330,LV,savings,2026-09-12,56.95,GBP,failed,Tesco
T00002112,A000607,C000192,SE,checking,2026-09-12,53.57,EUR,success,Netflix
T00001518,A000138,C000307,FI,savings,2026-09-12,359.07,USD,success,Amazon
T00003760,A000136,C000042,SE,savings,2026-09-12,203.04,EUR,success,Rimi
T00005962,A000135,C000461,LT,credit,2026-09-12,145.97,USD,success,Bolt
T00000100,A000611,C000488,FI,savings,2026-09-12,489.13,GBP,success,Steam
T00008031,A000132,C000082,SE,checking,2026-09-12,125.20,EUR,success,Airbnb
T00004883,A000612,C000050,EE,checking,2026-09-12,98.44,USD,success,Tesco
T00001236,A000130,C000173,LV,savings,2026-09-12,144.85,EUR,success,Rimi
T00002996,A000129,C000037,EE,checking,2026-09-12,298.25,GBP,success,Bolt
T00005896,A000129,C000037,EE,checking,2026-09-12,281.00,EUR,success,Netflix
T00004681,A000614,C000083,LV,savings,2026-09-12,26.32,USD,success,Airbnb
T00007429,A000128,C000046,LV,credit,2026-09-12,465.32,EUR,success,Steam
T00009174,A000128,C000046,LV,credit,2026-09-12,205.32,EUR,success,Netflix
T00007143,A000615,C000249,LV,credit,2026-09-12,56.41,USD,success,Spotify
T00006294,A000617,C000304,SE,savings,2026-09-12,353.77,GBP,success,Airbnb
T00008116,A000618,C000434,LT,credit,2026-09-12,339.91,GBP,success,Airbnb
T00009427,A000119,C000064,FI,savings,2026-09-12,438.82,GBP,success,Tesco
T00008415,A000116,C000432,FI,credit,2026-09-12,269.37,EUR,success,Airbnb
T00004872,A000626,C000353,SE,credit,2026-09-12,21.49,EUR,success,Rimi
T00007805,A000114,C000409,SE,credit,2026-09-12,430.51,EUR,failed,Netflix
T00008936,A000114,C000409,SE,credit,2026-09-12,239.83,USD,success,Tesco
T00002140,A000113,C000368,EE,credit,2026-09-12,192.48,EUR,success,Netflix
T00004697,A000745,C000012,LV,savings,2026-09-12,324.82,USD,success,Steam
T00006907,A000633,C000132,EE,credit,2026-09-12,80.97,EUR,success,Wolt
T00006721,A000635,C000490,SE,credit,2026-09-12,78.86,EUR,success,Rimi
T00000162,A000105,C000266,LV,savings,2026-09-12,143.97,EUR,success,Tesco
T00008041,A000637,C000457,FI,checking,2026-09-12,346.12,GBP,success,Wolt
T00007124,A000638,C000085,LV,savings,2026-09-12,106.08,GBP,success,Airbnb
T00001014,A000638,C000085,LV,savings,2026-09-12,484.62,EUR,success,Airbnb
T00005295,A000101,C000335,EE,checking,2026-09-12,34.71,EUR,success,Netflix
T00000901,A000639,C000321,SE,savings,2026-09-12,252.21,USD,success,Spotify
T00000559,A000099,C000455,LV,checking,2026-09-12,426.49,GBP,success,Spotify
T00000027,A000642,C000109,SE,credit,2026-09-12,143.41,GBP,success,Wolt
T00006523,A000098,C000234,LV,credit,2026-09-12,359.81,EUR,failed,Spotify
T00004549,A000648,C000165,LT,savings,2026-09-12,392.09,EUR,success,Spotify
T00006424,A000650,C000428,EE,credit,2026-09-12,206.87,GBP,success,IKEA
T00008426,A000746,C000272,EE,savings,2026-09-12,186.65,GBP,success,Bolt
T00004070,A000654,C000133,EE,savings,2026-09-12,186.66,USD,success,Bolt
T00003851,A000085,C000276,LT,credit,2026-09-12,326.85,GBP,success,Rimi
T00006744,A000083,C000444,LT,credit,2026-09-12,219.95,USD,success,Airbnb
T00008016,A000661,C000028,SE,credit,2026-09-12,292.86,USD,success,Airbnb
T00006917,A000076,C000217,LV,credit,2026-09-12,265.38,USD,success,Amazon
T00007687,A000076,C000217,LV,credit,2026-09-12,182.83,EUR,success,IKEA
T00000566,A000074,C000212,LV,savings,2026-09-12,233.91,USD,success,Steam
T00006285,A000074,C000212,LV,savings,2026-09-12,49.24,USD,success,Spotify
T00008181,A000668,C000344,EE,checking,2026-09-12,236.84,GBP,success,Amazon
T00005466,A000668,C000344,EE,checking,2026-09-12,55.44,GBP,success,Steam
T00008381,A000070,C000191,FI,savings,2026-09-12,380.77,USD,success,Bolt
T00001324,A000069,C000483,SE,checking,2026-09-12,193.71,USD,success,Netflix
T00005023,A000069,C000483,SE,checking,2026-09-12,57.97,GBP,success,Amazon
T00003355,A000673,C000446,LV,savings,2026-09-12,39.57,USD,failed,Rimi
T00000708,A000065,C000137,LV,credit,2026-09-12,152.42,GBP,success,Spotify
T00004659,A000063,C000382,LT,savings,2026-09-12,447.92,GBP,success,Rimi
T00002380,A000678,C000325,LT,savings,2026-09-12,43.62,USD,success,Amazon
T00007723,A000062,C000023,FI,credit,2026-09-12,359.78,EUR,failed,Netflix
T00002519,A000061,C000348,SE,checking,2026-09-12,125.54,EUR,success,Tesco
T00008343,A000682,C000075,EE,checking,2026-09-12,440.53,EUR,success,IKEA
T00007208,A000059,C000415,SE,credit,2026-09-12,214.37,EUR,success,Tesco
T00007663,A000059,C000415,SE,credit,2026-09-12,51.10,EUR,success,Airbnb
T00009030,A000685,C000492,FI,credit,2026-09-12,147.81,USD,success,Amazon
T00008882,A000685,C000492,FI,credit,2026-09-12,470.15,GBP,success,Airbnb
T00002515,A000685,C000492,FI,credit,2026-09-12,338.49,USD,success,Steam
T00009668,A000055,C000025,FI,credit,2026-09-12,320.80,GBP,success,Wolt
T00003524,A000687,C000441,EE,credit,2026-09-12,139.29,EUR,success,Spotify
T00009813,A000054,C000171,FI,checking,2026-09-12,350.69,USD,success,Airbnb
T00003949,A000053,C000422,EE,savings,2026-09-12,230.71,EUR,success,Netflix
T00001735,A000051,C000366,LV,savings,2026-09-12,153.96,USD,success,IKEA
T00000792,A000050,C000449,FI,checking,2026-09-12,128.31,EUR,success,Wolt
T00003112,A000695,C000214,FI,checking,2026-09-12,212.12,GBP,success,Rimi
T00000501,A000048,C000059,LT,checking,2026-09-12,313.09,GBP,success,Wolt
T00008947,A000048,C000059,LT,checking,2026-09-12,227.10,GBP,success,Bolt
T00005225,A000047,C000231,LT,savings,2026-09-12,316.05,USD,success,IKEA
T00007333,A000046,C000002,LT,checking,2026-09-12,272.31,EUR,success,Bolt
T00002837,A000698,C000387,LV,credit,2026-09-12,203.83,GBP,success,Rimi
T00009043,A000045,C000130,EE,savings,2026-09-12,335.24,GBP,success,Rimi
T00007113,A000699,C000034,EE,savings,2026-09-12,298.73,EUR,success,Rimi
T00002204,A000041,C000005,FI,credit,2026-09-12,9.24,USD,success,Amazon
T00006283,A000041,C000005,FI,credit,2026-09-12,22.73,GBP,success,Amazon
T00004604,A000702,C000223,EE,checking,2026-09-12,350.62,USD,success,Airbnb
T00004317,A000702,C000223,EE,checking,2026-09-12,97.01,USD,failed,Netflix
T00004664,A000040,C000071,LV,savings,2026-09-12,219.81,USD,success,Wolt
T00001464,A000038,C000401,SE,checking,2026-09-12,269.30,USD,success,Bolt
T00004595,A000704,C000025,FI,savings,2026-09-12,371.66,USD,success,IKEA
T00004525,A000704,C000025,FI,savings,2026-09-12,340.40,EUR,success,Steam
T00009705,A000038,C000401,SE,checking,2026-09-12,414.28,USD,success,IKEA
T00001401,A000037,C000059,LT,checking,2026-09-12,240.85,USD,success,Airbnb
T00003941,A000037,C000059,LT,checking,2026-09-12,24.52,EUR,success,Tesco
T00000096,A000036,C000448,SE,checking,2026-09-12,345.33,EUR,success,Tesco
T00007578,A000708,C000056,LT,savings,2026-09-12,157.52,EUR,success,Netflix
T00001383,A000708,C000056,LT,savings,2026-09-12,174.68,GBP,success,Bolt
T00004879,A000034,C000300,LT,savings,2026-09-12,163.03,EUR,success,Spotify
T00007222,A000034,C000300,LT,savings,2026-09-12,34.02,EUR,success,Tesco
T00005242,A000714,C000017,FI,checking,2026-09-12,208.38,EUR,success,IKEA
T00006403,A000748,C000148,LV,credit,2026-09-12,477.59,USD,success,IKEA
T00005569,A000027,C000101,EE,checking,2026-09-12,193.69,USD,failed,Steam
T00006466,A000718,C000265,FI,checking,2026-09-12,293.39,USD,success,Wolt
T00005411,A000026,C000003,LT,checking,2026-09-12,11.57,GBP,success,Amazon
T00000149,A000719,C000481,EE,savings,2026-09-12,191.98,USD,success,Bolt
T00009009,A000720,C000001,SE,credit,2026-09-12,166.66,GBP,success,Netflix
T00008561,A000021,C000450,LT,credit,2026-09-12,222.51,USD,success,Rimi
T00002473,A000727,C000175,SE,savings,2026-09-12,299.13,GBP,success,Wolt
T00003233,A000729,C000051,FI,checking,2026-09-12,154.63,EUR,success,Amazon
T00003124,A000730,C000487,FI,checking,2026-09-12,173.12,GBP,success,Spotify
T00009278,A000014,C000402,LT,checking,2026-09-12,171.73,GBP,success,Steam
T00005977,A000733,C000238,FI,checking,2026-09-12,213.50,USD,success,Amazon
T00005356,A000012,C000455,LV,savings,2026-09-12,132.11,EUR,success,Steam
T00002209,A000011,C000150,FI,credit,2026-09-12,246.38,EUR,success,Netflix
T00004235,A000011,C000150,FI,credit,2026-09-12,39.29,EUR,success,Netflix
T00000489,A000010,C000282,FI,credit,2026-09-12,55.61,EUR,success,Amazon
T00003877,A000367,C000072,FI,credit,2026-09-12,339.78,USD,success,Wolt
T00006346,A000365,C000392,SE,checking,2026-09-12,48.78,USD,success,Tesco
T00002093,A000364,C000196,LT,credit,2026-09-12,104.43,EUR,pending,Rimi
T00007009,A000364,C000196,LT,credit,2026-09-12,209.05,USD,success,Netflix
T00001988,A000370,C000268,LT,checking,2026-09-12,123.36,EUR,failed,Rimi
T00009713,A000371,C000327,FI,credit,2026-09-12,368.74,EUR,success,Rimi
T00009083,A000359,C000470,LV,checking,2026-09-12,274.74,EUR,failed,Tesco
T00001752,A000355,C000087,FI,credit,2026-09-12,493.93,USD,success,Tesco
T00003150,A000355,C000087,FI,credit,2026-09-12,87.70,USD,pending,Amazon
T00004767,A000669,C000447,EE,credit,2026-09-11,154.57,GBP,success,Spotify
T00001348,A000553,C000317,EE,savings,2026-09-11,106.02,USD,success,IKEA
T00001764,A000723,C000438,LT,credit,2026-09-11,281.53,USD,success,Rimi
T00006340,A000332,C000225,FI,checking,2026-09-11,138.30,EUR,success,IKEA
T00007378,A000280,C000069,LT,checking,2026-09-11,368.04,EUR,success,Netflix
T00004466,A000051,C000366,LV,savings,2026-09-11,323.20,USD,success,Rimi
T00002845,A000598,C000101,EE,credit,2026-09-11,3.64,EUR,success,Tesco
T00006290,A000172,C000459,LT,checking,2026-09-11,467.60,EUR,success,Netflix
T00001515,A000253,C000193,EE,credit,2026-09-11,472.91,GBP,success,Tesco
T00007474,A000525,C000353,SE,savings,2026-09-11,184.89,USD,success,Spotify
T00000892,A000242,C000442,LV,checking,2026-09-11,451.60,USD,success,Amazon
T00000604,A000078,C000215,FI,checking,2026-09-11,376.02,USD,success,IKEA
T00008551,A000079,C000205,SE,savings,2026-09-11,455.78,EUR,success,Netflix
T00007548,A000176,C000432,FI,savings,2026-09-11,85.47,USD,success,Amazon
T00002311,A000118,C000202,LT,savings,2026-09-11,46.67,GBP,success,Amazon
T00001729,A000309,C000212,LV,credit,2026-09-11,205.84,USD,success,Spotify
T00008025,A000290,C000478,LT,savings,2026-09-11,143.31,EUR,success,Wolt
T00000611,A000238,C000127,LT,savings,2026-09-11,448.36,USD,success,Steam
T00000163,A000118,C000202,LT,savings,2026-09-11,466.85,EUR,success,IKEA
T00009598,A000656,C000491,EE,savings,2026-09-11,260.60,EUR,success,Amazon
T00008219,A000079,C000205,SE,savings,2026-09-11,126.24,USD,success,Amazon
T00000645,A000309,C000212,LV,credit,2026-09-11,11.91,EUR,success,Wolt
T00004249,A000747,C000422,EE,savings,2026-09-11,464.39,GBP,success,Steam
T00005875,A000522,C000009,FI,checking,2026-09-11,405.05,USD,success,Amazon
T00001225,A000692,C000268,LT,credit,2026-09-11,440.83,USD,success,Amazon
T00002242,A000273,C000223,EE,credit,2026-09-11,57.13,EUR,success,Airbnb
T00005206,A000050,C000449,FI,checking,2026-09-11,276.83,USD,success,Rimi
T00006531,A000100,C000056,LT,checking,2026-09-11,158.50,USD,success,Airbnb
T00000093,A000218,C000461,LT,credit,2026-09-11,247.48,USD,success,Bolt
T00001876,A000103,C000060,EE,checking,2026-09-11,193.62,USD,success,Netflix
T00004473,A000737,C000283,SE,savings,2026-09-11,260.34,EUR,success,Spotify
T00005692,A000693,C000424,EE,checking,2026-09-11,386.70,GBP,pending,Amazon
T00000728,A000331,C000314,FI,credit,2026-09-11,214.52,EUR,success,Tesco
T00004377,A000461,C000430,LV,savings,2026-09-11,274.62,EUR,success,Tesco
T00006599,A000166,C000246,EE,credit,2026-09-11,117.34,USD,success,Airbnb
T00005979,A000068,C000281,EE,credit,2026-09-11,33.03,GBP,success,Bolt
T00000335,A000720,C000001,SE,credit,2026-09-11,46.41,EUR,success,Bolt
T00007048,A000521,C000480,EE,credit,2026-09-11,221.47,EUR,failed,Bolt
T00006924,A000464,C000204,SE,savings,2026-09-11,372.85,GBP,success,Airbnb
T00008905,A000406,C000263,EE,checking,2026-09-11,111.64,GBP,success,Bolt
T00005740,A000098,C000234,LV,credit,2026-09-11,207.71,USD,success,Steam
T00003695,A000310,C000371,EE,savings,2026-09-11,489.97,USD,success,Rimi
T00008089,A000500,C000166,EE,savings,2026-09-11,25.53,EUR,success,Tesco
T00002264,A000310,C000371,EE,savings,2026-09-11,383.04,USD,success,Tesco
T00001582,A000091,C000293,SE,savings,2026-09-11,293.60,GBP,success,Steam
T00007882,A000005,C000328,FI,savings,2026-09-11,336.46,USD,success,Airbnb
T00008836,A000050,C000449,FI,checking,2026-09-11,239.20,GBP,failed,Spotify
T00002613,A000330,C000365,FI,savings,2026-09-11,17.23,USD,success,Bolt
T00006192,A000463,C000116,LV,checking,2026-09-11,222.57,GBP,success,Airbnb
T00008340,A000311,C000368,EE,savings,2026-09-11,313.16,EUR,success,Airbnb
T00009260,A000294,C000125,EE,credit,2026-09-11,128.45,EUR,success,Bolt
T00009065,A000694,C000354,EE,checking,2026-09-11,76.06,EUR,success,IKEA
T00003024,A000601,C000412,EE,savings,2026-09-11,86.00,USD,success,Wolt
T00003846,A000565,C000045,FI,credit,2026-09-11,214.46,GBP,success,Spotify
T00003455,A000485,C000457,FI,credit,2026-09-11,190.61,USD,success,IKEA
T00009462,A000407,C000145,LV,savings,2026-09-11,67.84,GBP,success,Tesco
T00007271,A000501,C000351,EE,checking,2026-09-11,352.49,USD,success,Steam
T00005162,A000452,C000051,FI,checking,2026-09-11,1.82,GBP,success,Bolt
T00006770,A000451,C000268,LT,savings,2026-09-11,361.14,USD,success,Netflix
T00008075,A000253,C000193,EE,credit,2026-09-11,250.41,EUR,success,Tesco
T00002015,A000027,C000101,EE,checking,2026-09-11,153.38,EUR,success,Netflix
T00003184,A000049,C000140,LT,savings,2026-09-11,200.08,USD,success,Steam
T00003280,A000329,C000078,FI,credit,2026-09-11,287.24,USD,success,Rimi
T00008140,A000392,C000010,LT,credit,2026-09-11,241.81,EUR,success,Tesco
T00005100,A000407,C000145,LV,savings,2026-09-11,245.72,EUR,success,Airbnb
T00002063,A000716,C000190,LT,credit,2026-09-11,416.09,USD,success,Wolt
T00001221,A000549,C000103,FI,savings,2026-09-11,469.71,GBP,success,IKEA
T00009586,A000295,C000244,SE,checking,2026-09-11,421.46,GBP,success,IKEA
T00002574,A000634,C000114,EE,credit,2026-09-11,66.50,USD,success,Airbnb
T00001584,A000694,C000354,EE,checking,2026-09-11,201.01,GBP,success,IKEA
T00000971,A000501,C000351,EE,checking,2026-09-11,30.37,EUR,success,Bolt
T00007486,A000462,C000250,LT,checking,2026-09-11,441.90,USD,success,Spotify
T00001968,A000668,C000344,EE,checking,2026-09-11,114.37,EUR,success,Wolt
T00009506,A000716,C000190,LT,credit,2026-09-11,109.85,EUR,success,Amazon
T00002411,A000006,C000455,LV,checking,2026-09-11,219.69,GBP,success,Wolt
T00001436,A000082,C000275,LV,credit,2026-09-11,394.52,USD,success,Spotify
T00007568,A000620,C000014,LV,savings,2026-09-11,479.09,USD,success,Amazon
T00008899,A000658,C000090,LV,credit,2026-09-11,493.39,GBP,success,Wolt
T00008155,A000604,C000085,LV,checking,2026-09-11,44.29,EUR,success,Amazon
T00006544,A000650,C000428,EE,credit,2026-09-11,350.15,GBP,success,Amazon
T00009203,A000551,C000363,LT,checking,2026-09-11,35.61,EUR,success,Steam
T00004808,A000252,C000486,FI,checking,2026-09-11,118.69,USD,success,Amazon
T00002665,A000369,C000387,LV,savings,2026-09-11,319.97,EUR,success,Bolt
T00001874,A000142,C000087,FI,checking,2026-09-11,471.04,USD,success,Tesco
T00009708,A000197,C000147,LV,credit,2026-09-11,438.31,GBP,success,Netflix
T00003194,A000540,C000482,LT,savings,2026-09-11,253.33,EUR,success,IKEA
T00006349,A000410,C000047,LT,credit,2026-09-11,314.31,EUR,success,Airbnb
T00007033,A000049,C000140,LT,savings,2026-09-11,252.60,USD,success,Rimi
T00004174,A000010,C000282,FI,credit,2026-09-11,328.86,GBP,success,Steam
T00007458,A000428,C000475,FI,savings,2026-09-11,15.85,GBP,pending,Wolt
T00006361,A000222,C000118,LT,savings,2026-09-11,175.64,EUR,success,Spotify
T00005053,A000011,C000150,FI,credit,2026-09-11,298.75,EUR,success,Wolt
T00007200,A000553,C000317,EE,savings,2026-09-11,338.90,EUR,success,Tesco
T00001121,A000028,C000264,EE,checking,2026-09-11,81.83,GBP,success,Bolt
T00005379,A000605,C000109,SE,credit,2026-09-11,148.17,GBP,success,Bolt
T00004184,A000164,C000015,LT,savings,2026-09-11,303.93,USD,success,Airbnb
T00008685,A000634,C000114,EE,credit,2026-09-11,398.18,GBP,success,Amazon
T00002474,A000070,C000191,FI,savings,2026-09-11,211.77,GBP,success,Airbnb
T00003370,A000581,C000431,LT,credit,2026-09-11,2.53,EUR,success,Spotify
T00002106,A000673,C000446,LV,savings,2026-09-11,408.98,USD,failed,Spotify
T00008817,A000207,C000153,EE,savings,2026-09-11,205.82,GBP,success,Wolt
T00000140,A000156,C000351,EE,credit,2026-09-11,281.25,GBP,success,Rimi
T00005335,A000695,C000214,FI,checking,2026-09-11,370.64,EUR,success,IKEA
T00008136,A000123,C000362,FI,savings,2026-09-11,357.82,GBP,success,Spotify
T00007874,A000646,C000142,FI,checking,2026-09-11,135.34,USD,success,Steam
T00007794,A000714,C000017,FI,checking,2026-09-11,417.09,GBP,success,Steam
T00001679,A000311,C000368,EE,savings,2026-09-11,289.50,USD,success,Spotify
T00004285,A000267,C000353,SE,credit,2026-09-11,40.73,GBP,success,IKEA
T00005285,A000674,C000256,FI,savings,2026-09-11,131.00,EUR,success,Netflix
T00007804,A000606,C000317,EE,checking,2026-09-11,53.56,USD,success,IKEA
T00004423,A000223,C000070,LV,savings,2026-09-11,346.31,EUR,success,IKEA
T00008096,A000207,C000153,EE,savings,2026-09-11,410.44,USD,failed,Amazon
T00002821,A000646,C000142,FI,checking,2026-09-11,200.61,GBP,success,Bolt
T00003346,A000412,C000155,EE,checking,2026-09-11,130.00,EUR,success,Wolt
T00008058,A000124,C000425,LT,credit,2026-09-11,418.51,USD,success,Bolt
T00002141,A000175,C000224,SE,checking,2026-09-11,129.73,USD,success,IKEA
T00008728,A000619,C000216,LV,checking,2026-09-11,166.60,GBP,success,Amazon
T00001788,A000695,C000214,FI,checking,2026-09-11,278.35,USD,success,Steam
T00009047,A000049,C000140,LT,savings,2026-09-11,380.67,USD,success,Steam
T00008196,A000358,C000213,SE,savings,2026-09-11,292.06,GBP,success,Amazon
T00006261,A000537,C000130,EE,credit,2026-09-11,298.62,USD,success,Rimi
T00003436,A000711,C000414,LT,credit,2026-09-11,367.22,EUR,success,Wolt
T00002046,A000313,C000285,LV,checking,2026-09-11,117.97,USD,success,Rimi
T00002441,A000392,C000010,LT,credit,2026-09-11,147.98,USD,success,Airbnb
T00006030,A000698,C000387,LV,credit,2026-09-11,378.97,EUR,success,Bolt
T00003765,A000733,C000238,FI,checking,2026-09-11,131.28,USD,success,Tesco
T00006412,A000478,C000362,FI,checking,2026-09-11,41.13,EUR,success,IKEA
T00008098,A000045,C000130,EE,savings,2026-09-11,375.12,USD,success,Steam
T00005287,A000345,C000257,EE,credit,2026-09-11,195.13,USD,success,Wolt
T00000589,A000173,C000233,EE,credit,2026-09-11,355.09,EUR,success,Airbnb
T00005589,A000044,C000294,EE,checking,2026-09-11,124.25,GBP,success,Spotify
T00000338,A000043,C000241,LT,savings,2026-09-11,392.19,USD,pending,Tesco
T00004399,A000138,C000307,FI,savings,2026-09-11,83.44,EUR,success,Steam
T00005261,A000449,C000052,FI,checking,2026-09-11,313.26,EUR,success,Rimi
T00003781,A000579,C000328,FI,savings,2026-09-11,199.10,EUR,success,Netflix
T00007606,A000323,C000315,LT,savings,2026-09-11,487.01,GBP,success,Bolt
T00008193,A000381,C000074,LT,credit,2026-09-11,297.03,USD,success,IKEA
T00001478,A000251,C000395,FI,savings,2026-09-11,124.94,USD,success,Airbnb
T00002080,A000709,C000493,FI,savings,2026-09-11,19.77,EUR,success,Tesco
T00009807,A000541,C000470,LV,savings,2026-09-11,120.13,EUR,success,Airbnb
T00008496,A000180,C000163,LV,credit,2026-09-11,23.39,GBP,success,Amazon
T00007829,A000199,C000256,FI,savings,2026-09-11,247.71,EUR,success,Amazon
T00002999,A000314,C000099,LV,credit,2026-09-11,114.25,USD,success,Rimi
T00005713,A000423,C000138,FI,credit,2026-09-11,285.76,EUR,success,Spotify
T00002575,A000552,C000492,FI,checking,2026-09-11,389.14,GBP,success,Tesco
T00006004,A000701,C000305,LT,checking,2026-09-11,318.89,GBP,failed,Wolt
T00006396,A000232,C000127,LT,credit,2026-09-11,347.46,EUR,success,Rimi
T00004997,A000316,C000489,EE,credit,2026-09-11,89.38,EUR,success,Rimi
T00001900,A000417,C000421,EE,checking,2026-09-11,162.98,USD,success,Bolt
T00008498,A000232,C000127,LT,credit,2026-09-11,424.03,GBP,success,Netflix
T00008188,A000388,C000380,FI,credit,2026-09-11,23.74,USD,success,Steam
T00006739,A000393,C000457,FI,savings,2026-09-11,387.55,GBP,success,Rimi
T00008923,A000702,C000223,EE,checking,2026-09-11,235.48,GBP,success,Bolt
T00009624,A000194,C000334,LT,savings,2026-09-11,240.50,USD,success,IKEA
T00006044,A000561,C000129,SE,checking,2026-09-11,233.15,USD,success,Rimi
T00004700,A000321,C000194,LV,checking,2026-09-11,490.34,GBP,success,Tesco
T00001314,A000072,C000148,LV,credit,2026-09-11,385.82,EUR,success,Wolt
T00004018,A000513,C000255,FI,credit,2026-09-11,104.84,EUR,success,Rimi
T00003357,A000317,C000284,FI,checking,2026-09-11,438.39,EUR,success,Wolt
T00002556,A000507,C000338,SE,credit,2026-09-11,245.14,USD,success,Airbnb
T00004218,A000455,C000060,EE,checking,2026-09-11,287.31,USD,success,Wolt
T00005318,A000321,C000194,LV,checking,2026-09-11,173.20,USD,success,Airbnb
T00007527,A000357,C000249,LV,savings,2026-09-11,311.43,GBP,success,Amazon
T00008633,A000135,C000461,LT,credit,2026-09-11,287.19,EUR,success,Airbnb
T00001215,A000418,C000404,LT,credit,2026-09-11,417.67,EUR,success,Spotify
T00004818,A000651,C000051,FI,credit,2026-09-11,301.68,USD,success,Amazon
T00006717,A000703,C000175,SE,credit,2026-09-11,365.12,GBP,success,Steam
T00006387,A000283,C000443,SE,checking,2026-09-11,98.30,USD,failed,Netflix
T00001076,A000420,C000121,LV,checking,2026-09-11,45.92,EUR,success,Spotify
T00005836,A000131,C000280,LT,credit,2026-09-11,420.67,USD,success,Steam
T00007225,A000704,C000025,FI,savings,2026-09-11,51.78,EUR,success,Bolt
T00000709,A000318,C000034,EE,credit,2026-09-11,334.42,USD,success,Spotify
T00001341,A000297,C000186,LT,credit,2026-09-11,132.38,USD,success,Spotify
T00003805,A000163,C000384,LT,savings,2026-09-11,185.83,GBP,success,Tesco
T00004512,A000509,C000165,LT,checking,2026-09-11,79.27,USD,success,Steam
T00001697,A000610,C000255,FI,savings,2026-09-11,415.50,GBP,success,Spotify
T00004798,A000419,C000146,SE,checking,2026-09-11,150.64,EUR,success,Airbnb
T00001023,A000541,C000470,LV,savings,2026-09-11,130.93,GBP,success,Tesco
T00008228,A000705,C000473,LT,checking,2026-09-11,487.25,EUR,success,Spotify
T00000998,A000226,C000328,FI,checking,2026-09-11,315.43,USD,success,Wolt
T00004177,A000038,C000401,SE,checking,2026-09-11,202.28,USD,success,Bolt
T00002370,A000651,C000051,FI,credit,2026-09-11,444.86,GBP,success,Airbnb
T00000596,A000356,C000072,FI,credit,2026-09-11,117.08,EUR,success,Rimi
T00007080,A000552,C000492,FI,checking,2026-09-11,238.29,GBP,success,Tesco
T00006459,A000068,C000281,EE,credit,2026-09-11,493.31,GBP,success,Amazon
T00007209,A000090,C000034,EE,checking,2026-09-11,408.15,GBP,success,IKEA
T00000740,A000345,C000257,EE,credit,2026-09-11,295.34,EUR,success,Steam
T00002701,A000228,C000061,EE,savings,2026-09-11,456.36,EUR,success,Rimi
T00001767,A000548,C000411,FI,credit,2026-09-11,289.67,GBP,success,Spotify
T00003304,A000132,C000082,SE,checking,2026-09-11,32.00,USD,success,Bolt
T00000847,A000487,C000454,EE,savings,2026-09-11,114.09,EUR,success,Wolt
T00008735,A000562,C000364,SE,checking,2026-09-11,349.28,GBP,success,Rimi
T00007703,A000257,C000243,LT,checking,2026-09-11,449.51,USD,success,Amazon
T00004496,A000097,C000291,LT,savings,2026-09-11,478.03,GBP,success,Tesco
T00002778,A000732,C000382,LT,credit,2026-09-11,324.37,USD,success,Amazon
T00002301,A000166,C000246,EE,credit,2026-09-11,162.54,USD,success,Spotify
T00003656,A000533,C000320,SE,credit,2026-09-11,147.72,USD,failed,Netflix
T00005104,A000073,C000319,LV,savings,2026-09-11,170.84,GBP,failed,Wolt
T00001454,A000560,C000250,LT,credit,2026-09-11,479.77,GBP,success,Airbnb
T00008139,A000683,C000361,EE,checking,2026-09-11,468.10,EUR,failed,Netflix
T00008084,A000456,C000146,SE,credit,2026-09-11,252.55,GBP,success,Amazon
T00003580,A000456,C000146,SE,credit,2026-09-11,408.80,GBP,success,Spotify
T00000832,A000337,C000239,LV,credit,2026-09-11,242.09,USD,success,Spotify
T00002965,A000396,C000007,FI,credit,2026-09-11,248.57,GBP,success,Amazon
T00009224,A000684,C000150,FI,checking,2026-09-11,388.47,GBP,success,Steam
T00005337,A000056,C000027,EE,credit,2026-09-11,130.23,USD,success,Wolt
T00005481,A000590,C000439,LV,credit,2026-09-11,264.49,USD,success,Wolt
T00009716,A000056,C000027,EE,credit,2026-09-11,423.16,USD,success,Steam
T00000693,A000290,C000478,LT,savings,2026-09-11,411.18,GBP,success,Spotify
T00005033,A000177,C000115,FI,savings,2026-09-11,7.68,GBP,success,Netflix
T00007248,A000477,C000182,SE,checking,2026-09-11,376.17,GBP,success,Steam
T00001052,A000289,C000442,LV,savings,2026-09-11,108.37,EUR,success,IKEA
T00001479,A000590,C000439,LV,credit,2026-09-11,140.06,USD,failed,Steam
T00004211,A000746,C000272,EE,savings,2026-09-11,252.32,GBP,success,IKEA
T00000253,A000544,C000081,SE,checking,2026-09-11,422.20,GBP,failed,Rimi
T00005953,A000249,C000371,EE,checking,2026-09-11,51.19,GBP,success,Rimi
T00008443,A000575,C000379,FI,credit,2026-09-11,105.40,EUR,success,Tesco
T00008940,A000095,C000088,FI,credit,2026-09-11,438.48,EUR,success,Steam
T00008121,A000017,C000304,SE,savings,2026-09-11,474.33,EUR,success,Steam
T00008644,A000210,C000144,FI,savings,2026-09-11,45.26,EUR,success,Rimi
T00006075,A000592,C000085,LV,savings,2026-09-11,385.73,EUR,success,Steam
T00005770,A000457,C000442,LV,checking,2026-09-11,489.25,EUR,success,Netflix
T00008221,A000261,C000279,LT,credit,2026-09-11,38.58,EUR,success,Netflix
T00001748,A000686,C000037,EE,savings,2026-09-11,228.52,GBP,success,Airbnb
T00008257,A000055,C000025,FI,credit,2026-09-11,345.57,EUR,success,Spotify
T00009987,A000593,C000065,EE,credit,2026-09-11,358.13,USD,failed,Airbnb
T00009405,A000687,C000441,EE,credit,2026-09-11,385.23,GBP,success,Tesco
T00003158,A000074,C000212,LV,savings,2026-09-11,289.78,USD,success,Airbnb
T00001409,A000748,C000148,LV,credit,2026-09-11,135.40,EUR,success,Tesco
T00009219,A000376,C000281,EE,credit,2026-09-11,225.17,USD,pending,Rimi
T00005212,A000530,C000051,FI,savings,2026-09-11,245.76,GBP,success,Tesco
T00001056,A000493,C000053,EE,savings,2026-09-11,83.48,EUR,success,Steam
T00009545,A000675,C000482,LT,credit,2026-09-11,84.55,USD,success,Spotify
T00002052,A000438,C000298,LT,credit,2026-09-11,365.49,GBP,success,Netflix
T00009149,A000480,C000113,LV,checking,2026-09-11,460.53,USD,success,Steam
T00007308,A000302,C000393,LT,credit,2026-09-11,428.81,GBP,success,Tesco
T00000223,A000537,C000130,EE,credit,2026-09-11,299.32,USD,success,Tesco
T00003146,A000558,C000225,FI,credit,2026-09-11,122.98,USD,pending,Rimi
T00001431,A000211,C000349,LT,checking,2026-09-11,277.44,GBP,success,Tesco
T00000243,A000529,C000290,EE,savings,2026-09-11,83.29,EUR,success,Wolt
T00000786,A000113,C000368,EE,credit,2026-09-11,99.67,USD,pending,Tesco
T00003676,A000627,C000022,LV,credit,2026-09-11,367.00,GBP,success,Airbnb
T00000629,A000287,C000173,LV,checking,2026-09-11,368.92,GBP,success,Steam
T00000710,A000562,C000364,SE,checking,2026-09-11,464.36,USD,success,Steam
T00003035,A000017,C000304,SE,savings,2026-09-11,9.53,EUR,success,Amazon
T00006975,A000075,C000184,EE,savings,2026-09-11,408.80,EUR,success,Bolt
T00006177,A000304,C000494,SE,savings,2026-09-11,439.70,USD,success,Rimi
T00003945,A000468,C000483,SE,savings,2026-09-11,303.11,USD,success,IKEA
T00004329,A000069,C000483,SE,checking,2026-09-11,417.83,GBP,success,Bolt
T00006690,A000075,C000184,EE,savings,2026-09-11,277.40,EUR,success,Netflix
T00009264,A000529,C000290,EE,savings,2026-09-11,116.03,USD,success,Tesco
T00006648,A000729,C000051,FI,checking,2026-09-11,222.66,EUR,success,Airbnb
T00002092,A000150,C000299,SE,savings,2026-09-11,408.07,USD,success,Steam
T00002102,A000150,C000299,SE,savings,2026-09-11,226.68,GBP,success,Wolt
T00002737,A000390,C000024,LV,savings,2026-09-11,316.42,USD,success,Bolt
T00000198,A000569,C000368,EE,checking,2026-09-11,293.21,EUR,success,Steam
T00007161,A000664,C000319,LV,checking,2026-09-11,256.30,EUR,success,Rimi
T00002971,A000399,C000098,FI,credit,2026-09-11,212.21,GBP,failed,Tesco
T00001881,A000448,C000129,SE,savings,2026-09-11,157.23,EUR,success,Wolt
T00002800,A000638,C000085,LV,savings,2026-09-11,246.92,USD,success,Rimi
T00003070,A000467,C000172,LV,checking,2026-09-11,152.94,GBP,success,Wolt
T00007776,A000376,C000281,EE,credit,2026-09-11,205.95,EUR,success,IKEA
T00003893,A000595,C000231,LT,checking,2026-09-11,297.56,EUR,success,Bolt
T00009516,A000350,C000344,EE,savings,2026-09-11,268.15,GBP,success,Spotify
T00007946,A000528,C000164,LT,credit,2026-09-11,356.05,EUR,success,Spotify
T00005831,A000114,C000409,SE,credit,2026-09-11,346.61,GBP,success,Spotify
T00003443,A000305,C000126,FI,checking,2026-09-11,74.31,USD,success,IKEA
T00000695,A000165,C000061,EE,credit,2026-09-11,37.18,GBP,success,IKEA
T00007876,A000053,C000422,EE,savings,2026-09-11,84.76,USD,success,Tesco
T00003424,A000467,C000172,LV,checking,2026-09-11,23.37,USD,success,Spotify
T00009097,A000689,C000426,LT,credit,2026-09-11,33.43,GBP,success,Tesco
T00000076,A000191,C000363,LT,savings,2026-09-11,287.76,EUR,failed,Rimi
T00007904,A000596,C000113,LV,checking,2026-09-11,52.66,USD,success,Netflix
T00005434,A000386,C000071,LV,credit,2026-09-11,288.45,EUR,success,Rimi
T00009656,A000246,C000380,FI,checking,2026-09-11,250.03,GBP,success,Steam
T00000925,A000306,C000228,LT,savings,2026-09-11,193.38,GBP,success,Rimi
T00003832,A000196,C000326,FI,credit,2026-09-11,240.43,GBP,success,Airbnb
T00002495,A000334,C000117,EE,savings,2026-09-11,327.87,EUR,success,Spotify
T00003891,A000380,C000362,FI,savings,2026-09-11,446.45,USD,success,IKEA
T00004022,A000102,C000395,FI,credit,2026-09-11,236.52,USD,success,Airbnb
T00001129,A000019,C000064,FI,credit,2026-09-11,132.84,EUR,failed,Rimi
T00003991,A000065,C000137,LV,credit,2026-09-11,172.82,EUR,success,Spotify
T00003899,A000271,C000436,LT,savings,2026-09-11,122.42,USD,success,Spotify
T00005289,A000480,C000113,LV,checking,2026-09-11,362.07,EUR,success,Tesco
T00006389,A000495,C000483,SE,checking,2026-09-11,421.58,GBP,success,Steam
T00008927,A000272,C000294,EE,credit,2026-09-11,442.45,USD,success,Amazon
T00001391,A000009,C000240,LV,checking,2026-09-11,281.50,USD,success,Steam
T00002770,A000495,C000483,SE,checking,2026-09-11,182.64,EUR,success,IKEA
T00003210,A000690,C000278,FI,checking,2026-09-11,102.65,USD,success,IKEA
T00005192,A000452,C000051,FI,checking,2026-09-11,180.50,USD,success,Wolt
T00007990,A000333,C000075,EE,checking,2026-09-11,150.42,GBP,success,Netflix
T00006748,A000021,C000450,LT,credit,2026-09-11,478.41,USD,success,Spotify
T00009089,A000467,C000172,LV,checking,2026-09-11,338.14,GBP,success,Tesco
T00007191,A000004,C000410,LT,credit,2026-09-11,45.79,GBP,success,Wolt
T00007492,A000496,C000190,LT,credit,2026-09-11,128.45,USD,success,IKEA
T00005031,A000292,C000287,LV,savings,2026-09-11,156.03,EUR,success,Amazon
T00000692,A000525,C000353,SE,savings,2026-09-11,165.52,USD,success,IKEA
T00000659,A000496,C000190,LT,credit,2026-09-11,494.51,GBP,success,Amazon
T00005747,A000402,C000441,EE,savings,2026-09-11,340.31,EUR,success,Tesco
T00008472,A000148,C000078,FI,savings,2026-09-11,217.88,GBP,success,Airbnb
T00003339,A000196,C000326,FI,credit,2026-09-11,250.19,GBP,success,Steam
T00001277,A000624,C000082,SE,savings,2026-09-11,401.53,USD,success,Spotify
T00001379,A000292,C000287,LV,savings,2026-09-11,185.27,GBP,success,Bolt
T00007235,A000724,C000411,FI,savings,2026-09-11,149.95,GBP,success,Amazon
T00008351,A000554,C000236,LT,checking,2026-09-11,375.03,EUR,success,Wolt
T00009092,A000431,C000230,FI,savings,2026-09-11,210.74,USD,pending,IKEA
T00000809,A000402,C000441,EE,savings,2026-09-11,439.57,EUR,success,IKEA
T00006806,A000293,C000232,SE,checking,2026-09-11,194.22,EUR,success,Airbnb
T00007015,A000103,C000060,EE,checking,2026-09-11,184.40,EUR,success,Netflix
T00006757,A000067,C000474,EE,credit,2026-09-11,346.14,USD,success,Rimi
T00007905,A000369,C000387,LV,savings,2026-09-11,353.72,EUR,success,Netflix
T00006124,A000735,C000056,LT,checking,2026-09-11,51.24,EUR,success,Spotify
T00007765,A000147,C000484,SE,credit,2026-09-11,299.93,GBP,success,Netflix
T00001198,A000114,C000409,SE,credit,2026-09-10,304.40,USD,success,Netflix
T00002650,A000646,C000142,FI,checking,2026-09-10,134.81,USD,success,IKEA
T00001295,A000475,C000406,SE,credit,2026-09-10,350.48,EUR,pending,Wolt
T00002072,A000262,C000116,LV,checking,2026-09-10,404.23,USD,success,Wolt
T00008376,A000360,C000239,LV,checking,2026-09-10,285.87,GBP,success,Spotify
T00007875,A000475,C000406,SE,credit,2026-09-10,23.31,USD,success,Amazon
T00006307,A000672,C000029,SE,credit,2026-09-10,485.46,EUR,success,Bolt
T00000950,A000068,C000281,EE,credit,2026-09-10,90.96,EUR,pending,Bolt
T00006621,A000474,C000282,FI,credit,2026-09-10,210.57,EUR,success,Tesco
T00008159,A000287,C000173,LV,checking,2026-09-10,173.35,EUR,success,Amazon
T00009312,A000266,C000426,LT,checking,2026-09-10,61.30,EUR,success,Steam
T00007154,A000671,C000253,EE,credit,2026-09-10,289.79,USD,success,Amazon
T00002431,A000286,C000310,SE,checking,2026-09-10,152.67,GBP,success,Tesco
T00001058,A000373,C000469,LV,savings,2026-09-10,224.45,GBP,success,Amazon
T00009234,A000671,C000253,EE,credit,2026-09-10,10.09,GBP,success,Amazon
T00002043,A000472,C000098,FI,checking,2026-09-10,93.54,EUR,success,Rimi
T00009628,A000671,C000253,EE,credit,2026-09-10,362.72,GBP,success,Amazon
T00001150,A000746,C000272,EE,savings,2026-09-10,267.71,EUR,success,Amazon
T00008828,A000160,C000003,LT,credit,2026-09-10,7.26,GBP,success,Rimi
T00002305,A000092,C000134,FI,checking,2026-09-10,27.73,GBP,success,Rimi
T00007003,A000453,C000330,LV,savings,2026-09-10,443.94,USD,success,Netflix
T00001317,A000195,C000096,FI,checking,2026-09-10,29.05,EUR,success,Amazon
T00001648,A000668,C000344,EE,checking,2026-09-10,39.08,EUR,success,Tesco
T00009715,A000472,C000098,FI,checking,2026-09-10,431.11,USD,success,Airbnb
T00008334,A000650,C000428,EE,credit,2026-09-10,335.77,USD,success,Netflix
T00000351,A000584,C000056,LT,checking,2026-09-10,444.59,GBP,success,Airbnb
T00002862,A000471,C000403,EE,savings,2026-09-10,407.65,GBP,success,Spotify
T00002496,A000284,C000109,SE,checking,2026-09-10,305.69,USD,success,Tesco
T00009372,A000668,C000344,EE,checking,2026-09-10,119.45,EUR,success,IKEA
T00006733,A000071,C000374,SE,checking,2026-09-10,284.36,EUR,success,Netflix
T00001569,A000737,C000283,SE,savings,2026-09-10,426.98,GBP,success,Wolt
T00002138,A000469,C000254,FI,savings,2026-09-10,334.27,USD,success,Tesco
T00005416,A000073,C000319,LV,savings,2026-09-10,498.45,EUR,success,Airbnb
T00004806,A000270,C000473,LT,checking,2026-09-10,45.11,USD,success,Bolt
T00007747,A000088,C000497,EE,credit,2026-09-10,173.47,GBP,success,Spotify
T00002198,A000536,C000199,SE,checking,2026-09-10,452.47,GBP,success,Steam
T00007627,A000653,C000000,FI,checking,2026-09-10,60.20,EUR,success,Rimi
T00009579,A000458,C000037,EE,checking,2026-09-10,397.88,EUR,success,IKEA
T00003053,A000546,C000156,LV,credit,2026-09-10,318.59,GBP,success,Netflix
T00007441,A000075,C000184,EE,savings,2026-09-10,261.54,USD,success,Netflix
T00007350,A000746,C000272,EE,savings,2026-09-10,249.66,GBP,success,IKEA
T00009434,A000654,C000133,EE,savings,2026-09-10,498.17,GBP,success,Amazon
T00008095,A000282,C000168,EE,savings,2026-09-10,248.02,EUR,success,Spotify
T00006783,A000348,C000104,EE,savings,2026-09-10,178.17,USD,success,Amazon
T00009491,A000663,C000161,EE,savings,2026-09-10,31.14,USD,failed,Netflix
T00006681,A000281,C000279,LT,savings,2026-09-10,223.82,EUR,success,Rimi
T00002049,A000654,C000133,EE,savings,2026-09-10,293.26,GBP,success,Airbnb
T00009762,A000273,C000223,EE,credit,2026-09-10,80.90,EUR,success,Amazon
T00001053,A000078,C000215,FI,checking,2026-09-10,364.81,EUR,failed,Rimi
T00007638,A000660,C000298,LT,savings,2026-09-10,407.29,EUR,success,Tesco
T00009216,A000279,C000246,EE,credit,2026-09-10,113.66,USD,success,Amazon
T00007106,A000548,C000411,FI,credit,2026-09-10,105.40,GBP,success,Spotify
T00008862,A000276,C000343,FI,credit,2026-09-10,259.11,USD,success,Bolt
T00006109,A000463,C000116,LV,checking,2026-09-10,387.60,GBP,success,Bolt
T00006289,A000277,C000159,SE,credit,2026-09-10,249.27,USD,success,Steam
T00001118,A000461,C000430,LV,savings,2026-09-10,223.83,EUR,success,Wolt
T00002447,A000347,C000423,FI,checking,2026-09-10,78.36,EUR,success,IKEA
T00000057,A000570,C000066,LV,checking,2026-09-10,456.13,EUR,success,Spotify
T00004652,A000011,C000150,FI,credit,2026-09-10,429.77,GBP,success,Wolt
T00006887,A000353,C000067,SE,credit,2026-09-10,464.06,EUR,success,Amazon
T00004103,A000011,C000150,FI,credit,2026-09-10,322.84,USD,success,Amazon
T00005720,A000734,C000253,EE,credit,2026-09-10,492.88,USD,success,Tesco
T00004655,A000340,C000437,SE,credit,2026-09-10,254.03,USD,success,Bolt
T00005127,A000207,C000153,EE,savings,2026-09-10,175.29,GBP,success,Wolt
T00005015,A000207,C000153,EE,savings,2026-09-10,446.69,USD,failed,Netflix
T00002170,A000155,C000467,SE,savings,2026-09-10,225.45,USD,success,IKEA
T00004924,A000155,C000467,SE,savings,2026-09-10,32.64,USD,success,Bolt
T00009119,A000155,C000467,SE,savings,2026-09-10,69.93,EUR,success,Amazon
T00000458,A000339,C000345,EE,credit,2026-09-10,483.54,GBP,success,Amazon
T00003153,A000342,C000084,LT,credit,2026-09-10,292.01,USD,success,Bolt
T00009839,A000166,C000246,EE,credit,2026-09-10,456.11,GBP,failed,Netflix
T00008276,A000394,C000070,LV,savings,2026-09-10,306.51,GBP,success,Tesco
T00007240,A000366,C000326,FI,checking,2026-09-10,95.92,USD,success,Airbnb
T00000738,A000012,C000455,LV,savings,2026-09-10,450.46,EUR,success,Rimi
T00005668,A000154,C000306,SE,credit,2026-09-10,26.63,GBP,success,Steam
T00005945,A000208,C000189,FI,savings,2026-09-10,176.73,USD,success,Steam
T00005731,A000394,C000070,LV,savings,2026-09-10,255.02,GBP,success,Spotify
T00002723,A000208,C000189,FI,savings,2026-09-10,286.57,EUR,success,Steam
T00002307,A000208,C000189,FI,savings,2026-09-10,126.26,EUR,success,Rimi
T00000864,A000394,C000070,LV,savings,2026-09-10,255.57,GBP,success,Amazon
T00008813,A000014,C000402,LT,checking,2026-09-10,110.95,EUR,success,Wolt
T00009138,A000396,C000007,FI,credit,2026-09-10,42.49,GBP,success,Tesco
T00009904,A000338,C000123,FI,credit,2026-09-10,302.99,USD,success,IKEA
T00008935,A000378,C000281,EE,checking,2026-09-10,493.91,EUR,success,Netflix
T00008063,A000016,C000172,LV,checking,2026-09-10,89.32,EUR,success,Wolt
T00005199,A000209,C000090,LV,savings,2026-09-10,348.60,GBP,success,IKEA
T00004107,A000532,C000168,EE,checking,2026-09-10,78.18,GBP,failed,IKEA
T00005897,A000532,C000168,EE,checking,2026-09-10,34.74,GBP,success,Tesco
T00009620,A000532,C000168,EE,checking,2026-09-10,305.20,EUR,success,Rimi
T00007808,A000210,C000144,FI,savings,2026-09-10,134.99,GBP,success,IKEA
T00006173,A000730,C000487,FI,checking,2026-09-10,499.90,EUR,success,Amazon
T00006639,A000196,C000326,FI,credit,2026-09-10,288.58,USD,success,IKEA
T00007147,A000730,C000487,FI,checking,2026-09-10,286.52,EUR,success,Wolt
T00003895,A000593,C000065,EE,credit,2026-09-10,400.73,EUR,success,Spotify
T00009379,A000337,C000239,LV,credit,2026-09-10,444.58,USD,success,Rimi
T00006416,A000017,C000304,SE,savings,2026-09-10,407.06,EUR,failed,Airbnb
T00005234,A000017,C000304,SE,savings,2026-09-10,266.10,USD,failed,Bolt
T00008180,A000151,C000165,LT,credit,2026-09-10,146.59,EUR,success,Wolt
T00007194,A000212,C000372,EE,checking,2026-09-10,225.37,GBP,success,Tesco
T00006253,A000594,C000172,LV,checking,2026-09-10,172.39,GBP,success,Wolt
T00005652,A000594,C000172,LV,checking,2026-09-10,442.20,GBP,success,Amazon
T00003774,A000390,C000024,LV,savings,2026-09-10,225.21,EUR,success,Tesco
T00001612,A000728,C000034,EE,checking,2026-09-10,48.46,EUR,success,Amazon
T00004994,A000150,C000299,SE,savings,2026-09-10,230.84,EUR,success,Wolt
T00005933,A000150,C000299,SE,savings,2026-09-10,185.16,USD,failed,Bolt
T00000543,A000399,C000098,FI,credit,2026-09-10,249.78,EUR,success,Netflix
T00007279,A000528,C000164,LT,credit,2026-09-10,289.96,USD,success,Amazon
T00004369,A000213,C000462,SE,checking,2026-09-10,162.57,GBP,success,Tesco
T00000408,A000726,C000399,SE,checking,2026-09-10,493.22,GBP,success,Steam
T00007152,A000596,C000113,LV,checking,2026-09-10,31.01,EUR,success,Bolt
T00006331,A000401,C000469,LV,savings,2026-09-10,386.74,USD,success,Tesco
T00009108,A000214,C000361,EE,savings,2026-09-10,94.36,EUR,success,Spotify
T00001813,A000214,C000361,EE,savings,2026-09-10,272.04,GBP,success,Rimi
T00005681,A000010,C000282,FI,credit,2026-09-10,314.07,GBP,success,Spotify
T00006032,A000020,C000063,EE,credit,2026-09-10,196.47,GBP,success,Netflix
T00007583,A000352,C000252,FI,credit,2026-09-10,123.17,EUR,success,Netflix
T00003442,A000597,C000361,EE,savings,2026-09-10,286.47,USD,success,IKEA
T00007533,A000191,C000363,LT,savings,2026-09-10,146.80,GBP,success,Wolt
T00000183,A000390,C000024,LV,savings,2026-09-10,62.46,USD,success,Wolt
T00001405,A000723,C000438,LT,credit,2026-09-10,14.14,EUR,success,Rimi
T00007577,A000598,C000101,EE,credit,2026-09-10,240.02,GBP,success,Amazon
T00008529,A000403,C000250,LT,savings,2026-09-10,425.25,EUR,success,IKEA
T00005861,A000598,C000101,EE,credit,2026-09-10,368.77,USD,success,Amazon
T00003971,A000598,C000101,EE,credit,2026-09-10,467.31,USD,failed,Rimi
T00000807,A000023,C000204,SE,credit,2026-09-10,225.17,EUR,success,Bolt
T00006023,A000576,C000207,LT,credit,2026-09-10,278.78,GBP,failed,Spotify
T00009396,A000525,C000353,SE,savings,2026-09-10,299.99,EUR,success,IKEA
T00002261,A000721,C000105,FI,credit,2026-09-10,285.54,EUR,success,Netflix
T00008366,A000024,C000377,LV,checking,2026-09-10,404.72,GBP,success,Netflix
T00000697,A000404,C000034,EE,credit,2026-09-10,162.60,USD,success,Bolt
T00002045,A000522,C000009,FI,checking,2026-09-10,214.12,GBP,success,Tesco
T00003009,A000024,C000377,LV,checking,2026-09-10,160.69,USD,success,Bolt
T00009285,A000600,C000488,FI,savings,2026-09-10,136.78,EUR,success,IKEA
T00008156,A000721,C000105,FI,credit,2026-09-10,322.91,GBP,success,Rimi
T00000227,A000024,C000377,LV,checking,2026-09-10,145.79,USD,success,Netflix
T00003367,A000600,C000488,FI,savings,2026-09-10,208.42,GBP,success,Airbnb
T00003044,A000600,C000488,FI,savings,2026-09-10,30.26,EUR,success,Bolt
T00000972,A000405,C000020,LV,savings,2026-09-10,457.17,USD,success,Netflix
T00005017,A000219,C000234,LV,savings,2026-09-10,435.65,USD,success,Netflix
T00000540,A000719,C000481,EE,savings,2026-09-10,78.24,USD,success,Netflix
T00004259,A000406,C000263,EE,checking,2026-09-10,371.24,USD,success,IKEA
T00000391,A000330,C000365,FI,savings,2026-09-10,238.04,GBP,success,Tesco
T00008560,A000027,C000101,EE,checking,2026-09-10,47.25,GBP,success,Rimi
T00007705,A000718,C000265,FI,checking,2026-09-10,243.74,GBP,success,Bolt
T00001294,A000601,C000412,EE,savings,2026-09-10,196.43,EUR,success,Rimi
T00008272,A000330,C000365,FI,savings,2026-09-10,247.23,GBP,success,IKEA
T00003736,A000344,C000116,LV,savings,2026-09-10,144.69,GBP,success,Spotify
T00009154,A000544,C000081,SE,checking,2026-09-10,354.84,GBP,success,IKEA
T00001550,A000549,C000103,FI,savings,2026-09-10,118.32,GBP,success,Spotify
T00004991,A000408,C000018,LV,credit,2026-09-10,468.05,GBP,success,Wolt
T00001003,A000220,C000240,LV,credit,2026-09-10,88.64,USD,success,Amazon
T00000855,A000196,C000326,FI,credit,2026-09-10,421.27,USD,success,Netflix
T00003099,A000408,C000018,LV,credit,2026-09-10,412.66,GBP,success,Steam
T00006201,A000518,C000399,SE,savings,2026-09-10,90.93,USD,success,Netflix
T00000061,A000363,C000086,SE,savings,2026-09-10,197.28,USD,success,IKEA
T00009976,A000391,C000096,FI,savings,2026-09-10,455.32,USD,success,Spotify
T00003668,A000028,C000264,EE,checking,2026-09-10,300.18,USD,success,Steam
T00007347,A000366,C000326,FI,checking,2026-09-10,209.12,GBP,success,Netflix
T00009261,A000326,C000219,LV,checking,2026-09-10,89.50,USD,success,Bolt
T00008010,A000142,C000087,FI,checking,2026-09-10,112.43,USD,success,Airbnb
T00003437,A000006,C000455,LV,checking,2026-09-10,297.34,USD,success,Tesco
T00003176,A000605,C000109,SE,credit,2026-09-10,131.39,GBP,success,Amazon
T00009554,A000029,C000223,EE,credit,2026-09-10,284.13,USD,success,Bolt
T00009397,A000326,C000219,LV,checking,2026-09-10,442.20,EUR,success,Bolt
T00008190,A000141,C000170,LV,savings,2026-09-10,230.22,USD,success,Wolt
T00007497,A000029,C000223,EE,credit,2026-09-10,324.63,USD,success,Steam
T00002905,A000325,C000142,FI,savings,2026-09-10,467.54,GBP,success,IKEA
T00007258,A000412,C000155,EE,checking,2026-09-10,466.58,USD,success,Steam
T00008601,A000516,C000047,LT,savings,2026-09-10,408.60,USD,success,Tesco
T00000751,A000363,C000086,SE,savings,2026-09-10,88.12,USD,success,Netflix
T00009902,A000714,C000017,FI,checking,2026-09-10,84.47,EUR,success,IKEA
T00001211,A000173,C000233,EE,credit,2026-09-10,305.84,EUR,success,IKEA
T00006313,A000139,C000420,FI,checking,2026-09-10,34.39,USD,success,Tesco
T00005582,A000377,C000499,FI,savings,2026-09-10,135.62,USD,success,IKEA
T00008499,A000139,C000420,FI,checking,2026-09-10,86.41,USD,success,Netflix
T00002552,A000034,C000300,LT,savings,2026-09-10,139.06,EUR,success,IKEA
T00006229,A000608,C000210,LV,savings,2026-09-10,492.61,GBP,success,Wolt
T00006515,A000164,C000015,LT,savings,2026-09-10,40.25,USD,success,Airbnb
T00009752,A000225,C000298,LT,credit,2026-09-10,449.29,GBP,success,Rimi
T00001744,A000225,C000298,LT,credit,2026-09-10,148.39,USD,success,Amazon
T00001359,A000225,C000298,LT,credit,2026-09-10,337.91,GBP,success,Amazon
T00008404,A000351,C000229,SE,credit,2026-09-10,187.35,USD,success,Spotify
T00001917,A000609,C000349,LT,checking,2026-09-10,15.39,GBP,failed,Netflix
T00001366,A000134,C000417,LV,credit,2026-09-10,282.20,USD,success,Amazon
T00006402,A000513,C000255,FI,credit,2026-09-10,204.20,EUR,success,Netflix
T00009054,A000320,C000197,LT,savings,2026-09-10,459.54,GBP,success,Netflix
T00003645,A000567,C000376,LV,credit,2026-09-10,482.58,EUR,pending,Rimi
T00000494,A000705,C000473,LT,checking,2026-09-10,327.54,USD,failed,Netflix
T00002289,A000037,C000059,LT,checking,2026-09-10,436.54,GBP,success,Netflix
T00000821,A000229,C000208,FI,savings,2026-09-10,16.82,USD,success,Tesco
T00004906,A000132,C000082,SE,checking,2026-09-10,124.50,USD,success,Airbnb
T00004996,A000705,C000473,LT,checking,2026-09-10,286.24,GBP,failed,Steam
T00005711,A000705,C000473,LT,checking,2026-09-10,131.39,EUR,success,Amazon
T00006860,A000038,C000401,SE,checking,2026-09-10,432.46,USD,success,Bolt
T00004867,A000420,C000121,LV,checking,2026-09-10,47.13,USD,success,Rimi
T00003185,A000420,C000121,LV,checking,2026-09-10,233.77,EUR,success,Steam
T00004590,A000039,C000052,FI,credit,2026-09-10,157.73,EUR,success,Steam
T00008177,A000040,C000071,LV,savings,2026-09-10,16.68,EUR,success,Spotify
T00002871,A000230,C000421,EE,checking,2026-09-10,465.16,EUR,success,Netflix
T00002445,A000006,C000455,LV,checking,2026-09-10,36.40,GBP,success,Tesco
T00006148,A000357,C000249,LV,savings,2026-09-10,384.02,USD,success,Amazon
T00002252,A000231,C000206,EE,checking,2026-09-10,106.26,EUR,success,Rimi
T00008785,A000232,C000127,LT,credit,2026-09-10,73.68,GBP,success,Tesco
T00009492,A000615,C000249,LV,credit,2026-09-10,382.22,GBP,success,Steam
T00001233,A000566,C000056,LT,checking,2026-09-10,438.94,USD,success,Spotify
T00001077,A000186,C000047,LT,savings,2026-09-10,467.56,GBP,success,Tesco
T00004744,A000041,C000005,FI,credit,2026-09-10,129.93,USD,success,Netflix
T00008517,A000748,C000148,LV,credit,2026-09-10,57.01,EUR,success,Airbnb
T00001323,A000700,C000205,SE,checking,2026-09-10,284.20,USD,success,Bolt
T00003429,A000615,C000249,LV,credit,2026-09-10,420.70,EUR,success,Airbnb
T00002909,A000423,C000138,FI,credit,2026-09-10,476.77,GBP,success,Wolt
T00009899,A000234,C000141,SE,checking,2026-09-10,119.93,USD,success,Wolt
T00000095,A000125,C000268,LT,checking,2026-09-10,411.27,EUR,success,Steam
T00008005,A000616,C000032,FI,savings,2026-09-10,270.93,EUR,success,IKEA
T00004027,A000616,C000032,FI,savings,2026-09-10,465.29,GBP,failed,Tesco
T00005636,A000699,C000034,EE,savings,2026-09-10,121.81,EUR,success,Amazon
T00000485,A000350,C000344,EE,savings,2026-09-10,35.32,EUR,success,Tesco
T00007089,A000566,C000056,LT,checking,2026-09-10,233.14,EUR,success,Amazon
T00004911,A000044,C000294,EE,checking,2026-09-10,207.37,EUR,success,Tesco
T00008721,A000358,C000213,SE,savings,2026-09-10,478.51,USD,success,Netflix
T00008689,A000698,C000387,LV,credit,2026-09-10,7.30,GBP,success,Spotify
T00008363,A000200,C000016,LT,credit,2026-09-10,227.77,EUR,success,Amazon
T00007339,A000618,C000434,LT,credit,2026-09-10,114.47,EUR,success,Rimi
T00008981,A000697,C000381,LT,checking,2026-09-10,192.45,EUR,pending,Airbnb
T00007291,A000313,C000285,LV,checking,2026-09-10,357.35,USD,success,Wolt
T00008418,A000125,C000268,LT,checking,2026-09-10,312.77,GBP,failed,Rimi
T00006096,A000618,C000434,LT,credit,2026-09-10,297.32,GBP,success,Amazon
T00009771,A000426,C000217,LV,checking,2026-09-10,351.45,GBP,success,Rimi
T00004927,A000341,C000004,LT,credit,2026-09-10,255.35,EUR,success,Bolt
T00003570,A000236,C000132,EE,credit,2026-09-10,62.30,EUR,success,Bolt
T00004954,A000695,C000214,FI,checking,2026-09-10,156.87,GBP,success,Bolt
T00004085,A000547,C000459,LT,credit,2026-09-10,287.75,GBP,success,Wolt
T00000452,A000428,C000475,FI,savings,2026-09-10,344.97,EUR,success,Netflix
T00001481,A000121,C000491,EE,savings,2026-09-10,187.41,GBP,success,Spotify
T00009544,A000621,C000078,FI,credit,2026-09-10,452.84,EUR,success,Spotify
T00001172,A000238,C000127,LT,savings,2026-09-10,45.38,USD,success,Amazon
T00000676,A000002,C000487,FI,credit,2026-09-10,374.80,GBP,success,IKEA
T00007482,A000239,C000115,FI,checking,2026-09-10,479.81,USD,success,Netflix
T00001513,A000239,C000115,FI,checking,2026-09-10,57.97,USD,failed,Netflix
T00005579,A000118,C000202,LT,savings,2026-09-10,146.80,USD,success,IKEA
T00002853,A000430,C000225,FI,checking,2026-09-10,403.91,GBP,success,Bolt
T00009230,A000186,C000047,LT,savings,2026-09-10,263.26,EUR,success,IKEA
T00007127,A000540,C000482,LT,savings,2026-09-10,360.64,USD,success,Amazon
T00007629,A000051,C000366,LV,savings,2026-09-10,446.77,EUR,success,Airbnb
T00002391,A000691,C000237,EE,checking,2026-09-10,87.05,GBP,pending,Rimi
T00005355,A000117,C000141,SE,savings,2026-09-10,317.64,GBP,success,IKEA
T00004671,A000116,C000432,FI,credit,2026-09-10,163.33,GBP,success,IKEA
T00008732,A000308,C000429,SE,savings,2026-09-10,62.07,GBP,success,IKEA
T00001685,A000307,C000231,LT,savings,2026-09-10,429.14,GBP,success,Spotify
T00004323,A000346,C000133,EE,checking,2026-09-10,142.83,EUR,success,Spotify
T00000762,A000432,C000487,FI,credit,2026-09-10,135.38,GBP,success,Amazon
T00002551,A000115,C000015,LT,checking,2026-09-10,83.40,EUR,pending,Bolt
T00008284,A000689,C000426,LT,credit,2026-09-10,419.69,GBP,success,Rimi
T00007351,A000626,C000353,SE,credit,2026-09-10,107.40,EUR,success,Wolt
T00007274,A000739,C000420,FI,credit,2026-09-10,266.99,EUR,success,IKEA
T00001368,A000052,C000459,LT,checking,2026-09-10,9.35,USD,success,Wolt
T00006503,A000741,C000250,LT,credit,2026-09-10,151.60,USD,success,Spotify
T00002418,A000688,C000032,FI,credit,2026-09-10,313.10,USD,success,Steam
T00006025,A000302,C000393,LT,credit,2026-09-10,483.95,EUR,success,Rimi
T00002437,A000350,C000344,EE,savings,2026-09-10,258.83,EUR,success,Tesco
T00005889,A000184,C000266,LV,savings,2026-09-10,382.34,EUR,success,Netflix
T00000184,A000361,C000170,LV,checking,2026-09-10,285.28,GBP,success,Spotify
T00009248,A000247,C000272,EE,checking,2026-09-10,427.90,USD,success,Spotify
T00008509,A000302,C000393,LT,credit,2026-09-10,411.31,USD,success,Amazon
T00003253,A000112,C000102,LT,credit,2026-09-10,313.81,USD,success,Airbnb
T00006376,A000184,C000266,LV,savings,2026-09-10,374.52,EUR,success,Netflix
T00002257,A000248,C000451,EE,savings,2026-09-10,413.03,EUR,success,Wolt
T00002798,A000111,C000404,LT,credit,2026-09-10,293.52,GBP,success,Steam
T00001946,A000439,C000418,LV,credit,2026-09-10,350.10,GBP,success,Rimi
T00005790,A000564,C000447,EE,checking,2026-09-10,98.12,EUR,success,Bolt
T00003912,A000055,C000025,FI,credit,2026-09-10,50.79,USD,success,Netflix
T00000073,A000685,C000492,FI,credit,2026-09-10,208.48,USD,success,Rimi
T00005035,A000539,C000043,LT,checking,2026-09-10,314.38,GBP,success,Rimi
T00002432,A000055,C000025,FI,credit,2026-09-10,120.34,EUR,success,Steam
T00009339,A000564,C000447,EE,checking,2026-09-10,160.94,GBP,success,Amazon
T00006429,A000056,C000027,EE,credit,2026-09-10,312.04,GBP,success,Netflix
T00003135,A000684,C000150,FI,checking,2026-09-10,138.59,EUR,success,Spotify
T00003375,A000684,C000150,FI,checking,2026-09-10,45.65,EUR,success,Bolt
T00003878,A000631,C000304,SE,checking,2026-09-10,472.89,EUR,success,Netflix
T00009633,A000009,C000240,LV,checking,2026-09-10,168.72,EUR,success,Tesco
T00001217,A000442,C000134,FI,checking,2026-09-10,261.84,USD,success,Steam
T00004138,A000059,C000415,SE,credit,2026-09-10,190.72,GBP,success,IKEA
T00002542,A000375,C000199,SE,credit,2026-09-10,401.91,EUR,success,Wolt
T00002911,A000108,C000089,FI,checking,2026-09-10,352.39,USD,failed,Wolt
T00004764,A000297,C000186,LT,credit,2026-09-10,197.05,GBP,success,Steam
T00002238,A000681,C000355,FI,savings,2026-09-10,372.92,GBP,success,Steam
T00009376,A000252,C000486,FI,checking,2026-09-10,301.83,USD,success,Wolt
T00006176,A000445,C000173,LV,savings,2026-09-10,221.39,EUR,success,Tesco
T00009640,A000107,C000069,LT,credit,2026-09-10,396.92,USD,success,Bolt
T00004032,A000445,C000173,LV,savings,2026-09-10,273.46,GBP,success,IKEA
T00008777,A000446,C000315,LT,checking,2026-09-10,183.54,USD,success,Airbnb
T00005152,A000295,C000244,SE,checking,2026-09-10,352.14,USD,success,Rimi
T00002734,A000106,C000251,LV,credit,2026-09-10,417.33,USD,success,Rimi
T00007041,A000446,C000315,LT,checking,2026-09-10,439.50,USD,success,IKEA
T00004239,A000177,C000115,FI,savings,2026-09-10,455.55,USD,success,Amazon
T00006925,A000447,C000419,LV,credit,2026-09-10,17.45,GBP,success,Spotify
T00004126,A000294,C000125,EE,credit,2026-09-10,209.09,GBP,success,IKEA
T00008681,A000486,C000307,FI,credit,2026-09-10,332.10,GBP,success,Steam
T00003108,A000679,C000190,LT,savings,2026-09-10,478.85,USD,success,Bolt
T00003492,A000485,C000457,FI,credit,2026-09-10,30.58,GBP,success,Netflix
T00005369,A000636,C000019,FI,savings,2026-09-10,214.63,GBP,success,Spotify
T00001871,A000293,C000232,SE,checking,2026-09-10,113.93,USD,success,IKEA
T00007104,A000184,C000266,LV,savings,2026-09-10,192.48,EUR,success,Steam
T00001526,A000538,C000280,LT,credit,2026-09-10,106.65,EUR,success,Rimi
T00004297,A000448,C000129,SE,savings,2026-09-10,215.38,USD,success,Netflix
T00002392,A000062,C000023,FI,credit,2026-09-10,450.41,USD,success,Tesco
T00008731,A000203,C000123,FI,savings,2026-09-10,281.69,EUR,success,Bolt
T00003475,A000102,C000395,FI,credit,2026-09-10,312.61,GBP,success,Amazon
T00009034,A000387,C000493,FI,checking,2026-09-10,401.91,GBP,success,IKEA
T00001957,A000448,C000129,SE,savings,2026-09-10,415.73,EUR,success,Spotify
T00001933,A000448,C000129,SE,savings,2026-09-10,139.49,USD,success,Wolt
T00006983,A000563,C000406,SE,savings,2026-09-10,487.03,USD,success,Airbnb
T00001374,A000101,C000335,EE,checking,2026-09-10,49.84,GBP,success,Rimi
T00001361,A000255,C000384,LT,checking,2026-09-10,139.78,EUR,failed,Wolt
T00006818,A000538,C000280,LT,credit,2026-09-10,412.77,GBP,success,Tesco
T00002339,A000638,C000085,LV,savings,2026-09-10,97.87,GBP,success,Tesco
T00007135,A000557,C000003,LT,savings,2026-09-10,465.24,EUR,success,Amazon
T00009669,A000373,C000469,LV,savings,2026-09-10,434.34,GBP,success,Rimi
T00009237,A000449,C000052,FI,checking,2026-09-10,263.46,EUR,success,Tesco
T00002813,A000562,C000364,SE,checking,2026-09-10,390.60,USD,success,Netflix
T00008691,A000481,C000416,FI,checking,2026-09-10,398.87,EUR,success,Rimi
T00007825,A000747,C000422,EE,savings,2026-09-10,299.19,USD,success,Steam
T00009609,A000008,C000186,LT,checking,2026-09-10,332.59,EUR,failed,Netflix
T00007390,A000099,C000455,LV,checking,2026-09-10,164.74,USD,success,Wolt
T00000748,A000641,C000282,FI,credit,2026-09-10,6.80,GBP,success,Netflix
T00007599,A000000,C000276,LT,credit,2026-09-10,35.27,EUR,success,Netflix
T00007615,A000450,C000236,LT,checking,2026-09-10,284.14,USD,pending,Airbnb
T00009319,A000183,C000357,FI,savings,2026-09-10,152.98,USD,success,Netflix
T00000403,A000065,C000137,LV,credit,2026-09-10,446.75,EUR,success,Steam
T00000294,A000642,C000109,SE,credit,2026-09-10,282.10,GBP,pending,Rimi
T00009779,A000066,C000341,EE,checking,2026-09-10,414.12,EUR,success,Tesco
T00006373,A000674,C000256,FI,savings,2026-09-10,451.08,GBP,success,Tesco
T00003379,A000450,C000236,LT,checking,2026-09-10,457.15,EUR,success,Spotify
T00001901,A000561,C000129,SE,checking,2026-09-10,333.09,GBP,success,Rimi
T00002285,A000289,C000442,LV,savings,2026-09-10,479.92,GBP,success,Wolt
T00008665,A000098,C000234,LV,credit,2026-09-10,115.21,EUR,success,Steam
T00000405,A000673,C000446,LV,savings,2026-09-10,109.10,USD,success,Amazon
T00004713,A000477,C000182,SE,checking,2026-09-10,414.77,GBP,success,Amazon
T00006911,A000097,C000291,LT,savings,2026-09-10,143.94,GBP,success,Netflix
T00008179,A000645,C000018,LV,checking,2026-09-10,186.48,GBP,failed,Airbnb
T00001030,A000476,C000031,LV,checking,2026-09-10,221.20,GBP,pending,Airbnb
T00002121,A000645,C000018,LV,checking,2026-09-10,8.61,EUR,success,Airbnb
T00001590,A000645,C000018,LV,checking,2026-09-10,451.63,GBP,success,Rimi
T00002795,A000673,C000446,LV,savings,2026-09-10,441.85,USD,success,Netflix
T00001921,A000692,C000268,LT,credit,2026-09-09,222.95,USD,success,Bolt
T00009185,A000217,C000013,LV,savings,2026-09-09,64.47,EUR,success,Amazon
T00003698,A000160,C000003,LT,credit,2026-09-09,186.81,GBP,success,Amazon
T00004361,A000622,C000362,FI,savings,2026-09-09,416.50,EUR,success,Amazon
T00006230,A000599,C000021,FI,credit,2026-09-09,403.89,USD,success,Amazon
T00005121,A000430,C000225,FI,checking,2026-09-09,137.92,USD,success,Bolt
T00000763,A000085,C000276,LT,credit,2026-09-09,445.02,USD,success,Spotify
T00007153,A000524,C000253,EE,savings,2026-09-09,395.84,USD,success,Spotify
T00002935,A000118,C000202,LT,savings,2026-09-09,36.93,USD,success,Wolt
T00001450,A000459,C000297,LV,savings,2026-09-09,404.21,USD,success,Bolt
T00008359,A000176,C000432,FI,savings,2026-09-09,202.95,USD,success,Netflix
T00002173,A000162,C000176,LV,checking,2026-09-09,478.10,GBP,success,Airbnb
T00003764,A000580,C000036,LV,credit,2026-09-09,353.22,USD,success,Amazon
T00008907,A000548,C000411,FI,credit,2026-09-09,385.18,EUR,success,Wolt
T00007694,A000673,C000446,LV,savings,2026-09-09,75.48,USD,success,Spotify
T00001071,A000430,C000225,FI,checking,2026-09-09,386.38,USD,success,Spotify
T00008583,A000262,C000116,LV,checking,2026-09-09,180.55,USD,failed,Spotify
T00000200,A000050,C000449,FI,checking,2026-09-09,80.61,GBP,success,Amazon
T00003611,A000216,C000226,SE,credit,2026-09-09,196.20,EUR,success,Bolt
T00001334,A000272,C000294,EE,credit,2026-09-09,250.34,EUR,success,Wolt
T00003511,A000404,C000034,EE,credit,2026-09-09,324.47,GBP,success,Spotify
T00004551,A000023,C000204,SE,credit,2026-09-09,303.32,GBP,success,Steam
T00008747,A000266,C000426,LT,checking,2026-09-09,439.11,EUR,success,Netflix
T00008237,A000147,C000484,SE,credit,2026-09-09,396.78,USD,success,Amazon
T00007973,A000069,C000483,SE,checking,2026-09-09,218.48,EUR,success,Netflix
T00009366,A000724,C000411,FI,savings,2026-09-09,381.74,GBP,success,Amazon
T00009015,A000309,C000212,LV,credit,2026-09-09,385.80,GBP,success,Bolt
T00001300,A000021,C000450,LT,credit,2026-09-09,308.37,EUR,success,Amazon
T00009985,A000148,C000078,FI,savings,2026-09-09,416.75,USD,success,Netflix
T00003231,A000003,C000098,FI,savings,2026-09-09,431.20,GBP,success,Netflix
T00004158,A000724,C000411,FI,savings,2026-09-09,324.40,GBP,success,IKEA
T00008461,A000625,C000311,EE,savings,2026-09-09,6.59,GBP,success,Rimi
T00009145,A000178,C000401,SE,credit,2026-09-09,272.26,GBP,success,Tesco
T00001289,A000243,C000101,EE,credit,2026-09-09,225.55,EUR,success,IKEA
T00009390,A000281,C000279,LT,savings,2026-09-09,102.54,EUR,failed,Bolt
T00009947,A000526,C000175,SE,credit,2026-09-09,68.66,EUR,success,Spotify
T00004903,A000748,C000148,LV,credit,2026-09-09,349.29,GBP,success,IKEA
T00001069,A000148,C000078,FI,savings,2026-09-09,36.93,USD,success,Amazon
T00009791,A000647,C000264,EE,credit,2026-09-09,347.90,GBP,success,IKEA
T00001716,A000281,C000279,LT,savings,2026-09-09,476.98,USD,success,Wolt
T00001983,A000749,C000405,LT,credit,2026-09-09,366.28,EUR,failed,IKEA
T00008099,A000180,C000163,LV,credit,2026-09-09,269.90,GBP,failed,Bolt
T00002661,A000401,C000469,LV,savings,2026-09-09,18.98,USD,success,Rimi
T00003059,A000689,C000426,LT,credit,2026-09-09,367.14,USD,success,Tesco
T00005431,A000370,C000268,LT,checking,2026-09-09,485.13,EUR,success,Spotify
T00004075,A000450,C000236,LT,checking,2026-09-09,156.98,EUR,success,Airbnb
T00009477,A000435,C000171,FI,credit,2026-09-09,453.63,GBP,success,Wolt
T00008286,A000626,C000353,SE,credit,2026-09-09,486.68,GBP,success,Amazon
T00006651,A000638,C000085,LV,savings,2026-09-09,376.63,USD,success,Wolt
T00001959,A000646,C000142,FI,checking,2026-09-09,224.64,EUR,success,Netflix
T00009481,A000214,C000361,EE,savings,2026-09-09,210.16,EUR,success,IKEA
T00004121,A000160,C000003,LT,credit,2026-09-09,129.04,EUR,success,Wolt
T00009048,A000282,C000168,EE,savings,2026-09-09,204.16,GBP,success,Spotify
T00003514,A000018,C000059,LT,credit,2026-09-09,227.57,USD,success,Bolt
T00009552,A000563,C000406,SE,savings,2026-09-09,479.28,EUR,success,Steam
T00009801,A000596,C000113,LV,checking,2026-09-09,290.60,GBP,success,Wolt
T00004182,A000646,C000142,FI,checking,2026-09-09,22.11,EUR,success,Tesco
T00003669,A000450,C000236,LT,checking,2026-09-09,305.29,EUR,success,Airbnb
T00007266,A000727,C000175,SE,savings,2026-09-09,469.24,EUR,success,Bolt
T00009106,A000335,C000275,LV,savings,2026-09-09,266.28,GBP,success,Spotify
T00006575,A000053,C000422,EE,savings,2026-09-09,25.08,USD,success,Wolt
T00008169,A000540,C000482,LT,savings,2026-09-09,492.57,USD,success,Tesco
T00004420,A000304,C000494,SE,savings,2026-09-09,67.67,GBP,success,Steam
T00006048,A000018,C000059,LT,credit,2026-09-09,208.61,USD,success,Netflix
T00005342,A000212,C000372,EE,checking,2026-09-09,448.41,USD,success,Bolt
T00003115,A000302,C000393,LT,credit,2026-09-09,318.43,USD,success,Tesco
T00000541,A000593,C000065,EE,credit,2026-09-09,112.97,GBP,success,Steam
T00004865,A000068,C000281,EE,credit,2026-09-09,349.65,EUR,success,Tesco
T00008757,A000160,C000003,LT,credit,2026-09-09,117.91,EUR,success,Amazon
T00000430,A000054,C000171,FI,checking,2026-09-09,24.12,GBP,success,Bolt
T00001308,A000627,C000022,LV,credit,2026-09-09,122.25,EUR,success,Spotify
T00000572,A000627,C000022,LV,credit,2026-09-09,54.24,USD,success,Bolt
T00001966,A000467,C000172,LV,checking,2026-09-09,474.42,USD,success,Steam
T00004727,A000381,C000074,LT,credit,2026-09-09,187.55,EUR,failed,Bolt
T00007419,A000645,C000018,LV,checking,2026-09-09,206.32,USD,success,Bolt
T00008239,A000730,C000487,FI,checking,2026-09-09,190.94,USD,success,Tesco
T00005942,A000530,C000051,FI,savings,2026-09-09,30.49,USD,success,Wolt
T00005109,A000202,C000412,EE,savings,2026-09-09,231.40,USD,success,Spotify
T00005149,A000151,C000165,LT,credit,2026-09-09,171.17,EUR,success,Amazon
T00001862,A000493,C000053,EE,savings,2026-09-09,392.00,USD,success,Wolt
T00000135,A000572,C000319,LV,checking,2026-09-09,463.10,GBP,success,Wolt
T00004534,A000087,C000270,FI,credit,2026-09-09,85.95,USD,failed,IKEA
T00009229,A000247,C000272,EE,checking,2026-09-09,399.34,USD,success,Tesco
T00007786,A000593,C000065,EE,credit,2026-09-09,386.99,GBP,success,Amazon
T00000132,A000530,C000051,FI,savings,2026-09-09,482.71,GBP,success,Spotify
T00000544,A000063,C000382,LT,savings,2026-09-09,186.71,USD,success,Amazon
T00005376,A000064,C000160,LT,credit,2026-09-09,414.78,GBP,success,Airbnb
T00002114,A000151,C000165,LT,credit,2026-09-09,470.35,USD,success,Tesco
T00000905,A000262,C000116,LV,checking,2026-09-09,2.39,EUR,success,Amazon
T00002373,A000592,C000085,LV,savings,2026-09-09,108.90,USD,success,Bolt
T00008065,A000271,C000436,LT,savings,2026-09-09,409.89,GBP,success,Wolt
T00004030,A000016,C000172,LV,checking,2026-09-09,241.29,EUR,failed,Steam
T00006769,A000196,C000326,FI,credit,2026-09-09,184.78,USD,success,Steam
T00001434,A000491,C000422,EE,credit,2026-09-09,298.06,EUR,success,Netflix
T00008904,A000477,C000182,SE,checking,2026-09-09,224.35,USD,success,Wolt
T00004730,A000160,C000003,LT,credit,2026-09-09,30.08,USD,success,Amazon
T00005471,A000055,C000025,FI,credit,2026-09-09,398.10,EUR,failed,Tesco
T00005791,A000686,C000037,EE,savings,2026-09-09,69.16,USD,success,Steam
T00000714,A000439,C000418,LV,credit,2026-09-09,323.93,GBP,success,IKEA
T00009448,A000075,C000184,EE,savings,2026-09-09,330.15,GBP,success,Rimi
T00008463,A000686,C000037,EE,savings,2026-09-09,26.85,GBP,success,Spotify
T00005010,A000111,C000404,LT,credit,2026-09-09,427.35,GBP,success,IKEA
T00005528,A000288,C000038,SE,credit,2026-09-09,445.30,EUR,success,Tesco
T00009300,A000644,C000136,LT,credit,2026-09-09,81.57,EUR,success,Bolt
T00006293,A000282,C000168,EE,savings,2026-09-09,427.50,USD,success,Tesco
T00000929,A000007,C000101,EE,savings,2026-09-09,400.06,GBP,success,Rimi
T00000470,A000269,C000136,LT,credit,2026-09-09,200.90,GBP,success,Bolt
T00003101,A000685,C000492,FI,credit,2026-09-09,414.99,EUR,success,Rimi
T00001587,A000337,C000239,LV,credit,2026-09-09,92.81,USD,success,Wolt
T00009817,A000490,C000384,LT,savings,2026-09-09,294.01,EUR,failed,Netflix
T00008008,A000090,C000034,EE,checking,2026-09-09,21.94,USD,success,Steam
T00000127,A000165,C000061,EE,credit,2026-09-09,378.64,EUR,success,Amazon
T00003713,A000250,C000373,SE,checking,2026-09-09,365.43,USD,success,Rimi
T00008876,A000644,C000136,LT,credit,2026-09-09,200.07,EUR,success,IKEA
T00008214,A000110,C000266,LV,savings,2026-09-09,156.51,EUR,success,Rimi
T00005297,A000440,C000450,LT,checking,2026-09-09,8.43,USD,success,Netflix
T00005581,A000667,C000198,FI,credit,2026-09-09,306.78,USD,pending,IKEA
T00009680,A000668,C000344,EE,checking,2026-09-09,423.74,GBP,success,Amazon
T00001094,A000440,C000450,LT,checking,2026-09-09,127.34,GBP,success,IKEA
T00007595,A000257,C000243,LT,checking,2026-09-09,292.35,GBP,success,IKEA
T00009314,A000397,C000474,EE,checking,2026-09-09,293.37,USD,success,Wolt
T00005160,A000441,C000205,SE,checking,2026-09-09,37.11,GBP,success,Wolt
T00006351,A000251,C000395,FI,savings,2026-09-09,147.62,USD,success,Rimi
T00007138,A000359,C000470,LV,checking,2026-09-09,32.10,EUR,success,Bolt
T00002604,A000152,C000416,FI,checking,2026-09-09,412.72,GBP,success,Steam
T00002659,A000442,C000134,FI,checking,2026-09-09,409.76,EUR,success,Tesco
T00000612,A000480,C000113,LV,checking,2026-09-09,306.51,USD,success,Steam
T00008717,A000644,C000136,LT,credit,2026-09-09,312.64,GBP,failed,Spotify
T00008636,A000488,C000232,SE,savings,2026-09-09,252.33,USD,success,Wolt
T00006233,A000070,C000191,FI,savings,2026-09-09,488.91,USD,pending,Bolt
T00004351,A000251,C000395,FI,savings,2026-09-09,488.52,GBP,success,IKEA
T00009859,A000109,C000371,EE,savings,2026-09-09,450.07,GBP,success,Rimi
T00007272,A000339,C000345,EE,credit,2026-09-09,73.92,USD,success,Spotify
T00009327,A000154,C000306,SE,credit,2026-09-09,174.51,GBP,success,Airbnb
T00004863,A000154,C000306,SE,credit,2026-09-09,62.74,USD,success,Netflix
T00004004,A000372,C000096,FI,savings,2026-09-09,316.04,EUR,success,Rimi
T00006212,A000675,C000482,LT,credit,2026-09-09,96.57,USD,failed,Wolt
T00000539,A000261,C000279,LT,credit,2026-09-09,10.86,USD,success,Amazon
T00009706,A000588,C000392,SE,checking,2026-09-09,396.20,USD,success,Airbnb
T00008524,A000108,C000089,FI,checking,2026-09-09,174.41,GBP,success,Tesco
T00007760,A000383,C000344,EE,credit,2026-09-09,254.49,EUR,success,Wolt
T00009783,A000365,C000392,SE,checking,2026-09-09,319.49,GBP,success,Rimi
T00007202,A000132,C000082,SE,checking,2026-09-09,32.80,USD,success,Tesco
T00000209,A000541,C000470,LV,savings,2026-09-09,310.67,GBP,success,Rimi
T00006609,A000319,C000408,LT,savings,2026-09-09,223.85,EUR,success,IKEA
T00002276,A000163,C000384,LT,savings,2026-09-09,475.22,USD,success,Spotify
T00007906,A000535,C000342,EE,checking,2026-09-09,310.83,GBP,success,Airbnb
T00000495,A000444,C000427,SE,checking,2026-09-09,152.54,EUR,success,Spotify
T00002711,A000168,C000101,EE,checking,2026-09-09,85.16,EUR,success,Bolt
T00002625,A000226,C000328,FI,checking,2026-09-09,85.86,USD,success,Wolt
T00004695,A000319,C000408,LT,savings,2026-09-09,142.64,GBP,success,Bolt
T00001508,A000204,C000276,LT,savings,2026-09-09,323.77,GBP,success,Netflix
T00005458,A000226,C000328,FI,checking,2026-09-09,322.12,EUR,success,Bolt
T00003273,A000706,C000417,LV,credit,2026-09-09,449.05,EUR,success,Steam
T00008643,A000705,C000473,LT,checking,2026-09-09,101.64,USD,success,Netflix
T00007870,A000707,C000086,SE,savings,2026-09-09,3.72,USD,success,Tesco
T00001751,A000134,C000417,LV,credit,2026-09-09,391.56,GBP,success,Wolt
T00002759,A000541,C000470,LV,savings,2026-09-09,392.85,EUR,success,Airbnb
T00007915,A000445,C000173,LV,savings,2026-09-09,20.92,GBP,pending,Airbnb
T00004712,A000039,C000052,FI,credit,2026-09-09,246.60,EUR,success,Netflix
T00004320,A000610,C000255,FI,savings,2026-09-09,30.03,GBP,success,Airbnb
T00007285,A000610,C000255,FI,savings,2026-09-09,27.71,USD,success,Netflix
T00004705,A000039,C000052,FI,credit,2026-09-09,110.19,USD,success,Wolt
T00009561,A000000,C000276,LT,credit,2026-09-09,326.83,EUR,success,Spotify
T00000561,A000418,C000404,LT,credit,2026-09-09,133.94,USD,success,Airbnb
T00003595,A000206,C000127,LT,credit,2026-09-09,182.28,EUR,success,Bolt
T00004108,A000065,C000137,LV,credit,2026-09-09,140.76,EUR,success,Rimi
T00004515,A000613,C000401,SE,checking,2026-09-09,68.68,USD,success,Tesco
T00000062,A000566,C000056,LT,checking,2026-09-09,108.51,USD,success,Amazon
T00007494,A000036,C000448,SE,checking,2026-09-09,133.37,USD,success,IKEA
T00001560,A000040,C000071,LV,savings,2026-09-09,326.51,USD,success,Spotify
T00007087,A000130,C000173,LV,savings,2026-09-09,393.34,USD,failed,Bolt
T00007069,A000451,C000268,LT,savings,2026-09-09,491.43,USD,pending,Bolt
T00002799,A000739,C000420,FI,credit,2026-09-09,36.30,EUR,success,Bolt
T00000535,A000129,C000037,EE,checking,2026-09-09,321.57,GBP,success,Netflix
T00008053,A000388,C000380,FI,credit,2026-09-09,36.02,GBP,success,Spotify
T00000052,A000707,C000086,SE,savings,2026-09-09,259.84,USD,success,Amazon
T00009825,A000041,C000005,FI,credit,2026-09-09,267.59,EUR,pending,Tesco
T00003918,A000445,C000173,LV,savings,2026-09-09,281.14,EUR,success,Spotify
T00005343,A000129,C000037,EE,checking,2026-09-09,92.14,USD,success,Netflix
T00002510,A000609,C000349,LT,checking,2026-09-09,485.41,EUR,failed,Tesco
T00004925,A000702,C000223,EE,checking,2026-09-09,90.93,GBP,success,Wolt
T00000922,A000316,C000489,EE,credit,2026-09-09,181.51,EUR,success,Netflix
T00002004,A000680,C000010,LT,credit,2026-09-09,228.21,USD,success,Steam
T00000924,A000035,C000221,FI,credit,2026-09-09,489.18,USD,success,Wolt
T00000556,A000069,C000483,SE,checking,2026-09-09,187.07,GBP,success,Tesco
T00001635,A000513,C000255,FI,credit,2026-09-09,273.19,EUR,pending,Tesco
T00007318,A000709,C000493,FI,savings,2026-09-09,243.31,USD,success,IKEA
T00006390,A000735,C000056,LT,checking,2026-09-09,89.76,USD,success,Wolt
T00001536,A000567,C000376,LV,credit,2026-09-09,14.65,GBP,success,Airbnb
T00000283,A000701,C000305,LT,checking,2026-09-09,492.92,GBP,success,Amazon
T00006796,A000369,C000387,LV,savings,2026-09-09,198.65,EUR,success,Rimi
T00001973,A000376,C000281,EE,credit,2026-09-09,409.47,USD,success,Airbnb
T00000326,A000277,C000159,SE,credit,2026-09-09,378.51,GBP,success,Wolt
T00009653,A000450,C000236,LT,checking,2026-09-09,132.16,USD,success,Wolt
T00006482,A000417,C000421,EE,checking,2026-09-09,499.70,GBP,success,Wolt
T00004143,A000384,C000199,SE,checking,2026-09-09,144.59,GBP,success,Spotify
T00006856,A000093,C000126,FI,credit,2026-09-09,360.29,EUR,success,Amazon
T00008428,A000701,C000305,LT,checking,2026-09-09,317.00,USD,success,Tesco
T00002472,A000314,C000099,LV,credit,2026-09-09,82.96,USD,success,Tesco
T00006562,A000417,C000421,EE,checking,2026-09-09,238.86,EUR,success,Tesco
T00006705,A000417,C000421,EE,checking,2026-09-09,109.47,USD,success,Airbnb
T00000870,A000252,C000486,FI,checking,2026-09-09,107.58,GBP,success,Amazon
T00007718,A000266,C000426,LT,checking,2026-09-09,118.74,USD,success,Steam
T00000392,A000739,C000420,FI,credit,2026-09-09,491.54,USD,failed,Bolt
T00003349,A000106,C000251,LV,credit,2026-09-09,42.36,GBP,success,Amazon
T00005296,A000137,C000007,FI,credit,2026-09-09,425.13,USD,success,Rimi
T00002730,A000137,C000007,FI,credit,2026-09-09,67.23,GBP,success,Bolt
T00006615,A000700,C000205,SE,checking,2026-09-09,337.77,EUR,success,Airbnb
T00006196,A000446,C000315,LT,checking,2026-09-09,32.48,USD,success,Bolt
T00004868,A000083,C000444,LT,credit,2026-09-09,302.51,GBP,success,Rimi
T00005386,A000259,C000350,SE,savings,2026-09-09,396.99,USD,success,Wolt
T00000313,A000125,C000268,LT,checking,2026-09-09,71.80,USD,success,Bolt
T00006393,A000424,C000383,SE,savings,2026-09-09,162.63,USD,failed,IKEA
T00008268,A000138,C000307,FI,savings,2026-09-09,381.11,EUR,success,Bolt
T00005902,A000416,C000309,EE,savings,2026-09-09,132.85,GBP,success,Tesco
T00000947,A000003,C000098,FI,savings,2026-09-09,235.12,GBP,success,Spotify
T00006362,A000424,C000383,SE,savings,2026-09-09,159.55,EUR,failed,Tesco
T00008411,A000450,C000236,LT,checking,2026-09-09,103.79,GBP,success,Airbnb
T00004444,A000359,C000470,LV,checking,2026-09-09,429.77,GBP,success,Spotify
T00002164,A000504,C000449,FI,credit,2026-09-09,126.05,EUR,success,Bolt
T00003116,A000034,C000300,LT,savings,2026-09-09,109.20,EUR,success,Airbnb
T00009374,A000486,C000307,FI,credit,2026-09-09,44.92,GBP,success,Netflix
T00000012,A000179,C000018,LV,credit,2026-09-09,202.96,GBP,success,Steam
T00002679,A000387,C000493,FI,checking,2026-09-09,428.71,GBP,success,Airbnb
T00005952,A000617,C000304,SE,savings,2026-09-09,415.33,EUR,success,Tesco
T00009242,A000462,C000250,LT,checking,2026-09-09,369.06,USD,success,Amazon
T00000195,A000138,C000307,FI,savings,2026-09-09,113.78,USD,success,Airbnb
T00000871,A000033,C000071,LV,checking,2026-09-09,494.67,EUR,success,Airbnb
T00002013,A000276,C000343,FI,credit,2026-09-09,363.98,EUR,success,IKEA
T00001736,A000743,C000077,FI,savings,2026-09-09,32.72,EUR,success,Airbnb
T00004936,A000139,C000420,FI,checking,2026-09-09,420.75,GBP,pending,Amazon
T00009548,A000476,C000031,LV,checking,2026-09-09,252.68,EUR,success,Netflix
T00009367,A000425,C000418,LV,checking,2026-09-09,66.91,EUR,success,Netflix
T00007131,A000425,C000418,LV,checking,2026-09-09,448.22,EUR,success,Steam
T00008456,A000062,C000023,FI,credit,2026-09-09,402.56,EUR,failed,Netflix
T00000865,A000563,C000406,SE,savings,2026-09-09,312.46,EUR,success,Spotify
T00006838,A000425,C000418,LV,checking,2026-09-09,426.67,EUR,success,Spotify
T00005908,A000288,C000038,SE,credit,2026-09-09,150.82,EUR,success,IKEA
T00002101,A000658,C000090,LV,credit,2026-09-09,54.32,USD,success,Spotify
T00004757,A000485,C000457,FI,credit,2026-09-09,236.84,EUR,success,Spotify
T00004754,A000367,C000072,FI,credit,2026-09-09,90.26,EUR,success,IKEA
T00009315,A000553,C000317,EE,savings,2026-09-09,72.15,EUR,success,Wolt
T00000899,A000415,C000226,SE,credit,2026-09-09,319.50,USD,success,Netflix
T00000506,A000712,C000385,LV,credit,2026-09-09,8.83,USD,success,Spotify
T00002892,A000515,C000056,LT,credit,2026-09-09,328.79,EUR,success,Netflix
T00004318,A000324,C000281,EE,credit,2026-09-09,260.90,EUR,failed,Bolt
T00006090,A000312,C000272,EE,savings,2026-09-09,74.86,USD,success,Tesco
T00001978,A000515,C000056,LT,credit,2026-09-09,296.04,USD,success,Spotify
T00009297,A000279,C000246,EE,credit,2026-09-09,62.46,USD,success,Rimi
T00004895,A000031,C000014,LV,checking,2026-09-09,425.45,EUR,success,Rimi
T00007210,A000503,C000120,SE,savings,2026-09-09,383.37,GBP,success,Bolt
T00005904,A000123,C000362,FI,savings,2026-09-09,267.39,EUR,success,Bolt
T00004458,A000380,C000362,FI,savings,2026-09-09,34.67,USD,success,Amazon
T00002700,A000384,C000199,SE,checking,2026-09-09,229.10,USD,success,Amazon
T00004037,A000029,C000223,EE,credit,2026-09-09,330.84,GBP,success,Airbnb
T00004086,A000179,C000018,LV,credit,2026-09-09,38.36,EUR,success,Wolt
T00009585,A000141,C000170,LV,savings,2026-09-09,32.10,EUR,success,Wolt
T00007319,A000695,C000214,FI,checking,2026-09-09,249.37,USD,success,Bolt
T00008588,A000142,C000087,FI,checking,2026-09-09,18.21,EUR,success,Spotify
T00001432,A000619,C000216,LV,checking,2026-09-09,424.91,GBP,success,Airbnb
T00007341,A000142,C000087,FI,checking,2026-09-09,17.61,EUR,failed,Tesco
T00009809,A000715,C000093,FI,checking,2026-09-09,361.09,GBP,success,Steam
T00005046,A000122,C000235,LT,credit,2026-09-09,169.22,GBP,success,Netflix
T00001280,A000604,C000085,LV,checking,2026-09-09,462.13,GBP,success,Spotify
T00007534,A000143,C000262,LV,credit,2026-09-09,389.77,USD,success,Wolt
T00008526,A000327,C000169,LV,savings,2026-09-09,363.33,GBP,success,IKEA
T00002277,A000143,C000262,LV,credit,2026-09-09,130.14,EUR,success,IKEA
T00002018,A000200,C000016,LT,credit,2026-09-09,169.38,EUR,success,IKEA
T00000344,A000193,C000210,LV,checking,2026-09-09,177.77,USD,failed,Airbnb
T00001473,A000220,C000240,LV,credit,2026-09-09,270.42,GBP,success,Spotify
T00000553,A000391,C000096,FI,savings,2026-09-09,183.56,USD,success,Amazon
T00006166,A000194,C000334,LT,savings,2026-09-09,56.72,USD,success,Amazon
T00009084,A000718,C000265,FI,checking,2026-09-09,346.78,GBP,failed,Airbnb
T00001273,A000372,C000096,FI,savings,2026-09-09,495.61,EUR,success,Spotify
T00005577,A000145,C000160,LT,credit,2026-09-09,406.37,USD,success,Wolt
T00000680,A000556,C000111,SE,checking,2026-09-09,238.15,GBP,success,Wolt
T00008519,A000027,C000101,EE,checking,2026-09-09,17.04,EUR,success,Amazon
T00006669,A000261,C000279,LT,credit,2026-09-09,289.83,EUR,success,Steam
T00000065,A000678,C000325,LT,savings,2026-09-09,107.16,GBP,success,IKEA
T00009212,A000280,C000069,LT,checking,2026-09-09,72.03,USD,success,Wolt
T00004309,A000220,C000240,LV,credit,2026-09-09,284.71,USD,success,Wolt
T00006136,A000601,C000412,EE,savings,2026-09-09,383.28,USD,success,Amazon
T00004122,A000172,C000459,LT,checking,2026-09-09,474.90,GBP,success,Steam
T00004836,A000719,C000481,EE,savings,2026-09-09,96.68,GBP,success,Wolt
T00008119,A000546,C000156,LV,credit,2026-09-09,461.07,EUR,success,Amazon
T00009341,A000500,C000166,EE,savings,2026-09-09,255.58,GBP,success,Airbnb
T00006593,A000405,C000020,LV,savings,2026-09-09,87.42,USD,failed,Bolt
T00004015,A000165,C000061,EE,credit,2026-09-09,272.00,EUR,success,Airbnb
T00007791,A000693,C000424,EE,checking,2026-09-09,298.64,GBP,success,IKEA
T00001244,A000521,C000480,EE,credit,2026-09-09,302.75,EUR,success,IKEA
T00006936,A000146,C000255,FI,savings,2026-09-09,289.81,EUR,success,Amazon
T00006910,A000523,C000023,FI,checking,2026-09-09,155.69,GBP,success,IKEA
T00008802,A000572,C000319,LV,checking,2026-09-08,387.33,GBP,success,Wolt
T00004111,A000194,C000334,LT,savings,2026-09-08,436.75,USD,success,Bolt
T00003982,A000545,C000269,SE,savings,2026-09-08,357.30,USD,success,Wolt
T00008166,A000545,C000269,SE,savings,2026-09-08,392.19,USD,success,Rimi
T00001152,A000195,C000096,FI,checking,2026-09-08,118.01,GBP,success,Steam
T00008059,A000742,C000248,FI,credit,2026-09-08,183.12,USD,success,IKEA
T00003380,A000543,C000304,SE,credit,2026-09-08,465.95,EUR,success,Amazon
T00005512,A000577,C000375,EE,checking,2026-09-08,70.93,USD,success,Amazon
T00007370,A000542,C000087,FI,credit,2026-09-08,312.02,EUR,success,Steam
T00008556,A000164,C000015,LT,savings,2026-09-08,215.96,USD,success,Amazon
T00006842,A000580,C000036,LV,credit,2026-09-08,435.77,EUR,success,Netflix
T00005984,A000580,C000036,LV,credit,2026-09-08,218.34,GBP,success,Tesco
T00002947,A000161,C000062,EE,credit,2026-09-08,426.37,EUR,success,Wolt
T00003602,A000581,C000431,LT,credit,2026-09-08,468.07,USD,success,Amazon
T00001427,A000582,C000400,SE,checking,2026-09-08,385.49,USD,success,Rimi
T00007243,A000160,C000003,LT,credit,2026-09-08,98.24,EUR,success,Spotify
T00000829,A000584,C000056,LT,checking,2026-09-08,116.51,EUR,success,Steam
T00000770,A000536,C000199,SE,checking,2026-09-08,188.65,GBP,success,IKEA
T00003497,A000536,C000199,SE,checking,2026-09-08,327.16,USD,success,IKEA
T00005911,A000158,C000408,LT,checking,2026-09-08,453.81,GBP,success,Wolt
T00004715,A000205,C000172,LV,savings,2026-09-08,6.12,USD,success,Rimi
T00008792,A000536,C000199,SE,checking,2026-09-08,464.09,EUR,success,Wolt
T00001791,A000157,C000074,LT,checking,2026-09-08,443.30,GBP,success,IKEA
T00006463,A000208,C000189,FI,savings,2026-09-08,274.96,EUR,success,Bolt
T00004721,A000364,C000196,LT,credit,2026-09-08,52.54,GBP,success,IKEA
T00002979,A000154,C000306,SE,credit,2026-09-08,24.66,USD,success,Tesco
T00003076,A000208,C000189,FI,savings,2026-09-08,360.85,GBP,success,Tesco
T00001924,A000389,C000265,FI,checking,2026-09-08,350.00,EUR,success,Amazon
T00002363,A000590,C000439,LV,credit,2026-09-08,34.22,GBP,success,Airbnb
T00007224,A000532,C000168,EE,checking,2026-09-08,29.98,GBP,success,Tesco
T00009608,A000593,C000065,EE,credit,2026-09-08,89.98,GBP,success,Spotify
T00005279,A000594,C000172,LV,checking,2026-09-08,206.49,GBP,success,Steam
T00008038,A000213,C000462,SE,checking,2026-09-08,29.37,EUR,success,Bolt
T00007084,A000528,C000164,LT,credit,2026-09-08,329.14,GBP,pending,Spotify
T00000026,A000527,C000302,FI,savings,2026-09-08,85.73,USD,success,Netflix
T00004236,A000596,C000113,LV,checking,2026-09-08,89.26,EUR,success,Spotify
T00003211,A000597,C000361,EE,savings,2026-09-08,240.34,GBP,success,Wolt
T00001792,A000597,C000361,EE,savings,2026-09-08,297.68,USD,success,Steam
T00008587,A000148,C000078,FI,savings,2026-09-08,42.49,GBP,success,Amazon
T00008859,A000598,C000101,EE,credit,2026-09-08,386.15,EUR,failed,Bolt
T00001820,A000215,C000320,SE,checking,2026-09-08,467.15,USD,success,Amazon
T00005500,A000389,C000265,FI,checking,2026-09-08,368.24,GBP,failed,Rimi
T00008704,A000599,C000021,FI,credit,2026-09-08,450.72,USD,failed,Wolt
T00002379,A000521,C000480,EE,credit,2026-09-08,168.73,USD,success,Steam
T00009272,A000220,C000240,LV,credit,2026-09-08,290.50,USD,success,Rimi
T00009401,A000519,C000019,FI,checking,2026-09-08,154.85,USD,success,Amazon
T00005530,A000602,C000014,LV,credit,2026-09-08,265.67,GBP,success,Netflix
T00000631,A000602,C000014,LV,credit,2026-09-08,401.45,GBP,success,Wolt
T00009132,A000603,C000437,SE,savings,2026-09-08,391.79,GBP,success,Rimi
T00007171,A000221,C000452,SE,savings,2026-09-08,77.46,EUR,success,IKEA
T00004972,A000143,C000262,LV,credit,2026-09-08,224.52,GBP,success,Steam
T00007093,A000222,C000118,LT,savings,2026-09-08,352.81,USD,success,Steam
T00009657,A000143,C000262,LV,credit,2026-09-08,311.67,GBP,success,Spotify
T00003353,A000604,C000085,LV,checking,2026-09-08,47.02,USD,success,Bolt
T00002203,A000604,C000085,LV,checking,2026-09-08,311.31,GBP,success,Rimi
T00008186,A000740,C000194,LV,checking,2026-09-08,407.20,EUR,success,Bolt
T00004152,A000515,C000056,LT,credit,2026-09-08,377.98,USD,success,Airbnb
T00002255,A000138,C000307,FI,savings,2026-09-08,85.15,EUR,success,IKEA
T00001953,A000224,C000064,FI,checking,2026-09-08,29.21,USD,success,Netflix
T00000192,A000136,C000042,SE,savings,2026-09-08,190.76,GBP,success,Steam
T00007476,A000514,C000251,LV,credit,2026-09-08,384.26,EUR,success,Bolt
T00002589,A000135,C000461,LT,credit,2026-09-08,72.63,EUR,failed,Spotify
T00004277,A000133,C000260,SE,checking,2026-09-08,149.58,EUR,success,Rimi
T00005900,A000227,C000260,SE,credit,2026-09-08,435.50,EUR,success,Netflix
T00006332,A000133,C000260,SE,checking,2026-09-08,47.11,USD,success,Bolt
T00009900,A000363,C000086,SE,savings,2026-09-08,39.70,USD,failed,IKEA
T00009690,A000230,C000421,EE,checking,2026-09-08,317.51,GBP,success,Airbnb
T00002810,A000509,C000165,LT,checking,2026-09-08,460.91,EUR,success,IKEA
T00003315,A000612,C000050,EE,checking,2026-09-08,96.49,USD,success,Rimi
T00008880,A000509,C000165,LT,checking,2026-09-08,120.79,GBP,success,Steam
T00002267,A000130,C000173,LV,savings,2026-09-08,349.40,GBP,success,Amazon
T00002103,A000387,C000493,FI,checking,2026-09-08,474.88,EUR,success,Netflix
T00004055,A000232,C000127,LT,credit,2026-09-08,486.61,USD,success,Airbnb
T00004668,A000233,C000072,FI,credit,2026-09-08,370.29,EUR,success,Amazon
T00001306,A000615,C000249,LV,credit,2026-09-08,152.96,EUR,success,Spotify
T00001144,A000233,C000072,FI,credit,2026-09-08,358.61,GBP,pending,Wolt
T00001507,A000125,C000268,LT,checking,2026-09-08,72.87,EUR,success,Bolt
T00000479,A000234,C000141,SE,checking,2026-09-08,471.00,USD,success,Tesco
T00008677,A000235,C000129,SE,savings,2026-09-08,474.61,USD,failed,Tesco
T00004602,A000236,C000132,EE,credit,2026-09-08,95.28,EUR,success,Spotify
T00004563,A000236,C000132,EE,credit,2026-09-08,308.29,GBP,success,Tesco
T00006399,A000124,C000425,LT,credit,2026-09-08,19.43,USD,success,IKEA
T00000626,A000236,C000132,EE,credit,2026-09-08,180.73,GBP,success,Rimi
T00008922,A000502,C000147,LV,checking,2026-09-08,288.49,GBP,success,Rimi
T00005570,A000122,C000235,LT,credit,2026-09-08,296.41,USD,success,Rimi
T00003404,A000620,C000014,LV,savings,2026-09-08,303.30,USD,success,Netflix
T00003067,A000238,C000127,LT,savings,2026-09-08,431.86,EUR,success,Wolt
T00005043,A000119,C000064,FI,savings,2026-09-08,176.08,GBP,success,Amazon
T00005265,A000739,C000420,FI,credit,2026-09-08,35.34,EUR,success,Netflix
T00006713,A000240,C000059,LT,savings,2026-09-08,187.37,USD,success,Rimi
T00007257,A000623,C000173,LV,credit,2026-09-08,317.89,USD,success,Wolt
T00001268,A000002,C000487,FI,credit,2026-09-08,325.30,USD,success,Netflix
T00001674,A000117,C000141,SE,savings,2026-09-08,29.25,GBP,success,IKEA
T00009965,A000241,C000297,LV,credit,2026-09-08,420.08,EUR,success,Wolt
T00002923,A000117,C000141,SE,savings,2026-09-08,495.27,GBP,success,Spotify
T00004134,A000243,C000101,EE,credit,2026-09-08,33.05,GBP,success,Rimi
T00009766,A000115,C000015,LT,checking,2026-09-08,345.20,USD,failed,Airbnb
T00009661,A000627,C000022,LV,credit,2026-09-08,399.22,USD,success,Wolt
T00009797,A000628,C000384,LT,savings,2026-09-08,236.86,GBP,success,Airbnb
T00000211,A000493,C000053,EE,savings,2026-09-08,362.63,EUR,success,Bolt
T00005559,A000628,C000384,LT,savings,2026-09-08,167.35,EUR,success,Netflix
T00009328,A000629,C000403,EE,checking,2026-09-08,323.12,USD,success,Netflix
T00005490,A000629,C000403,EE,checking,2026-09-08,167.25,EUR,success,IKEA
T00004931,A000491,C000422,EE,credit,2026-09-08,79.12,GBP,success,Amazon
T00009195,A000491,C000422,EE,credit,2026-09-08,321.75,USD,success,Amazon
T00008641,A000250,C000373,SE,checking,2026-09-08,197.37,EUR,success,Tesco
T00009266,A000633,C000132,EE,credit,2026-09-08,493.67,EUR,success,Steam
T00008823,A000487,C000454,EE,savings,2026-09-08,412.07,EUR,success,IKEA
T00009871,A000635,C000490,SE,credit,2026-09-08,499.32,GBP,success,Rimi
T00001123,A000104,C000047,LT,savings,2026-09-08,140.69,EUR,success,Wolt
T00001231,A000636,C000019,FI,savings,2026-09-08,299.05,EUR,success,Rimi
T00001622,A000103,C000060,EE,checking,2026-09-08,11.91,USD,success,Rimi
T00009233,A000485,C000457,FI,credit,2026-09-08,10.97,EUR,success,Steam
T00006356,A000637,C000457,FI,checking,2026-09-08,428.79,USD,success,Amazon
T00001937,A000253,C000193,EE,credit,2026-09-08,375.13,EUR,success,Steam
T00001523,A000483,C000269,SE,savings,2026-09-08,254.70,GBP,success,Airbnb
T00002991,A000483,C000269,SE,savings,2026-09-08,272.47,USD,success,Tesco
T00001063,A000482,C000152,FI,checking,2026-09-08,158.63,USD,success,IKEA
T00001253,A000482,C000152,FI,checking,2026-09-08,292.89,GBP,success,Netflix
T00005542,A000638,C000085,LV,savings,2026-09-08,394.61,GBP,success,Steam
T00001804,A000482,C000152,FI,checking,2026-09-08,216.82,GBP,success,Rimi
T00001462,A000101,C000335,EE,checking,2026-09-08,198.27,GBP,success,Netflix
T00005120,A000101,C000335,EE,checking,2026-09-08,52.71,USD,success,Wolt
T00001650,A000481,C000416,FI,checking,2026-09-08,95.88,USD,success,Amazon
T00000359,A000386,C000071,LV,credit,2026-09-08,232.66,GBP,success,Rimi
T00002229,A000481,C000416,FI,checking,2026-09-08,243.04,EUR,success,Netflix
T00003227,A000100,C000056,LT,checking,2026-09-08,431.46,EUR,success,Airbnb
T00007966,A000373,C000469,LV,savings,2026-09-08,313.64,EUR,success,Amazon
T00008937,A000640,C000126,FI,checking,2026-09-08,281.38,EUR,success,Wolt
T00002938,A000480,C000113,LV,checking,2026-09-08,290.78,EUR,success,Tesco
T00000642,A000259,C000350,SE,savings,2026-09-08,185.53,USD,success,Amazon
T00000007,A000260,C000088,FI,savings,2026-09-08,470.50,EUR,success,Amazon
T00005409,A000478,C000362,FI,checking,2026-09-08,131.40,GBP,success,Wolt
T00000588,A000643,C000277,FI,credit,2026-09-08,439.71,USD,success,Steam
T00003604,A000097,C000291,LT,savings,2026-09-08,363.67,EUR,success,Rimi
T00008645,A000477,C000182,SE,checking,2026-09-08,10.92,USD,success,Spotify
T00002318,A000262,C000116,LV,checking,2026-09-08,129.91,USD,pending,Amazon
T00007999,A000008,C000186,LT,checking,2026-09-08,71.40,EUR,success,Rimi
T00005910,A000094,C000467,SE,credit,2026-09-08,386.36,EUR,success,Wolt
T00008928,A000474,C000282,FI,credit,2026-09-08,259.82,USD,success,Steam
T00004097,A000472,C000098,FI,checking,2026-09-08,159.21,USD,success,Steam
T00003904,A000266,C000426,LT,checking,2026-09-08,318.02,EUR,success,IKEA
T00001403,A000649,C000249,LV,credit,2026-09-08,492.23,USD,success,Amazon
T00006789,A000267,C000353,SE,credit,2026-09-08,311.63,EUR,success,Airbnb
T00009790,A000002,C000487,FI,credit,2026-09-08,73.17,EUR,success,Rimi
T00007455,A000652,C000067,SE,checking,2026-09-08,404.34,USD,success,Rimi
T00009574,A000088,C000497,EE,credit,2026-09-08,445.29,USD,success,Rimi
T00007045,A000469,C000254,FI,savings,2026-09-08,236.57,EUR,success,Bolt
T00004986,A000653,C000000,FI,checking,2026-09-08,209.75,USD,success,Rimi
T00005435,A000086,C000301,LV,credit,2026-09-08,387.85,GBP,success,Amazon
T00002699,A000084,C000081,SE,credit,2026-09-08,390.99,EUR,success,Wolt
T00008458,A000465,C000174,LV,checking,2026-09-08,342.90,USD,success,IKEA
T00002322,A000275,C000005,FI,savings,2026-09-08,385.08,GBP,failed,Rimi
T00005876,A000084,C000081,SE,credit,2026-09-08,491.23,GBP,success,Wolt
T00004842,A000462,C000250,LT,checking,2026-09-08,329.90,EUR,success,Netflix
T00003932,A000279,C000246,EE,credit,2026-09-08,327.01,USD,success,Airbnb
T00001618,A000659,C000129,SE,savings,2026-09-08,22.30,GBP,success,Wolt
T00006471,A000460,C000414,LT,credit,2026-09-08,77.06,GBP,success,Netflix
T00003402,A000385,C000078,FI,credit,2026-09-08,144.77,EUR,success,IKEA
T00009556,A000663,C000161,EE,savings,2026-09-08,19.05,USD,success,Amazon
T00003013,A000281,C000279,LT,savings,2026-09-08,294.16,USD,success,IKEA
T00009748,A000077,C000100,LT,savings,2026-09-08,372.37,GBP,failed,Rimi
T00007126,A000663,C000161,EE,savings,2026-09-08,212.96,USD,success,Tesco
T00001882,A000458,C000037,EE,checking,2026-09-08,59.86,GBP,success,Steam
T00002994,A000075,C000184,EE,savings,2026-09-08,458.29,USD,success,Netflix
T00004455,A000664,C000319,LV,checking,2026-09-08,239.19,EUR,success,Rimi
T00007720,A000075,C000184,EE,savings,2026-09-08,374.91,GBP,success,IKEA
T00006857,A000360,C000239,LV,checking,2026-09-08,164.25,GBP,success,Airbnb
T00007721,A000456,C000146,SE,credit,2026-09-08,337.16,EUR,success,IKEA
T00000376,A000666,C000386,SE,checking,2026-09-08,20.83,EUR,success,Wolt
T00009743,A000455,C000060,EE,checking,2026-09-08,120.19,USD,success,Steam
T00008545,A000668,C000344,EE,checking,2026-09-08,496.15,GBP,success,IKEA
T00002527,A000285,C000444,LT,credit,2026-09-08,197.71,USD,success,Netflix
T00007546,A000454,C000061,EE,credit,2026-09-08,254.91,GBP,success,Wolt
T00001510,A000285,C000444,LT,credit,2026-09-08,98.13,EUR,success,Tesco
T00006414,A000671,C000253,EE,credit,2026-09-08,192.13,USD,success,Bolt
T00007468,A000287,C000173,LV,checking,2026-09-08,340.63,EUR,success,IKEA
T00008143,A000672,C000029,SE,credit,2026-09-08,490.32,USD,success,Tesco
T00005993,A000672,C000029,SE,credit,2026-09-08,55.01,GBP,success,Spotify
T00005771,A000452,C000051,FI,checking,2026-09-08,338.68,EUR,success,IKEA
T00000428,A000287,C000173,LV,checking,2026-09-08,294.56,USD,success,Steam
T00007916,A000673,C000446,LV,savings,2026-09-08,158.74,USD,success,Amazon
T00009569,A000068,C000281,EE,credit,2026-09-08,327.81,EUR,success,IKEA
T00008218,A000451,C000268,LT,savings,2026-09-08,378.78,USD,success,IKEA
T00001505,A000066,C000341,EE,checking,2026-09-08,299.46,GBP,pending,Spotify
T00001579,A000066,C000341,EE,checking,2026-09-08,427.64,EUR,success,Steam
T00001806,A000066,C000341,EE,checking,2026-09-08,103.64,EUR,success,Wolt
T00003662,A000065,C000137,LV,credit,2026-09-08,481.36,GBP,success,Steam
T00001296,A000448,C000129,SE,savings,2026-09-08,145.69,GBP,success,Bolt
T00001705,A000291,C000373,SE,credit,2026-09-08,468.46,EUR,success,Tesco
T00006665,A000350,C000344,EE,savings,2026-09-08,350.02,GBP,success,Rimi
T00000153,A000062,C000023,FI,credit,2026-09-08,28.03,EUR,success,Netflix
T00007207,A000292,C000287,LV,savings,2026-09-08,333.12,EUR,success,Tesco
T00006243,A000677,C000174,LV,checking,2026-09-08,98.65,GBP,success,Bolt
T00000486,A000292,C000287,LV,savings,2026-09-08,137.76,EUR,success,Netflix
T00008369,A000448,C000129,SE,savings,2026-09-08,167.11,GBP,failed,Spotify
T00000411,A000383,C000344,EE,credit,2026-09-08,441.39,EUR,success,Amazon
T00004677,A000062,C000023,FI,credit,2026-09-08,76.30,EUR,success,Wolt
T00000732,A000678,C000325,LT,savings,2026-09-08,297.92,USD,failed,Spotify
T00008609,A000294,C000125,EE,credit,2026-09-08,309.73,USD,success,Amazon
T00002717,A000446,C000315,LT,checking,2026-09-08,460.90,USD,pending,Spotify
T00006540,A000444,C000427,SE,checking,2026-09-08,352.42,USD,success,Amazon
T00006617,A000682,C000075,EE,checking,2026-09-08,463.70,USD,success,Wolt
T00005888,A000298,C000073,LV,savings,2026-09-08,29.67,USD,success,Bolt
T00005200,A000683,C000361,EE,checking,2026-09-08,434.16,EUR,success,Bolt
T00006205,A000442,C000134,FI,checking,2026-09-08,62.96,USD,success,Steam
T00001344,A000683,C000361,EE,checking,2026-09-08,313.77,EUR,success,Bolt
T00002762,A000440,C000450,LT,checking,2026-09-08,408.53,GBP,success,Bolt
T00003889,A000056,C000027,EE,credit,2026-09-08,32.98,EUR,success,Steam
T00002462,A000300,C000288,FI,credit,2026-09-08,410.24,USD,success,Tesco
T00004907,A000354,C000009,FI,savings,2026-09-08,363.16,USD,success,Amazon
T00000306,A000439,C000418,LV,credit,2026-09-08,104.83,GBP,success,Rimi
T00002172,A000301,C000312,LT,savings,2026-09-08,172.12,EUR,success,Wolt
T00006410,A000302,C000393,LT,credit,2026-09-08,180.86,EUR,success,Steam
T00008299,A000306,C000228,LT,savings,2026-09-08,211.33,EUR,success,IKEA
T00002033,A000308,C000429,SE,savings,2026-09-08,476.58,GBP,success,IKEA
T00007698,A000376,C000281,EE,credit,2026-09-08,112.51,GBP,success,Amazon
T00005846,A000358,C000213,SE,savings,2026-09-08,228.76,EUR,success,Tesco
T00004983,A000050,C000449,FI,checking,2026-09-08,117.62,EUR,success,Airbnb
T00006286,A000693,C000424,EE,checking,2026-09-08,247.99,GBP,success,Spotify
T00006492,A000050,C000449,FI,checking,2026-09-08,204.09,EUR,success,Steam
T00000375,A000428,C000475,FI,savings,2026-09-08,115.61,GBP,success,IKEA
T00008040,A000311,C000368,EE,savings,2026-09-08,453.30,GBP,success,Steam
T00003106,A000694,C000354,EE,checking,2026-09-08,306.59,USD,success,Airbnb
T00006586,A000695,C000214,FI,checking,2026-09-08,42.48,EUR,success,Bolt
T00002455,A000312,C000272,EE,savings,2026-09-08,390.16,USD,success,Airbnb
T00002338,A000048,C000059,LT,checking,2026-09-08,142.63,USD,success,Steam
T00002984,A000048,C000059,LT,checking,2026-09-08,319.85,USD,success,IKEA
T00003155,A000424,C000383,SE,savings,2026-09-08,62.18,USD,success,Netflix
T00001745,A000313,C000285,LV,checking,2026-09-08,378.93,USD,success,Tesco
T00003425,A000698,C000387,LV,credit,2026-09-08,198.54,GBP,success,Amazon
T00005859,A000424,C000383,SE,savings,2026-09-08,26.23,USD,success,Rimi
T00009826,A000044,C000294,EE,checking,2026-09-08,177.16,USD,success,Amazon
T00009873,A000043,C000241,LT,savings,2026-09-08,498.52,EUR,success,Bolt
T00007756,A000424,C000383,SE,savings,2026-09-08,372.35,EUR,success,IKEA
T00001860,A000423,C000138,FI,credit,2026-09-08,488.70,GBP,success,IKEA
T00001315,A000040,C000071,LV,savings,2026-09-08,423.33,USD,success,Steam
T00003943,A000040,C000071,LV,savings,2026-09-08,142.80,USD,success,IKEA
T00008439,A000377,C000499,FI,savings,2026-09-08,115.62,GBP,success,Spotify
T00000590,A000382,C000013,LV,credit,2026-09-08,344.78,EUR,success,Airbnb
T00009436,A000319,C000408,LT,savings,2026-09-08,377.12,EUR,success,Wolt
T00005912,A000377,C000499,FI,savings,2026-09-08,292.40,USD,failed,Netflix
T00003308,A000419,C000146,SE,checking,2026-09-08,367.80,GBP,success,Tesco
T00006846,A000708,C000056,LT,savings,2026-09-08,140.61,EUR,success,Wolt
T00009737,A000323,C000315,LT,savings,2026-09-08,433.24,USD,success,Amazon
T00008570,A000416,C000309,EE,savings,2026-09-08,435.36,GBP,success,Bolt
T00004735,A000323,C000315,LT,savings,2026-09-08,183.11,EUR,success,Amazon
T00001159,A000032,C000293,SE,savings,2026-09-08,392.07,GBP,success,Netflix
T00001275,A000032,C000293,SE,savings,2026-09-08,436.26,GBP,success,Bolt
T00009934,A000713,C000354,EE,checking,2026-09-08,88.97,EUR,failed,IKEA
T00005853,A000713,C000354,EE,checking,2026-09-08,227.33,EUR,failed,Steam
T00004881,A000324,C000281,EE,credit,2026-09-08,18.69,EUR,success,Tesco
T00007784,A000325,C000142,FI,savings,2026-09-08,486.74,USD,success,Wolt
T00002385,A000325,C000142,FI,savings,2026-09-08,190.80,GBP,success,Rimi
T00007146,A000351,C000229,SE,credit,2026-09-08,233.88,EUR,success,Steam
T00005051,A000715,C000093,FI,checking,2026-09-08,473.73,EUR,pending,Bolt
T00005459,A000717,C000214,FI,savings,2026-09-08,244.89,EUR,success,Amazon
T00002975,A000351,C000229,SE,credit,2026-09-08,99.44,GBP,success,Tesco
T00009335,A000026,C000003,LT,checking,2026-09-08,62.32,USD,success,Steam
T00006966,A000406,C000263,EE,checking,2026-09-08,129.15,USD,success,Tesco
T00000791,A000025,C000265,FI,checking,2026-09-08,406.09,EUR,success,Netflix
T00002130,A000351,C000229,SE,credit,2026-09-08,471.13,USD,failed,Wolt
T00009735,A000720,C000001,SE,credit,2026-09-08,98.82,GBP,success,Airbnb
T00007913,A000331,C000314,FI,credit,2026-09-08,64.96,GBP,success,Rimi
T00002082,A000025,C000265,FI,checking,2026-09-08,193.19,GBP,success,Wolt
T00001660,A000720,C000001,SE,credit,2026-09-08,466.27,USD,success,Netflix
T00009014,A000406,C000263,EE,checking,2026-09-08,63.20,USD,success,Rimi
T00002123,A000404,C000034,EE,credit,2026-09-08,77.58,EUR,success,Rimi
T00000532,A000721,C000105,FI,credit,2026-09-08,82.17,USD,success,Steam
T00000652,A000023,C000204,SE,credit,2026-09-08,262.73,EUR,success,Airbnb
T00002630,A000722,C000046,LV,credit,2026-09-08,208.82,EUR,success,Amazon
T00008827,A000023,C000204,SE,credit,2026-09-08,113.68,EUR,failed,IKEA
T00008887,A000023,C000204,SE,credit,2026-09-08,292.44,USD,success,Rimi
T00004729,A000723,C000438,LT,credit,2026-09-08,80.25,GBP,pending,Amazon
T00004180,A000332,C000225,FI,checking,2026-09-08,160.40,USD,success,Bolt
T00005704,A000022,C000343,FI,savings,2026-09-08,431.16,GBP,success,Airbnb
T00008054,A000022,C000343,FI,savings,2026-09-08,107.82,EUR,success,Spotify
T00005382,A000021,C000450,LT,credit,2026-09-08,380.14,GBP,success,Tesco
T00003302,A000724,C000411,FI,savings,2026-09-08,197.47,EUR,success,Amazon
T00000148,A000724,C000411,FI,savings,2026-09-08,174.41,GBP,success,Airbnb
T00007932,A000019,C000064,FI,credit,2026-09-08,108.60,GBP,success,Airbnb
T00009111,A000019,C000064,FI,credit,2026-09-08,438.24,GBP,success,IKEA
T00000092,A000018,C000059,LT,credit,2026-09-08,445.35,GBP,success,Steam
T00009438,A000729,C000051,FI,checking,2026-09-08,445.99,USD,success,Spotify
T00005209,A000729,C000051,FI,checking,2026-09-08,407.51,EUR,success,IKEA
T00009389,A000399,C000098,FI,credit,2026-09-08,181.85,USD,success,Spotify
T00008597,A000730,C000487,FI,checking,2026-09-08,193.40,GBP,success,Amazon
T00006980,A000730,C000487,FI,checking,2026-09-08,36.36,USD,success,Rimi
T00006040,A000337,C000239,LV,credit,2026-09-08,79.08,GBP,success,Steam
T00009546,A000016,C000172,LV,checking,2026-09-08,111.14,EUR,success,Spotify
T00003343,A000397,C000474,EE,checking,2026-09-08,426.55,GBP,success,Airbnb
T00002251,A000337,C000239,LV,credit,2026-09-08,53.11,USD,success,Rimi
T00005755,A000396,C000007,FI,credit,2026-09-08,288.08,USD,success,Bolt
T00009257,A000396,C000007,FI,credit,2026-09-08,88.62,EUR,success,Amazon
T00002514,A000395,C000193,EE,credit,2026-09-08,150.02,USD,success,Rimi
T00003654,A000338,C000123,FI,credit,2026-09-08,146.75,EUR,success,Spotify
T00005298,A000395,C000193,EE,credit,2026-09-08,85.29,USD,success,IKEA
T00003195,A000339,C000345,EE,credit,2026-09-08,365.53,USD,success,Steam
T00008288,A000733,C000238,FI,checking,2026-09-08,122.63,EUR,success,Spotify
T00008840,A000393,C000457,FI,savings,2026-09-08,463.86,EUR,success,Rimi
T00000228,A000379,C000349,LT,credit,2026-09-08,132.75,USD,failed,Spotify
T00005824,A000392,C000010,LT,credit,2026-09-08,202.24,EUR,success,Netflix
T00000114,A000380,C000362,FI,savings,2026-09-08,181.56,USD,success,Bolt
T00009919,A000559,C000499,FI,checking,2026-09-08,251.23,GBP,success,Amazon
T00001913,A000391,C000096,FI,savings,2026-09-08,159.35,USD,success,Amazon
T00008980,A000179,C000018,LV,credit,2026-09-08,226.71,USD,success,Spotify
T00008324,A000562,C000364,SE,checking,2026-09-08,254.65,GBP,success,IKEA
T00006183,A000558,C000225,FI,credit,2026-09-08,181.60,EUR,failed,Tesco
T00001226,A000562,C000364,SE,checking,2026-09-08,342.39,EUR,success,Amazon
T00008441,A000178,C000401,SE,credit,2026-09-08,489.50,EUR,success,Netflix
T00005835,A000563,C000406,SE,savings,2026-09-08,315.36,EUR,success,Amazon
T00005345,A000563,C000406,SE,savings,2026-09-08,339.04,USD,success,Amazon
T00001573,A000004,C000410,LT,credit,2026-09-08,404.07,GBP,success,Steam
T00001688,A000565,C000045,FI,credit,2026-09-08,461.36,GBP,success,Spotify
T00007026,A000175,C000224,SE,checking,2026-09-08,242.23,EUR,success,Rimi
T00003584,A000174,C000355,FI,savings,2026-09-08,32.20,USD,success,Amazon
T00001393,A000187,C000279,LT,savings,2026-09-08,329.58,USD,success,Steam
T00009710,A000005,C000328,FI,savings,2026-09-08,202.60,USD,success,Airbnb
T00008397,A000005,C000328,FI,savings,2026-09-08,77.43,EUR,success,IKEA
T00000675,A000569,C000368,EE,checking,2026-09-08,168.78,GBP,success,Airbnb
T00003661,A000171,C000034,EE,checking,2026-09-08,58.46,EUR,success,Wolt
T00006958,A000570,C000066,LV,checking,2026-09-08,487.47,GBP,success,Bolt
T00004601,A000570,C000066,LV,checking,2026-09-08,34.70,USD,failed,Netflix
T00001108,A000547,C000459,LT,credit,2026-09-08,398.45,USD,success,Steam
T00004947,A000192,C000051,FI,credit,2026-09-08,493.75,GBP,success,Netflix
T00001737,A000546,C000156,LV,credit,2026-09-08,362.27,GBP,success,Rimi
T00002656,A000167,C000094,SE,checking,2026-09-08,165.36,EUR,success,Spotify
T00004041,A000468,C000483,SE,savings,2026-09-07,261.65,GBP,success,IKEA
T00003876,A000475,C000406,SE,credit,2026-09-07,175.78,GBP,success,Amazon
T00004714,A000382,C000013,LV,credit,2026-09-07,391.12,EUR,success,Wolt
T00001643,A000717,C000214,FI,savings,2026-09-07,215.42,GBP,success,Rimi
T00007923,A000484,C000428,EE,savings,2026-09-07,327.63,EUR,success,IKEA
T00008897,A000119,C000064,FI,savings,2026-09-07,392.73,GBP,success,IKEA
T00000086,A000408,C000018,LV,credit,2026-09-07,189.45,USD,success,Spotify
T00007790,A000716,C000190,LT,credit,2026-09-07,311.61,USD,success,Wolt
T00006357,A000264,C000498,FI,checking,2026-09-07,237.02,GBP,success,Netflix
T00003483,A000310,C000371,EE,savings,2026-09-07,407.95,GBP,success,Airbnb
T00006211,A000458,C000037,EE,checking,2026-09-07,219.50,USD,success,Tesco
T00007819,A000327,C000169,LV,savings,2026-09-07,450.26,EUR,success,Amazon
T00008778,A000327,C000169,LV,savings,2026-09-07,79.41,USD,success,Spotify
T00003836,A000369,C000387,LV,savings,2026-09-07,105.71,GBP,success,Rimi
T00004095,A000604,C000085,LV,checking,2026-09-07,354.63,GBP,success,Airbnb
T00002012,A000620,C000014,LV,savings,2026-09-07,36.65,GBP,success,IKEA
T00008767,A000087,C000270,FI,credit,2026-09-07,338.79,GBP,success,Spotify
T00001706,A000566,C000056,LT,checking,2026-09-07,128.79,EUR,success,Rimi
T00001698,A000428,C000475,FI,savings,2026-09-07,118.55,USD,success,Bolt
T00008902,A000087,C000270,FI,credit,2026-09-07,110.47,GBP,success,Wolt
T00005502,A000374,C000046,LV,savings,2026-09-07,20.95,USD,success,Netflix
T00000670,A000410,C000047,LT,credit,2026-09-07,302.63,GBP,success,Airbnb
T00003476,A000669,C000447,EE,credit,2026-09-07,263.07,EUR,success,Tesco
T00005821,A000204,C000276,LT,savings,2026-09-07,167.19,GBP,success,Steam
T00007306,A000002,C000487,FI,credit,2026-09-07,392.79,USD,pending,Bolt
T00007803,A000141,C000170,LV,savings,2026-09-07,214.65,USD,failed,Rimi
T00004679,A000714,C000017,FI,checking,2026-09-07,260.97,USD,success,Bolt
T00006043,A000606,C000317,EE,checking,2026-09-07,300.34,EUR,failed,IKEA
T00006529,A000557,C000003,LT,savings,2026-09-07,440.79,USD,success,Airbnb
T00003025,A000030,C000218,SE,checking,2026-09-07,397.71,EUR,success,Tesco
T00009638,A000413,C000307,FI,savings,2026-09-07,83.70,GBP,success,IKEA
T00004036,A000163,C000384,LT,savings,2026-09-07,318.54,EUR,success,Netflix
T00009600,A000448,C000129,SE,savings,2026-09-07,48.18,USD,success,Netflix
T00003673,A000191,C000363,LT,savings,2026-09-07,168.54,USD,success,Amazon
T00001704,A000383,C000344,EE,credit,2026-09-07,295.58,EUR,success,Wolt
T00005641,A000619,C000216,LV,checking,2026-09-07,315.63,USD,success,Amazon
T00002790,A000695,C000214,FI,checking,2026-09-07,237.89,GBP,failed,Steam
T00000651,A000288,C000038,SE,credit,2026-09-07,458.15,USD,success,Netflix
T00006255,A000092,C000134,FI,checking,2026-09-07,401.75,GBP,success,Spotify
T00000044,A000426,C000217,LV,checking,2026-09-07,334.25,USD,success,Tesco
T00009607,A000679,C000190,LT,savings,2026-09-07,238.50,USD,success,Rimi
T00005628,A000324,C000281,EE,credit,2026-09-07,302.39,USD,success,Tesco
T00004178,A000312,C000272,EE,savings,2026-09-07,2.25,USD,success,IKEA
T00003412,A000312,C000272,EE,savings,2026-09-07,120.42,USD,success,Wolt
T00009773,A000607,C000192,SE,checking,2026-09-07,185.07,USD,success,Rimi
T00001169,A000323,C000315,LT,savings,2026-09-07,112.30,USD,success,Amazon
T00009674,A000637,C000457,FI,checking,2026-09-07,415.90,EUR,success,Bolt
T00009457,A000224,C000064,FI,checking,2026-09-07,257.93,USD,success,Bolt
T00005006,A000001,C000399,SE,savings,2026-09-07,337.35,EUR,success,Spotify
T00000727,A000447,C000419,LV,credit,2026-09-07,49.77,EUR,success,Bolt
T00008503,A000426,C000217,LV,checking,2026-09-07,201.23,EUR,success,Spotify
T00006729,A000076,C000217,LV,credit,2026-09-07,245.12,USD,success,Netflix
T00005439,A000356,C000072,FI,credit,2026-09-07,469.70,GBP,success,Amazon
T00006661,A000618,C000434,LT,credit,2026-09-07,232.94,GBP,success,Tesco
T00001611,A000363,C000086,SE,savings,2026-09-07,112.13,USD,success,Airbnb
T00001829,A000579,C000328,FI,savings,2026-09-07,102.51,EUR,success,IKEA
T00005292,A000636,C000019,FI,savings,2026-09-07,304.02,EUR,success,IKEA
T00007752,A000697,C000381,LT,checking,2026-09-07,331.37,EUR,success,Wolt
T00000583,A000514,C000251,LV,credit,2026-09-07,464.75,GBP,success,Bolt
T00004117,A000047,C000231,LT,savings,2026-09-07,390.12,GBP,success,Steam
T00001111,A000708,C000056,LT,savings,2026-09-07,461.59,EUR,success,Rimi
T00007505,A000351,C000229,SE,credit,2026-09-07,287.54,USD,success,IKEA
T00009316,A000636,C000019,FI,savings,2026-09-07,463.55,EUR,success,Tesco
T00007590,A000047,C000231,LT,savings,2026-09-07,254.18,USD,success,Rimi
T00005973,A000235,C000129,SE,savings,2026-09-07,92.09,GBP,success,IKEA
T00009564,A000425,C000418,LV,checking,2026-09-07,77.26,USD,success,Wolt
T00001191,A000424,C000383,SE,savings,2026-09-07,42.42,EUR,pending,Airbnb
T00005615,A000654,C000133,EE,savings,2026-09-07,417.50,USD,success,Wolt
T00005013,A000708,C000056,LT,savings,2026-09-07,251.31,GBP,failed,Bolt
T00003143,A000418,C000404,LT,credit,2026-09-07,156.59,EUR,success,Steam
T00005879,A000286,C000310,SE,checking,2026-09-07,149.65,GBP,success,Netflix
T00007709,A000204,C000276,LT,savings,2026-09-07,37.48,USD,success,Airbnb
T00009167,A000610,C000255,FI,savings,2026-09-07,42.57,USD,success,Amazon
T00007484,A000036,C000448,SE,checking,2026-09-07,220.45,USD,success,IKEA
T00001480,A000287,C000173,LV,checking,2026-09-07,484.36,USD,success,Netflix
T00008495,A000267,C000353,SE,credit,2026-09-07,217.93,USD,success,Airbnb
T00008879,A000513,C000255,FI,credit,2026-09-07,347.21,USD,success,Rimi
T00004366,A000162,C000176,LV,checking,2026-09-07,401.64,USD,success,Bolt
T00002742,A000610,C000255,FI,savings,2026-09-07,211.58,GBP,failed,IKEA
T00009559,A000707,C000086,SE,savings,2026-09-07,38.87,USD,success,Tesco
T00000181,A000706,C000417,LV,credit,2026-09-07,429.27,USD,success,Airbnb
T00001599,A000076,C000217,LV,credit,2026-09-07,335.46,GBP,success,Tesco
T00009979,A000320,C000197,LT,savings,2026-09-07,89.13,GBP,success,Spotify
T00006012,A000584,C000056,LT,checking,2026-09-07,26.04,GBP,success,IKEA
T00008061,A000077,C000100,LT,savings,2026-09-07,79.73,EUR,success,Netflix
T00004772,A000125,C000268,LT,checking,2026-09-07,238.29,USD,success,Netflix
T00008149,A000617,C000304,SE,savings,2026-09-07,443.11,USD,success,Wolt
T00001132,A000574,C000237,EE,savings,2026-09-07,45.31,GBP,success,Rimi
T00008361,A000134,C000417,LV,credit,2026-09-07,425.35,USD,success,Netflix
T00001242,A000610,C000255,FI,savings,2026-09-07,413.02,EUR,success,Amazon
T00006408,A000077,C000100,LT,savings,2026-09-07,290.63,USD,success,Steam
T00000250,A000565,C000045,FI,credit,2026-09-07,499.63,GBP,success,Amazon
T00008492,A000583,C000493,FI,checking,2026-09-07,291.06,USD,success,Tesco
T00006017,A000005,C000328,FI,savings,2026-09-07,346.63,USD,success,Amazon
T00003652,A000580,C000036,LV,credit,2026-09-07,259.06,EUR,success,Wolt
T00006598,A000424,C000383,SE,savings,2026-09-07,347.64,EUR,success,Tesco
T00001288,A000565,C000045,FI,credit,2026-09-07,143.86,GBP,failed,Tesco
T00008655,A000511,C000469,LV,savings,2026-09-07,47.03,GBP,success,Wolt
T00002438,A000037,C000059,LT,checking,2026-09-07,316.97,USD,success,Netflix
T00002562,A000132,C000082,SE,checking,2026-09-07,307.07,EUR,success,Netflix
T00009322,A000004,C000410,LT,credit,2026-09-07,382.39,EUR,success,Rimi
T00009583,A000087,C000270,FI,credit,2026-09-07,300.19,GBP,success,IKEA
T00002273,A000743,C000077,FI,savings,2026-09-07,5.45,EUR,success,Netflix
T00001906,A000615,C000249,LV,credit,2026-09-07,161.75,EUR,success,Wolt
T00005288,A000700,C000205,SE,checking,2026-09-07,418.06,GBP,success,Wolt
T00005294,A000182,C000230,FI,checking,2026-09-07,16.75,EUR,success,Airbnb
T00004893,A000228,C000061,EE,savings,2026-09-07,10.68,EUR,success,Rimi
T00003174,A000661,C000028,SE,credit,2026-09-07,37.11,EUR,success,Bolt
T00002951,A000360,C000239,LV,checking,2026-09-07,129.38,GBP,success,IKEA
T00001730,A000233,C000072,FI,credit,2026-09-07,315.64,EUR,success,Amazon
T00009753,A000612,C000050,EE,checking,2026-09-07,252.11,GBP,success,Amazon
T00009885,A000319,C000408,LT,savings,2026-09-07,337.57,EUR,success,Steam
T00003739,A000612,C000050,EE,checking,2026-09-07,35.06,EUR,success,Airbnb
T00002384,A000704,C000025,FI,savings,2026-09-07,486.33,USD,success,Spotify
T00008234,A000272,C000294,EE,credit,2026-09-07,255.48,USD,success,Spotify
T00002557,A000347,C000423,FI,checking,2026-09-07,332.19,USD,success,IKEA
T00001446,A000460,C000414,LT,credit,2026-09-07,353.78,GBP,success,Rimi
T00009072,A000423,C000138,FI,credit,2026-09-07,311.31,USD,success,Spotify
T00009099,A000127,C000232,SE,savings,2026-09-07,369.10,GBP,success,Tesco
T00002540,A000704,C000025,FI,savings,2026-09-07,109.01,GBP,failed,Netflix
T00000389,A000127,C000232,SE,savings,2026-09-07,296.71,EUR,success,Netflix
T00007613,A000041,C000005,FI,credit,2026-09-07,458.85,GBP,success,Amazon
T00000754,A000205,C000172,LV,savings,2026-09-07,398.57,USD,success,Spotify
T00002230,A000668,C000344,EE,checking,2026-09-07,419.27,EUR,success,Spotify
T00003205,A000565,C000045,FI,credit,2026-09-07,93.30,USD,success,IKEA
T00007780,A000681,C000355,FI,savings,2026-09-07,365.05,GBP,success,Netflix
T00002328,A000486,C000307,FI,credit,2026-09-07,82.35,GBP,success,Spotify
T00009094,A000080,C000362,FI,credit,2026-09-07,394.28,GBP,success,Amazon
T00008973,A000657,C000317,EE,checking,2026-09-07,42.37,EUR,success,Spotify
T00003799,A000383,C000344,EE,credit,2026-09-07,192.70,EUR,success,Netflix
T00009769,A000297,C000186,LT,credit,2026-09-07,22.55,GBP,success,Tesco
T00003731,A000129,C000037,EE,checking,2026-09-07,388.84,USD,success,Bolt
T00007950,A000230,C000421,EE,checking,2026-09-07,299.72,EUR,success,Wolt
T00004197,A000508,C000123,FI,credit,2026-09-07,466.27,GBP,success,Wolt
T00000624,A000702,C000223,EE,checking,2026-09-07,36.93,GBP,success,Bolt
T00006231,A000277,C000159,SE,credit,2026-09-07,32.79,GBP,success,Rimi
T00000810,A000080,C000362,FI,credit,2026-09-07,403.70,USD,success,Rimi
T00004502,A000681,C000355,FI,savings,2026-09-07,109.55,USD,failed,Wolt
T00000816,A000373,C000469,LV,savings,2026-09-07,133.81,GBP,success,IKEA
T00005174,A000277,C000159,SE,credit,2026-09-07,298.57,USD,success,IKEA
T00009024,A000658,C000090,LV,credit,2026-09-07,440.06,GBP,success,Wolt
T00003207,A000107,C000069,LT,credit,2026-09-07,432.81,GBP,success,Steam
T00002468,A000251,C000395,FI,savings,2026-09-07,469.84,EUR,success,Netflix
T00007214,A000643,C000277,FI,credit,2026-09-07,240.41,USD,success,Tesco
T00007377,A000160,C000003,LT,credit,2026-09-07,93.29,USD,success,Tesco
T00002466,A000734,C000253,EE,credit,2026-09-07,358.11,GBP,success,Wolt
T00007586,A000298,C000073,LV,savings,2026-09-07,164.83,USD,success,IKEA
T00002780,A000454,C000061,EE,credit,2026-09-07,15.18,EUR,success,Steam
T00001847,A000443,C000495,LV,checking,2026-09-07,358.87,EUR,success,Netflix
T00002125,A000206,C000127,LT,credit,2026-09-07,33.10,USD,success,Netflix
T00009582,A000535,C000342,EE,checking,2026-09-07,128.38,EUR,success,Tesco
T00004796,A000196,C000326,FI,credit,2026-09-07,299.17,USD,success,Steam
T00003596,A000012,C000455,LV,savings,2026-09-07,405.31,EUR,success,Airbnb
T00001601,A000374,C000046,LV,savings,2026-09-07,471.37,EUR,success,Spotify
T00006218,A000488,C000232,SE,savings,2026-09-07,12.78,USD,success,Tesco
T00007023,A000299,C000063,EE,savings,2026-09-07,453.80,GBP,success,Steam
T00005218,A000349,C000462,SE,credit,2026-09-07,118.00,GBP,success,Airbnb
T00003285,A000488,C000232,SE,savings,2026-09-07,413.49,USD,success,IKEA
T00008425,A000643,C000277,FI,credit,2026-09-07,446.34,EUR,success,Wolt
T00004462,A000538,C000280,LT,credit,2026-09-07,105.92,USD,success,Netflix
T00003598,A000284,C000109,SE,checking,2026-09-07,32.93,EUR,pending,Tesco
T00004567,A000560,C000250,LT,credit,2026-09-07,482.92,USD,success,Wolt
T00003593,A000094,C000467,SE,credit,2026-09-07,291.30,EUR,success,Steam
T00001219,A000667,C000198,FI,credit,2026-09-07,320.09,EUR,success,Steam
T00003392,A000012,C000455,LV,savings,2026-09-07,362.73,GBP,success,Airbnb
T00005943,A000588,C000392,SE,checking,2026-09-07,69.96,USD,success,Amazon
T00001658,A000193,C000210,LV,checking,2026-09-07,484.42,USD,success,IKEA
T00000094,A000479,C000350,SE,checking,2026-09-07,268.93,USD,success,Tesco
T00003525,A000268,C000213,SE,checking,2026-09-07,100.81,EUR,success,Rimi
T00002041,A000154,C000306,SE,credit,2026-09-07,217.77,GBP,success,IKEA
T00009122,A000251,C000395,FI,savings,2026-09-07,217.49,USD,success,Bolt
T00006714,A000013,C000282,FI,savings,2026-09-07,253.11,EUR,success,Bolt
T00004792,A000057,C000458,EE,credit,2026-09-07,465.16,EUR,success,Netflix
T00003636,A000258,C000207,LT,credit,2026-09-07,442.11,EUR,success,Amazon
T00000906,A000394,C000070,LV,savings,2026-09-07,424.54,USD,success,Tesco
T00003707,A000684,C000150,FI,checking,2026-09-07,423.71,USD,success,Tesco
T00008414,A000584,C000056,LT,checking,2026-09-07,375.96,EUR,success,Rimi
T00005044,A000631,C000304,SE,checking,2026-09-07,103.87,GBP,success,Airbnb
T00003160,A000257,C000243,LT,checking,2026-09-07,198.40,GBP,success,Steam
T00005807,A000473,C000270,FI,savings,2026-09-07,286.55,GBP,success,Bolt
T00009078,A000671,C000253,EE,credit,2026-09-07,235.62,GBP,success,Steam
T00006731,A000166,C000246,EE,credit,2026-09-07,260.34,EUR,success,Spotify
T00007099,A000014,C000402,LT,checking,2026-09-07,445.67,GBP,success,Bolt
T00005990,A000284,C000109,SE,checking,2026-09-07,282.73,EUR,success,Rimi
T00001005,A000548,C000411,FI,credit,2026-09-07,394.04,EUR,failed,Amazon
T00005550,A000152,C000416,FI,checking,2026-09-07,472.06,USD,success,Spotify
T00005648,A000675,C000482,LT,credit,2026-09-07,394.57,EUR,success,Amazon
T00007509,A000184,C000266,LV,savings,2026-09-07,101.51,USD,success,Rimi
T00008622,A000440,C000450,LT,checking,2026-09-07,219.21,GBP,success,Rimi
T00000678,A000269,C000136,LT,credit,2026-09-07,317.42,EUR,success,Bolt
T00009812,A000731,C000068,FI,checking,2026-09-07,479.66,GBP,success,Steam
T00004422,A000257,C000243,LT,checking,2026-09-07,224.92,GBP,success,Netflix
T00002663,A000590,C000439,LV,credit,2026-09-07,394.74,GBP,success,Amazon
T00002215,A000160,C000003,LT,credit,2026-09-07,304.25,USD,success,Bolt
T00001927,A000072,C000148,LV,credit,2026-09-07,445.43,USD,success,Amazon
T00006896,A000337,C000239,LV,credit,2026-09-07,138.40,USD,success,IKEA
T00005129,A000576,C000207,LT,credit,2026-09-07,64.02,EUR,success,Spotify
T00006765,A000007,C000101,EE,savings,2026-09-07,450.64,EUR,success,Wolt
T00001710,A000729,C000051,FI,checking,2026-09-07,213.59,GBP,success,Netflix
T00004732,A000584,C000056,LT,checking,2026-09-07,207.67,USD,success,Rimi
T00001632,A000629,C000403,EE,checking,2026-09-07,344.21,EUR,failed,Netflix
T00009741,A000284,C000109,SE,checking,2026-09-07,214.06,USD,success,Spotify
T00009709,A000399,C000098,FI,credit,2026-09-07,59.14,USD,success,Bolt
T00007105,A000151,C000165,LT,credit,2026-09-07,322.07,USD,success,Airbnb
T00009808,A000065,C000137,LV,credit,2026-09-07,169.30,GBP,success,Tesco
T00006799,A000112,C000102,LT,credit,2026-09-07,314.36,USD,success,Rimi
T00009697,A000529,C000290,EE,savings,2026-09-07,259.01,EUR,success,Rimi
T00008773,A000595,C000231,LT,checking,2026-09-07,173.71,USD,success,Tesco
T00000182,A000290,C000478,LT,savings,2026-09-07,71.72,EUR,success,Bolt
T00007465,A000492,C000458,EE,credit,2026-09-07,247.55,EUR,success,Airbnb
T00009217,A000018,C000059,LT,credit,2026-09-07,40.19,GBP,success,Airbnb
T00000433,A000675,C000482,LT,credit,2026-09-07,24.56,EUR,success,Bolt
T00003999,A000399,C000098,FI,credit,2026-09-07,135.42,EUR,success,Airbnb
T00009927,A000494,C000248,FI,savings,2026-09-07,409.54,GBP,success,Tesco
T00003526,A000400,C000152,FI,savings,2026-09-07,64.08,GBP,success,Spotify
T00005002,A000069,C000483,SE,checking,2026-09-07,8.70,EUR,success,IKEA
T00002090,A000563,C000406,SE,savings,2026-09-07,365.41,USD,success,Amazon
T00009831,A000528,C000164,LT,credit,2026-09-07,63.27,EUR,success,Airbnb
T00009648,A000335,C000275,LV,savings,2026-09-07,402.16,GBP,success,Netflix
T00005429,A000372,C000096,FI,savings,2026-09-07,224.54,GBP,failed,Airbnb
T00009134,A000009,C000240,LV,checking,2026-09-07,402.70,GBP,success,Airbnb
T00004532,A000358,C000213,SE,savings,2026-09-07,289.18,GBP,success,Tesco
T00001163,A000018,C000059,LT,credit,2026-09-07,325.48,GBP,success,Bolt
T00006145,A000647,C000264,EE,credit,2026-09-07,320.06,EUR,success,IKEA
T00001786,A000568,C000300,LT,checking,2026-09-07,262.42,EUR,success,Wolt
T00004506,A000069,C000483,SE,checking,2026-09-07,117.76,EUR,success,Spotify
T00009189,A000246,C000380,FI,checking,2026-09-07,141.12,GBP,failed,Bolt
T00000446,A000469,C000254,FI,savings,2026-09-07,30.13,USD,success,Bolt
T00008521,A000676,C000363,LT,savings,2026-09-07,211.34,USD,pending,Steam
T00008555,A000627,C000022,LV,credit,2026-09-07,471.07,USD,success,Rimi
T00007415,A000545,C000269,SE,savings,2026-09-07,118.43,USD,success,Tesco
T00009458,A000073,C000319,LV,savings,2026-09-07,386.30,GBP,success,Spotify
T00002191,A000596,C000113,LV,checking,2026-09-07,421.32,GBP,success,Spotify
T00003702,A000114,C000409,SE,credit,2026-09-07,68.54,EUR,success,Spotify
T00005684,A000401,C000469,LV,savings,2026-09-07,173.28,EUR,success,Rimi
T00002591,A000688,C000032,FI,credit,2026-09-07,402.37,EUR,success,Bolt
T00001911,A000114,C000409,SE,credit,2026-09-07,253.82,USD,success,IKEA
T00003536,A000666,C000386,SE,checking,2026-09-07,130.25,GBP,success,Netflix
T00006050,A000073,C000319,LV,savings,2026-09-07,364.76,GBP,success,Airbnb
T00005702,A000160,C000003,LT,credit,2026-09-07,440.58,EUR,success,Netflix
T00007463,A000149,C000211,FI,savings,2026-09-07,89.27,EUR,success,Tesco
T00007754,A000726,C000399,SE,checking,2026-09-07,498.46,GBP,success,Airbnb
T00006097,A000475,C000406,SE,credit,2026-09-07,322.16,USD,success,IKEA
T00003248,A000401,C000469,LV,savings,2026-09-07,4.15,EUR,success,Bolt
T00007160,A000333,C000075,EE,checking,2026-09-07,431.21,EUR,success,Wolt
T00002929,A000021,C000450,LT,credit,2026-09-07,226.32,USD,success,Tesco
T00000449,A000021,C000450,LT,credit,2026-09-07,22.98,USD,success,Airbnb
T00006494,A000577,C000375,EE,checking,2026-09-07,318.38,EUR,success,Netflix
T00006223,A000074,C000212,LV,savings,2026-09-07,469.73,GBP,success,Rimi
T00002249,A000332,C000225,FI,checking,2026-09-07,237.79,USD,pending,Steam
T00000150,A000403,C000250,LT,savings,2026-09-07,87.93,GBP,success,Netflix
T00003608,A000074,C000212,LV,savings,2026-09-07,403.25,GBP,success,Rimi
T00009990,A000572,C000319,LV,checking,2026-09-07,149.51,EUR,failed,Tesco
T00002568,A000689,C000426,LT,credit,2026-09-07,282.55,USD,success,Tesco
T00006564,A000282,C000168,EE,savings,2026-09-07,356.03,GBP,success,Bolt
T00007118,A000568,C000300,LT,checking,2026-09-07,468.09,GBP,success,Airbnb
T00006311,A000723,C000438,LT,credit,2026-09-07,435.47,GBP,pending,Tesco
T00007930,A000647,C000264,EE,credit,2026-09-07,43.39,USD,success,Netflix
T00006342,A000052,C000459,LT,checking,2026-09-07,134.87,USD,success,Steam
T00001285,A000746,C000272,EE,savings,2026-09-07,153.77,GBP,success,Airbnb
T00007368,A000052,C000459,LT,checking,2026-09-07,68.45,GBP,success,Steam
T00001702,A000747,C000422,EE,savings,2026-09-07,234.47,GBP,success,Rimi
T00002722,A000474,C000282,FI,credit,2026-09-07,208.57,GBP,success,Bolt
T00006978,A000469,C000254,FI,savings,2026-09-07,247.62,GBP,success,Netflix
T00002915,A000432,C000487,FI,credit,2026-09-07,280.27,EUR,success,Tesco
T00004969,A000389,C000265,FI,checking,2026-09-07,61.33,EUR,success,Tesco
T00008274,A000677,C000174,LV,checking,2026-09-07,138.73,GBP,success,Tesco
T00003546,A000483,C000269,SE,savings,2026-09-07,143.66,USD,success,Spotify
T00000247,A000431,C000230,FI,savings,2026-09-07,43.95,EUR,success,Netflix
T00000322,A000431,C000230,FI,savings,2026-09-07,224.37,EUR,success,Airbnb
T00004300,A000431,C000230,FI,savings,2026-09-07,29.77,GBP,pending,Netflix
T00008918,A000404,C000034,EE,credit,2026-09-07,31.39,GBP,success,Tesco
T00005667,A000497,C000285,LV,savings,2026-09-07,131.42,EUR,success,Spotify
T00004823,A000665,C000077,FI,credit,2026-09-07,105.07,GBP,success,Netflix
T00003103,A000551,C000363,LT,checking,2026-09-07,247.13,USD,success,Amazon
T00003599,A000051,C000366,LV,savings,2026-09-07,364.73,EUR,success,Bolt
T00007430,A000271,C000436,LT,savings,2026-09-07,17.80,GBP,success,Airbnb
T00002651,A000117,C000141,SE,savings,2026-09-07,220.00,EUR,success,Steam
T00000279,A000691,C000237,EE,checking,2026-09-07,80.61,USD,success,Spotify
T00006654,A000197,C000147,LV,credit,2026-09-07,392.68,USD,success,Steam
T00006589,A000266,C000426,LT,checking,2026-09-07,408.07,USD,success,Netflix
T00005958,A000217,C000013,LV,savings,2026-09-07,152.34,EUR,success,Rimi
T00001938,A000240,C000059,LT,savings,2026-09-07,82.86,GBP,success,IKEA
T00005134,A000677,C000174,LV,checking,2026-09-07,136.92,GBP,success,IKEA
T00004002,A000721,C000105,FI,credit,2026-09-07,57.05,USD,success,Netflix
T00003650,A000024,C000377,LV,checking,2026-09-07,264.43,USD,success,Steam
T00006434,A000239,C000115,FI,checking,2026-09-07,492.93,USD,success,Wolt
T00008258,A000332,C000225,FI,checking,2026-09-07,129.69,GBP,success,Rimi
T00009178,A000332,C000225,FI,checking,2026-09-07,11.24,EUR,success,IKEA
T00007313,A000025,C000265,FI,checking,2026-09-07,8.72,GBP,success,Airbnb
T00005906,A000567,C000376,LV,credit,2026-09-07,392.07,EUR,success,Airbnb
T00000157,A000499,C000337,EE,savings,2026-09-07,251.75,GBP,success,Netflix
T00006518,A000567,C000376,LV,credit,2026-09-07,474.65,USD,success,Netflix
T00005451,A000664,C000319,LV,checking,2026-09-07,141.95,USD,success,Steam
T00009888,A000385,C000078,FI,credit,2026-09-07,61.92,USD,success,IKEA
T00003730,A000541,C000470,LV,savings,2026-09-07,315.19,EUR,success,Netflix
T00000125,A000174,C000355,FI,savings,2026-09-07,38.07,USD,success,Wolt
T00009767,A000693,C000424,EE,checking,2026-09-07,18.15,EUR,success,Tesco
T00007060,A000719,C000481,EE,savings,2026-09-07,334.03,GBP,success,Steam
T00001726,A000474,C000282,FI,credit,2026-09-06,97.59,EUR,success,Tesco
T00005476,A000353,C000067,SE,credit,2026-09-06,471.29,GBP,success,Steam
T00004688,A000673,C000446,LV,savings,2026-09-06,1.11,GBP,success,Amazon
T00002849,A000646,C000142,FI,checking,2026-09-06,3.40,USD,success,Tesco
T00005929,A000644,C000136,LT,credit,2026-09-06,142.12,GBP,success,Tesco
T00000898,A000204,C000276,LT,savings,2026-09-06,458.95,EUR,success,Airbnb
T00002167,A000260,C000088,FI,savings,2026-09-06,185.77,USD,success,Netflix
T00000648,A000640,C000126,FI,checking,2026-09-06,117.60,GBP,success,Rimi
T00006064,A000347,C000423,FI,checking,2026-09-06,113.03,GBP,success,Bolt
T00002835,A000639,C000321,SE,savings,2026-09-06,352.14,EUR,success,Wolt
T00003808,A000064,C000160,LT,credit,2026-09-06,131.20,GBP,success,Amazon
T00003109,A000256,C000023,FI,checking,2026-09-06,65.22,USD,success,Steam
T00004083,A000291,C000373,SE,credit,2026-09-06,312.86,EUR,success,Netflix
T00001372,A000574,C000237,EE,savings,2026-09-06,495.19,USD,success,Wolt
T00005609,A000483,C000269,SE,savings,2026-09-06,56.04,USD,success,Bolt
T00009310,A000179,C000018,LV,credit,2026-09-06,291.86,EUR,success,IKEA
T00004761,A000483,C000269,SE,savings,2026-09-06,285.42,GBP,success,Steam
T00004780,A000557,C000003,LT,savings,2026-09-06,495.62,GBP,success,IKEA
T00001923,A000062,C000023,FI,credit,2026-09-06,97.56,USD,success,Wolt
T00008620,A000293,C000232,SE,checking,2026-09-06,397.27,USD,success,Tesco
T00000070,A000677,C000174,LV,checking,2026-09-06,465.24,EUR,success,Netflix
T00001980,A000293,C000232,SE,checking,2026-09-06,332.74,USD,success,Rimi
T00001128,A000562,C000364,SE,checking,2026-09-06,46.61,USD,success,Airbnb
T00003449,A000253,C000193,EE,credit,2026-09-06,264.41,USD,success,Spotify
T00003331,A000359,C000470,LV,checking,2026-09-06,451.98,EUR,success,Spotify
T00006623,A000387,C000493,FI,checking,2026-09-06,280.55,EUR,success,Rimi
T00009079,A000680,C000010,LT,credit,2026-09-06,276.41,EUR,success,Airbnb
T00008789,A000680,C000010,LT,credit,2026-09-06,116.22,USD,failed,Amazon
T00008701,A000680,C000010,LT,credit,2026-09-06,205.78,USD,success,Steam
T00007681,A000447,C000419,LV,credit,2026-09-06,48.83,GBP,success,Spotify
T00002293,A000634,C000114,EE,credit,2026-09-06,371.24,GBP,success,Tesco
T00007401,A000061,C000348,SE,checking,2026-09-06,165.03,GBP,pending,Amazon
T00001326,A000444,C000427,SE,checking,2026-09-06,223.88,EUR,success,Airbnb
T00006449,A000343,C000075,EE,checking,2026-09-06,95.43,GBP,success,Wolt
T00003990,A000251,C000395,FI,savings,2026-09-06,253.47,EUR,failed,Tesco
T00008201,A000109,C000371,EE,savings,2026-09-06,108.02,EUR,success,Airbnb
T00008101,A000632,C000169,LV,savings,2026-09-06,462.13,EUR,success,Steam
T00003516,A000488,C000232,SE,savings,2026-09-06,422.82,USD,success,Rimi
T00000194,A000375,C000199,SE,credit,2026-09-06,412.61,GBP,success,Wolt
T00005539,A000442,C000134,FI,checking,2026-09-06,21.19,USD,success,Spotify
T00005071,A000683,C000361,EE,checking,2026-09-06,438.55,GBP,pending,Airbnb
T00006776,A000563,C000406,SE,savings,2026-09-06,32.36,USD,success,Bolt
T00007852,A000365,C000392,SE,checking,2026-09-06,148.53,EUR,success,Bolt
T00006909,A000058,C000251,LV,checking,2026-09-06,44.25,USD,success,Bolt
T00002968,A000109,C000371,EE,savings,2026-09-06,215.75,GBP,success,Bolt
T00009780,A000170,C000092,SE,savings,2026-09-06,120.68,EUR,success,Spotify
T00007636,A000057,C000458,EE,credit,2026-09-06,129.94,EUR,success,Netflix
T00003802,A000489,C000343,FI,checking,2026-09-06,405.11,EUR,failed,Tesco
T00008069,A000110,C000266,LV,savings,2026-09-06,370.20,USD,success,Rimi
T00003284,A000056,C000027,EE,credit,2026-09-06,188.84,USD,success,Airbnb
T00009236,A000582,C000400,SE,checking,2026-09-06,114.67,GBP,success,Steam
T00007788,A000359,C000470,LV,checking,2026-09-06,129.83,GBP,success,IKEA
T00005323,A000250,C000373,SE,checking,2026-09-06,350.76,EUR,success,Tesco
T00001337,A000383,C000344,EE,credit,2026-09-06,449.45,EUR,success,Steam
T00009413,A000491,C000422,EE,credit,2026-09-06,190.47,GBP,success,Airbnb
T00001099,A000629,C000403,EE,checking,2026-09-06,138.16,GBP,success,Amazon
T00004509,A000491,C000422,EE,credit,2026-09-06,172.39,USD,success,Tesco
T00002550,A000686,C000037,EE,savings,2026-09-06,448.30,USD,success,Bolt
T00005491,A000112,C000102,LT,credit,2026-09-06,336.31,EUR,success,Netflix
T00007100,A000247,C000272,EE,checking,2026-09-06,46.94,USD,success,Steam
T00008365,A000362,C000043,LT,credit,2026-09-06,257.78,EUR,success,Wolt
T00005901,A000303,C000132,EE,credit,2026-09-06,60.00,EUR,success,Bolt
T00009006,A000688,C000032,FI,credit,2026-09-06,18.03,GBP,success,Airbnb
T00005325,A000436,C000456,LT,checking,2026-09-06,310.41,USD,success,Rimi
T00005585,A000494,C000248,FI,savings,2026-09-06,60.52,USD,success,Tesco
T00004043,A000435,C000171,FI,credit,2026-09-06,432.36,USD,success,Bolt
T00001722,A000688,C000032,FI,credit,2026-09-06,167.52,USD,success,Rimi
T00009478,A000161,C000062,EE,credit,2026-09-06,345.16,USD,success,Rimi
T00007719,A000053,C000422,EE,savings,2026-09-06,228.96,GBP,success,Wolt
T00005967,A000626,C000353,SE,credit,2026-09-06,484.98,USD,success,Tesco
T00004437,A000434,C000015,LT,credit,2026-09-06,369.95,GBP,success,Airbnb
T00009670,A000434,C000015,LT,credit,2026-09-06,184.54,GBP,success,Spotify
T00009334,A000245,C000241,LT,savings,2026-09-06,21.74,GBP,success,Netflix
T00002166,A000689,C000426,LT,credit,2026-09-06,129.66,USD,success,Rimi
T00000826,A000432,C000487,FI,credit,2026-09-06,449.99,EUR,success,IKEA
T00005331,A000495,C000483,SE,checking,2026-09-06,372.84,EUR,success,Amazon
T00004345,A000495,C000483,SE,checking,2026-09-06,40.03,GBP,success,IKEA
T00004610,A000244,C000451,EE,savings,2026-09-06,450.42,USD,success,Bolt
T00007984,A000161,C000062,EE,credit,2026-09-06,460.99,EUR,success,IKEA
T00005583,A000624,C000082,SE,savings,2026-09-06,300.43,GBP,success,Amazon
T00003122,A000691,C000237,EE,checking,2026-09-06,323.58,GBP,success,Airbnb
T00000776,A000242,C000442,LV,checking,2026-09-06,360.21,GBP,success,Airbnb
T00009095,A000692,C000268,LT,credit,2026-09-06,3.72,EUR,success,Bolt
T00005203,A000240,C000059,LT,savings,2026-09-06,43.67,EUR,success,Tesco
T00003314,A000362,C000043,LT,credit,2026-09-06,438.74,USD,success,Bolt
T00007044,A000430,C000225,FI,checking,2026-09-06,194.77,EUR,failed,Steam
T00003508,A000161,C000062,EE,credit,2026-09-06,226.02,USD,success,Wolt
T00003292,A000621,C000078,FI,credit,2026-09-06,40.26,USD,success,Rimi
T00003117,A000161,C000062,EE,credit,2026-09-06,253.00,GBP,success,IKEA
T00005397,A000621,C000078,FI,credit,2026-09-06,97.59,USD,success,Airbnb
T00007589,A000500,C000166,EE,savings,2026-09-06,494.75,GBP,success,Steam
T00008129,A000122,C000235,LT,credit,2026-09-06,55.40,USD,success,Airbnb
T00007884,A000311,C000368,EE,savings,2026-09-06,281.04,GBP,success,Airbnb
T00004324,A000501,C000351,EE,checking,2026-09-06,341.41,USD,success,IKEA
T00003928,A000428,C000475,FI,savings,2026-09-06,290.49,EUR,success,Amazon
T00008782,A000237,C000435,FI,savings,2026-09-06,380.38,USD,success,Wolt
T00004308,A000049,C000140,LT,savings,2026-09-06,355.16,EUR,success,Airbnb
T00003212,A000311,C000368,EE,savings,2026-09-06,166.19,GBP,success,Rimi
T00005226,A000695,C000214,FI,checking,2026-09-06,125.71,USD,success,Netflix
T00002268,A000236,C000132,EE,credit,2026-09-06,293.56,GBP,success,Rimi
T00009852,A000312,C000272,EE,savings,2026-09-06,36.14,EUR,success,Wolt
T00008624,A000619,C000216,LV,checking,2026-09-06,358.50,GBP,success,Amazon
T00009215,A000619,C000216,LV,checking,2026-09-06,497.14,EUR,success,Spotify
T00004635,A000184,C000266,LV,savings,2026-09-06,264.96,EUR,success,IKEA
T00001010,A000343,C000075,EE,checking,2026-09-06,245.06,GBP,success,Tesco
T00006889,A000426,C000217,LV,checking,2026-09-06,272.55,USD,success,IKEA
T00000487,A000124,C000425,LT,credit,2026-09-06,417.88,EUR,success,Bolt
T00002216,A000235,C000129,SE,savings,2026-09-06,296.84,GBP,success,Airbnb
T00007768,A000425,C000418,LV,checking,2026-09-06,115.06,USD,success,Wolt
T00005461,A000376,C000281,EE,credit,2026-09-06,263.49,USD,success,Tesco
T00007958,A000046,C000002,LT,checking,2026-09-06,415.57,EUR,success,Steam
T00001750,A000617,C000304,SE,savings,2026-09-06,261.77,GBP,success,Wolt
T00003575,A000424,C000383,SE,savings,2026-09-06,206.98,USD,success,Bolt
T00003129,A000354,C000009,FI,savings,2026-09-06,261.04,EUR,success,Bolt
T00000434,A000698,C000387,LV,credit,2026-09-06,461.67,EUR,success,Tesco
T00003503,A000383,C000344,EE,credit,2026-09-06,110.10,USD,success,Bolt
T00006893,A000565,C000045,FI,credit,2026-09-06,28.75,GBP,success,Bolt
T00001892,A000504,C000449,FI,credit,2026-09-06,423.40,GBP,success,Rimi
T00001600,A000125,C000268,LT,checking,2026-09-06,70.83,EUR,success,Tesco
T00005505,A000234,C000141,SE,checking,2026-09-06,211.32,USD,success,Rimi
T00000557,A000504,C000449,FI,credit,2026-09-06,181.09,EUR,failed,Netflix
T00006602,A000736,C000339,SE,checking,2026-09-06,27.26,USD,success,IKEA
T00004861,A000042,C000411,FI,savings,2026-09-06,187.92,GBP,success,Rimi
T00008590,A000003,C000098,FI,savings,2026-09-06,160.24,GBP,success,Amazon
T00002745,A000314,C000099,LV,credit,2026-09-06,188.71,GBP,success,Tesco
T00002480,A000041,C000005,FI,credit,2026-09-06,446.61,GBP,success,Steam
T00009152,A000127,C000232,SE,savings,2026-09-06,278.98,EUR,success,Airbnb
T00006300,A000615,C000249,LV,credit,2026-09-06,119.14,GBP,success,Wolt
T00003226,A000701,C000305,LT,checking,2026-09-06,255.66,GBP,success,Rimi
T00007939,A000615,C000249,LV,credit,2026-09-06,427.22,USD,success,Amazon
T00002452,A000128,C000046,LV,credit,2026-09-06,145.51,EUR,success,Amazon
T00001995,A000371,C000327,FI,credit,2026-09-06,354.94,EUR,failed,Bolt
T00002794,A000507,C000338,SE,credit,2026-09-06,101.64,USD,success,Rimi
T00002132,A000371,C000327,FI,credit,2026-09-06,68.70,USD,success,Steam
T00008203,A000003,C000098,FI,savings,2026-09-06,152.20,GBP,success,Steam
T00007255,A000390,C000024,LV,savings,2026-09-06,81.59,GBP,success,Bolt
T00003326,A000508,C000123,FI,credit,2026-09-06,97.28,GBP,success,Airbnb
T00003490,A000230,C000421,EE,checking,2026-09-06,139.38,USD,success,Wolt
T00006022,A000749,C000405,LT,credit,2026-09-06,347.42,USD,success,IKEA
T00008370,A000131,C000280,LT,credit,2026-09-06,161.86,EUR,success,Spotify
T00009368,A000351,C000229,SE,credit,2026-09-06,295.20,GBP,success,Bolt
T00001567,A000038,C000401,SE,checking,2026-09-06,125.40,USD,success,Steam
T00002031,A000038,C000401,SE,checking,2026-09-06,128.88,GBP,success,Airbnb
T00004858,A000131,C000280,LT,credit,2026-09-06,459.58,GBP,failed,Airbnb
T00008558,A000705,C000473,LT,checking,2026-09-06,332.18,USD,success,Steam
T00004349,A000131,C000280,LT,credit,2026-09-06,322.43,GBP,success,Spotify
T00004479,A000612,C000050,EE,checking,2026-09-06,291.76,GBP,success,Spotify
T00000580,A000362,C000043,LT,credit,2026-09-06,267.30,GBP,success,Bolt
T00002051,A000131,C000280,LT,credit,2026-09-06,453.45,GBP,success,Netflix
T00005501,A000227,C000260,SE,credit,2026-09-06,196.84,GBP,success,Spotify
T00009785,A000610,C000255,FI,savings,2026-09-06,417.30,GBP,success,IKEA
T00009356,A000226,C000328,FI,checking,2026-09-06,423.39,EUR,success,Steam
T00008881,A000321,C000194,LV,checking,2026-09-06,153.04,GBP,success,Tesco
T00000912,A000609,C000349,LT,checking,2026-09-06,406.02,GBP,success,Bolt
T00000538,A000707,C000086,SE,savings,2026-09-06,133.74,GBP,success,Steam
T00002354,A000609,C000349,LT,checking,2026-09-06,337.92,USD,success,Steam
T00004064,A000321,C000194,LV,checking,2026-09-06,95.30,EUR,success,IKEA
T00002078,A000708,C000056,LT,savings,2026-09-06,415.21,EUR,success,IKEA
T00009542,A000036,C000448,SE,checking,2026-09-06,387.78,GBP,success,Wolt
T00003753,A000363,C000086,SE,savings,2026-09-06,488.52,EUR,success,Amazon
T00009923,A000367,C000072,FI,credit,2026-09-06,337.24,GBP,success,Amazon
T00007130,A000225,C000298,LT,credit,2026-09-06,276.36,GBP,success,Airbnb
T00007177,A000225,C000298,LT,credit,2026-09-06,340.57,EUR,success,IKEA
T00009313,A000323,C000315,LT,savings,2026-09-06,85.37,GBP,success,Netflix
T00008776,A000323,C000315,LT,savings,2026-09-06,192.38,GBP,success,Spotify
T00000914,A000224,C000064,FI,checking,2026-09-06,410.23,GBP,success,Rimi
T00008051,A000323,C000315,LT,savings,2026-09-06,198.77,USD,success,Airbnb
T00008131,A000608,C000210,LV,savings,2026-09-06,493.88,GBP,success,IKEA
T00003262,A000224,C000064,FI,checking,2026-09-06,3.38,EUR,success,Steam
T00008106,A000416,C000309,EE,savings,2026-09-06,61.19,GBP,success,Bolt
T00006319,A000515,C000056,LT,credit,2026-09-06,316.81,EUR,success,Wolt
T00004339,A000034,C000300,LT,savings,2026-09-06,324.46,EUR,success,Tesco
T00006411,A000711,C000414,LT,credit,2026-09-06,292.20,USD,success,Netflix
T00000240,A000000,C000276,LT,credit,2026-09-06,409.53,USD,success,Rimi
T00004124,A000186,C000047,LT,savings,2026-09-06,395.54,USD,success,IKEA
T00007217,A000566,C000056,LT,checking,2026-09-06,279.20,EUR,success,Netflix
T00006702,A000324,C000281,EE,credit,2026-09-06,355.50,GBP,failed,Spotify
T00008132,A000414,C000427,SE,credit,2026-09-06,197.44,EUR,success,Rimi
T00001376,A000606,C000317,EE,checking,2026-09-06,77.58,USD,success,Rimi
T00004548,A000223,C000070,LV,savings,2026-09-06,269.72,GBP,success,IKEA
T00006580,A000369,C000387,LV,savings,2026-09-06,44.94,USD,success,Netflix
T00006451,A000356,C000072,FI,credit,2026-09-06,267.46,EUR,success,Wolt
T00006897,A000222,C000118,LT,savings,2026-09-06,202.72,USD,success,Amazon
T00008448,A000342,C000084,LT,credit,2026-09-06,176.58,USD,success,Bolt
T00002065,A000517,C000338,SE,credit,2026-09-06,264.50,GBP,success,Steam
T00005725,A000518,C000399,SE,savings,2026-09-06,337.83,USD,success,Amazon
T00007213,A000143,C000262,LV,credit,2026-09-06,50.99,USD,success,Steam
T00001470,A000143,C000262,LV,credit,2026-09-06,372.31,GBP,success,Wolt
T00000225,A000518,C000399,SE,savings,2026-09-06,235.67,USD,success,Netflix
T00009635,A000718,C000265,FI,checking,2026-09-06,438.87,EUR,success,IKEA
T00005975,A000145,C000160,LT,credit,2026-09-06,420.95,GBP,failed,Steam
T00003188,A000377,C000499,FI,savings,2026-09-06,249.11,GBP,success,Netflix
T00009038,A000519,C000019,FI,checking,2026-09-06,453.97,USD,success,Tesco
T00004771,A000718,C000265,FI,checking,2026-09-06,436.88,USD,success,Spotify
T00001305,A000406,C000263,EE,checking,2026-09-06,317.84,USD,success,Bolt
T00004189,A000145,C000160,LT,credit,2026-09-06,179.47,GBP,success,Spotify
T00008087,A000331,C000314,FI,credit,2026-09-06,117.92,USD,success,Bolt
T00005320,A000719,C000481,EE,savings,2026-09-06,386.63,EUR,success,Rimi
T00004888,A000520,C000489,EE,checking,2026-09-06,160.65,EUR,failed,Spotify
T00002124,A000381,C000074,LT,credit,2026-09-06,484.36,GBP,success,Rimi
T00007540,A000406,C000263,EE,checking,2026-09-06,318.57,GBP,success,Amazon
T00009452,A000552,C000492,FI,checking,2026-09-06,167.14,EUR,success,Spotify
T00004429,A000405,C000020,LV,savings,2026-09-06,318.39,USD,success,Wolt
T00006275,A000219,C000234,LV,savings,2026-09-06,155.61,USD,success,Wolt
T00009964,A000219,C000234,LV,savings,2026-09-06,179.17,GBP,success,Tesco
T00001782,A000521,C000480,EE,credit,2026-09-06,221.63,GBP,success,Airbnb
T00003677,A000217,C000013,LV,savings,2026-09-06,28.00,USD,success,Wolt
T00000982,A000216,C000226,SE,credit,2026-09-06,19.50,USD,success,Spotify
T00001830,A000598,C000101,EE,credit,2026-09-06,499.42,USD,success,Netflix
T00006619,A000722,C000046,LV,credit,2026-09-06,25.24,USD,failed,Netflix
T00008485,A000568,C000300,LT,checking,2026-09-06,340.99,GBP,success,Bolt
T00000862,A000542,C000087,FI,credit,2026-09-06,399.56,EUR,success,Airbnb
T00001668,A000332,C000225,FI,checking,2026-09-06,473.16,USD,success,Wolt
T00008745,A000147,C000484,SE,credit,2026-09-06,338.89,EUR,success,Spotify
T00005998,A000525,C000353,SE,savings,2026-09-06,432.81,EUR,pending,Bolt
T00006762,A000022,C000343,FI,savings,2026-09-06,40.81,GBP,success,Spotify
T00003043,A000525,C000353,SE,savings,2026-09-06,140.45,USD,success,Amazon
T00007245,A000148,C000078,FI,savings,2026-09-06,482.43,GBP,success,Steam
T00005811,A000021,C000450,LT,credit,2026-09-06,337.16,USD,success,Rimi
T00007325,A000167,C000094,SE,checking,2026-09-06,46.06,GBP,success,Wolt
T00009394,A000725,C000408,LT,credit,2026-09-06,292.73,GBP,success,Bolt
T00009179,A000021,C000450,LT,credit,2026-09-06,341.15,USD,success,Netflix
T00007504,A000597,C000361,EE,savings,2026-09-06,40.89,GBP,success,Spotify
T00004493,A000020,C000063,EE,credit,2026-09-06,94.42,EUR,success,Bolt
T00009053,A000596,C000113,LV,checking,2026-09-06,94.60,USD,success,Wolt
T00006377,A000213,C000462,SE,checking,2026-09-06,78.27,EUR,success,Wolt
T00001209,A000400,C000152,FI,savings,2026-09-06,399.90,GBP,success,Netflix
T00000022,A000377,C000499,FI,savings,2026-09-06,493.95,USD,failed,Netflix
T00005816,A000018,C000059,LT,credit,2026-09-06,6.76,USD,success,Amazon
T00007952,A000018,C000059,LT,credit,2026-09-06,20.15,USD,success,Netflix
T00001444,A000576,C000207,LT,credit,2026-09-06,436.98,GBP,success,Amazon
T00008941,A000594,C000172,LV,checking,2026-09-06,311.48,USD,success,Amazon
T00003148,A000003,C000098,FI,savings,2026-09-06,115.98,EUR,success,Tesco
T00001700,A000211,C000349,LT,checking,2026-09-06,89.95,USD,success,Tesco
T00006456,A000151,C000165,LT,credit,2026-09-06,243.86,GBP,success,Wolt
T00007487,A000569,C000368,EE,checking,2026-09-06,392.08,USD,success,Amazon
T00001985,A000210,C000144,FI,savings,2026-09-06,183.29,GBP,success,IKEA
T00009153,A000017,C000304,SE,savings,2026-09-06,372.54,EUR,success,Rimi
T00000189,A000366,C000326,FI,checking,2026-09-06,343.02,GBP,success,Wolt
T00009906,A000210,C000144,FI,savings,2026-09-06,367.50,GBP,success,Amazon
T00004208,A000337,C000239,LV,credit,2026-09-06,117.10,USD,success,Netflix
T00002702,A000337,C000239,LV,credit,2026-09-06,351.77,USD,success,Amazon
T00007506,A000731,C000068,FI,checking,2026-09-06,225.80,GBP,success,Netflix
T00009587,A000590,C000439,LV,credit,2026-09-06,177.06,GBP,failed,Tesco
T00008535,A000172,C000459,LT,checking,2026-09-06,186.53,EUR,success,Netflix
T00004244,A000731,C000068,FI,checking,2026-09-06,207.75,USD,success,Spotify
T00000217,A000589,C000261,EE,checking,2026-09-06,199.83,USD,success,Amazon
T00002168,A000014,C000402,LT,checking,2026-09-06,443.38,EUR,success,Steam
T00001166,A000589,C000261,EE,checking,2026-09-06,205.37,EUR,success,Wolt
T00008915,A000356,C000072,FI,credit,2026-09-06,144.22,EUR,success,IKEA
T00005710,A000533,C000320,SE,credit,2026-09-06,132.59,USD,success,Netflix
T00007335,A000732,C000382,LT,credit,2026-09-06,456.06,EUR,success,Tesco
T00008236,A000153,C000357,FI,savings,2026-09-06,82.68,GBP,success,Wolt
T00008207,A000534,C000396,SE,checking,2026-09-06,250.46,GBP,success,Spotify
T00004706,A000339,C000345,EE,credit,2026-09-06,131.40,USD,success,Spotify
T00002584,A000534,C000396,SE,checking,2026-09-06,479.45,GBP,success,Netflix
T00001021,A000748,C000148,LV,credit,2026-09-06,210.34,GBP,success,Netflix
T00000088,A000352,C000252,FI,credit,2026-09-06,129.64,EUR,success,Steam
T00002151,A000156,C000351,EE,credit,2026-09-06,84.75,USD,success,Tesco
T00001065,A000156,C000351,EE,credit,2026-09-06,89.63,EUR,success,Spotify
T00005586,A000196,C000326,FI,credit,2026-09-06,333.07,GBP,pending,Spotify
T00004500,A000011,C000150,FI,credit,2026-09-06,268.11,USD,success,IKEA
T00001448,A000080,C000362,FI,credit,2026-09-06,499.71,EUR,success,Tesco
T00008974,A000274,C000133,EE,checking,2026-09-06,490.65,GBP,success,Tesco
T00003901,A000656,C000491,EE,savings,2026-09-06,51.18,USD,success,Tesco
T00007929,A000659,C000129,SE,savings,2026-09-06,466.81,GBP,success,Tesco
T00006431,A000279,C000246,EE,credit,2026-09-06,48.83,EUR,success,Amazon
T00005108,A000659,C000129,SE,savings,2026-09-06,215.72,EUR,success,Airbnb
T00000363,A000659,C000129,SE,savings,2026-09-06,439.47,USD,success,Wolt
T00007872,A000085,C000276,LT,credit,2026-09-06,330.66,USD,success,Amazon
T00005749,A000655,C000309,EE,credit,2026-09-06,412.42,USD,success,Wolt
T00008958,A000460,C000414,LT,credit,2026-09-06,485.43,GBP,success,Bolt
T00009295,A000460,C000414,LT,credit,2026-09-06,108.32,GBP,success,Steam
T00006851,A000655,C000309,EE,credit,2026-09-06,305.54,USD,success,Airbnb
T00002233,A000459,C000297,LV,savings,2026-09-06,306.49,USD,success,Tesco
T00008296,A000459,C000297,LV,savings,2026-09-06,479.85,EUR,success,Airbnb
T00009897,A000341,C000004,LT,credit,2026-09-06,268.53,USD,success,Wolt
T00002275,A000585,C000363,LT,checking,2026-09-06,241.64,GBP,success,Tesco
T00003317,A000205,C000172,LV,savings,2026-09-06,54.01,EUR,success,Wolt
T00000229,A000458,C000037,EE,checking,2026-09-06,362.70,GBP,success,Rimi
T00005777,A000458,C000037,EE,checking,2026-09-06,330.76,USD,success,Steam
T00001090,A000075,C000184,EE,savings,2026-09-06,245.69,USD,success,Steam
T00000165,A000663,C000161,EE,savings,2026-09-06,493.52,GBP,success,Tesco
T00006504,A000087,C000270,FI,credit,2026-09-06,384.83,USD,success,Bolt
T00007149,A000282,C000168,EE,savings,2026-09-06,25.04,USD,success,Amazon
T00000269,A000074,C000212,LV,savings,2026-09-06,186.70,USD,success,Tesco
T00009658,A000386,C000071,LV,credit,2026-09-06,276.10,USD,success,IKEA
T00007181,A000653,C000000,FI,checking,2026-09-06,337.73,GBP,success,Amazon
T00008716,A000390,C000024,LV,savings,2026-09-06,83.72,USD,success,Steam
T00006217,A000088,C000497,EE,credit,2026-09-06,251.51,GBP,success,Wolt
T00004385,A000283,C000443,SE,checking,2026-09-06,111.28,GBP,success,IKEA
T00003847,A000283,C000443,SE,checking,2026-09-06,328.73,GBP,success,Tesco
T00002685,A000071,C000374,SE,checking,2026-09-06,290.76,GBP,success,Bolt
T00009382,A000455,C000060,EE,checking,2026-09-06,73.56,USD,success,Spotify
T00007295,A000268,C000213,SE,checking,2026-09-06,96.55,GBP,success,IKEA
T00001286,A000267,C000353,SE,credit,2026-09-06,318.15,EUR,success,Steam
T00004769,A000471,C000403,EE,savings,2026-09-06,350.69,GBP,failed,Amazon
T00003811,A000091,C000293,SE,savings,2026-09-06,477.83,USD,success,Steam
T00008874,A000585,C000363,LT,checking,2026-09-06,129.46,GBP,success,Rimi
T00002873,A000069,C000483,SE,checking,2026-09-06,237.95,GBP,success,Airbnb
T00007845,A000649,C000249,LV,credit,2026-09-06,279.15,GBP,success,Rimi
T00005253,A000069,C000483,SE,checking,2026-09-06,315.37,GBP,pending,Amazon
T00005430,A000473,C000270,FI,savings,2026-09-06,420.40,GBP,success,Rimi
T00001161,A000143,C000262,LV,credit,2026-09-05,176.10,GBP,success,Rimi
T00003992,A000367,C000072,FI,credit,2026-09-05,374.93,GBP,success,Wolt
T00001038,A000454,C000061,EE,credit,2026-09-05,356.04,USD,success,Rimi
T00001025,A000394,C000070,LV,savings,2026-09-05,136.48,USD,success,Bolt
T00003965,A000489,C000343,FI,checking,2026-09-05,454.71,USD,failed,Steam
T00004737,A000005,C000328,FI,savings,2026-09-05,385.36,GBP,success,IKEA
T00004538,A000474,C000282,FI,credit,2026-09-05,38.38,GBP,success,Spotify
T00001290,A000057,C000458,EE,credit,2026-09-05,95.12,EUR,success,Airbnb
T00009829,A000208,C000189,FI,savings,2026-09-05,357.76,USD,success,Bolt
T00004129,A000441,C000205,SE,checking,2026-09-05,422.75,USD,success,Rimi
T00001162,A000683,C000361,EE,checking,2026-09-05,52.84,EUR,success,Netflix
T00005829,A000155,C000467,SE,savings,2026-09-05,394.53,EUR,success,Tesco
T00004801,A000059,C000415,SE,credit,2026-09-05,172.40,EUR,success,Wolt
T00000254,A000284,C000109,SE,checking,2026-09-05,239.12,USD,success,Airbnb
T00007688,A000643,C000277,FI,credit,2026-09-05,345.48,GBP,success,Steam
T00006447,A000454,C000061,EE,credit,2026-09-05,450.68,EUR,success,Steam
T00004033,A000364,C000196,LT,credit,2026-09-05,319.00,USD,success,Rimi
T00007158,A000098,C000234,LV,credit,2026-09-05,223.90,EUR,failed,Tesco
T00004753,A000538,C000280,LT,credit,2026-09-05,354.21,GBP,success,Tesco
T00007822,A000109,C000371,EE,savings,2026-09-05,234.05,EUR,success,Amazon
T00002484,A000672,C000029,SE,credit,2026-09-05,189.07,GBP,success,Wolt
T00008338,A000298,C000073,LV,savings,2026-09-05,364.30,EUR,success,IKEA
T00001445,A000091,C000293,SE,savings,2026-09-05,448.37,USD,failed,Wolt
T00005803,A000444,C000427,SE,checking,2026-09-05,146.09,EUR,success,Amazon
T00003954,A000001,C000399,SE,savings,2026-09-05,249.18,EUR,success,Airbnb
T00006643,A000107,C000069,LT,credit,2026-09-05,72.80,GBP,success,Steam
T00002320,A000486,C000307,FI,credit,2026-09-05,295.97,USD,success,Spotify
T00009532,A000509,C000165,LT,checking,2026-09-05,384.04,EUR,success,Airbnb
T00000685,A000362,C000043,LT,credit,2026-09-05,391.30,USD,failed,Spotify
T00004148,A000230,C000421,EE,checking,2026-09-05,85.37,EUR,success,IKEA
T00004955,A000261,C000279,LT,credit,2026-09-05,73.30,USD,success,IKEA
T00009007,A000659,C000129,SE,savings,2026-09-05,424.22,GBP,success,Tesco
T00001238,A000420,C000121,LV,checking,2026-09-05,178.84,USD,success,Wolt
T00009686,A000704,C000025,FI,savings,2026-09-05,102.74,EUR,success,Netflix
T00004212,A000445,C000173,LV,savings,2026-09-05,364.43,GBP,success,Tesco
T00009087,A000509,C000165,LT,checking,2026-09-05,232.82,USD,success,Spotify
T00005068,A000346,C000133,EE,checking,2026-09-05,346.71,GBP,success,Bolt
T00006919,A000615,C000249,LV,credit,2026-09-05,81.76,GBP,success,Rimi
T00003270,A000232,C000127,LT,credit,2026-09-05,82.49,EUR,success,Wolt
T00002324,A000097,C000291,LT,savings,2026-09-05,318.50,GBP,success,Tesco
T00003371,A000452,C000051,FI,checking,2026-09-05,183.41,USD,success,IKEA
T00007493,A000262,C000116,LV,checking,2026-09-05,402.48,EUR,success,Rimi
T00000981,A000357,C000249,LV,savings,2026-09-05,8.90,EUR,success,Airbnb
T00009057,A000461,C000430,LV,savings,2026-09-05,175.62,USD,success,IKEA
T00007427,A000038,C000401,SE,checking,2026-09-05,27.49,USD,success,Spotify
T00008552,A000038,C000401,SE,checking,2026-09-05,313.07,GBP,success,Wolt
T00007027,A000296,C000361,EE,credit,2026-09-05,277.42,USD,success,Airbnb
T00002958,A000286,C000310,SE,checking,2026-09-05,453.46,GBP,failed,Wolt
T00008230,A000042,C000411,FI,savings,2026-09-05,307.78,USD,success,Airbnb
T00006110,A000042,C000411,FI,savings,2026-09-05,438.64,EUR,success,Bolt
T00001589,A000423,C000138,FI,credit,2026-09-05,69.98,USD,success,Amazon
T00006880,A000314,C000099,LV,credit,2026-09-05,158.58,GBP,success,Spotify
T00009155,A000580,C000036,LV,credit,2026-09-05,176.29,GBP,success,Rimi
T00005147,A000273,C000223,EE,credit,2026-09-05,188.21,EUR,success,Wolt
T00003322,A000133,C000260,SE,checking,2026-09-05,356.49,USD,success,Bolt
T00008855,A000044,C000294,EE,checking,2026-09-05,180.23,EUR,success,Steam
T00009953,A000699,C000034,EE,savings,2026-09-05,21.82,GBP,success,Spotify
T00009113,A000320,C000197,LT,savings,2026-09-05,137.41,USD,success,Wolt
T00003585,A000617,C000304,SE,savings,2026-09-05,492.20,USD,success,Spotify
T00002843,A000617,C000304,SE,savings,2026-09-05,185.28,GBP,success,Airbnb
T00004982,A000045,C000130,EE,savings,2026-09-05,26.87,EUR,success,Rimi
T00005138,A000707,C000086,SE,savings,2026-09-05,275.72,USD,success,Airbnb
T00007537,A000698,C000387,LV,credit,2026-09-05,111.46,GBP,success,Airbnb
T00005850,A000171,C000034,EE,checking,2026-09-05,348.34,USD,success,Airbnb
T00002294,A000096,C000245,LV,savings,2026-09-05,2.80,EUR,success,Netflix
T00008104,A000656,C000491,EE,savings,2026-09-05,472.59,EUR,failed,IKEA
T00006276,A000453,C000330,LV,savings,2026-09-05,379.57,GBP,success,Bolt
T00006334,A000185,C000188,EE,credit,2026-09-05,279.24,EUR,pending,Wolt
T00007712,A000036,C000448,SE,checking,2026-09-05,310.37,USD,success,Steam
T00002487,A000345,C000257,EE,credit,2026-09-05,470.25,GBP,success,Steam
T00009754,A000226,C000328,FI,checking,2026-09-05,195.49,GBP,success,Amazon
T00000836,A000106,C000251,LV,credit,2026-09-05,46.48,EUR,success,Rimi
T00003083,A000460,C000414,LT,credit,2026-09-05,268.06,USD,success,Airbnb
T00001942,A000350,C000344,EE,savings,2026-09-05,494.51,GBP,success,Netflix
T00002057,A000362,C000043,LT,credit,2026-09-05,368.48,EUR,success,IKEA
T00005611,A000466,C000496,SE,credit,2026-09-05,312.49,EUR,success,Airbnb
T00001175,A000321,C000194,LV,checking,2026-09-05,187.89,USD,success,Bolt
T00006784,A000609,C000349,LT,checking,2026-09-05,90.30,EUR,success,Steam
T00005020,A000136,C000042,SE,savings,2026-09-05,335.40,EUR,success,Bolt
T00003246,A000476,C000031,LV,checking,2026-09-05,478.48,USD,success,Bolt
T00007420,A000137,C000007,FI,credit,2026-09-05,354.29,GBP,success,Wolt
T00009650,A000452,C000051,FI,checking,2026-09-05,11.80,USD,success,Netflix
T00006284,A000035,C000221,FI,credit,2026-09-05,289.56,EUR,success,Tesco
T00005786,A000649,C000249,LV,credit,2026-09-05,423.81,GBP,success,Bolt
T00000502,A000295,C000244,SE,checking,2026-09-05,314.05,GBP,success,Spotify
T00008774,A000252,C000486,FI,checking,2026-09-05,397.85,USD,success,Amazon
T00007724,A000697,C000381,LT,checking,2026-09-05,344.11,USD,failed,Amazon
T00002872,A000459,C000297,LV,savings,2026-09-05,408.71,EUR,failed,IKEA
T00004631,A000295,C000244,SE,checking,2026-09-05,192.00,EUR,success,Airbnb
T00009732,A000416,C000309,EE,savings,2026-09-05,240.64,GBP,success,Tesco
T00005891,A000376,C000281,EE,credit,2026-09-05,118.27,USD,success,Netflix
T00002197,A000092,C000134,FI,checking,2026-09-05,353.42,GBP,success,Tesco
T00004401,A000515,C000056,LT,credit,2026-09-05,152.96,USD,success,Wolt
T00008056,A000185,C000188,EE,credit,2026-09-05,319.08,USD,success,Airbnb
T00006013,A000106,C000251,LV,credit,2026-09-05,168.42,USD,success,Spotify
T00005832,A000503,C000120,SE,savings,2026-09-05,262.72,USD,success,Spotify
T00008333,A000324,C000281,EE,credit,2026-09-05,188.82,EUR,success,IKEA
T00006683,A000077,C000100,LT,savings,2026-09-05,468.48,EUR,success,Wolt
T00009693,A000049,C000140,LT,savings,2026-09-05,196.22,USD,success,Netflix
T00006693,A000566,C000056,LT,checking,2026-09-05,498.91,USD,success,Spotify
T00003693,A000618,C000434,LT,credit,2026-09-05,490.71,USD,success,Bolt
T00005016,A000414,C000427,SE,credit,2026-09-05,313.17,USD,success,Steam
T00007173,A000713,C000354,EE,checking,2026-09-05,20.76,EUR,success,Tesco
T00006446,A000106,C000251,LV,credit,2026-09-05,315.86,USD,success,Airbnb
T00003618,A000186,C000047,LT,savings,2026-09-05,368.51,EUR,success,IKEA
T00002265,A000069,C000483,SE,checking,2026-09-05,125.47,EUR,success,IKEA
T00005549,A000184,C000266,LV,savings,2026-09-05,441.28,EUR,success,Spotify
T00001002,A000544,C000081,SE,checking,2026-09-05,131.55,GBP,success,Amazon
T00003360,A000619,C000216,LV,checking,2026-09-05,114.89,EUR,success,Rimi
T00005950,A000606,C000317,EE,checking,2026-09-05,379.40,GBP,success,Airbnb
T00000378,A000236,C000132,EE,credit,2026-09-05,288.02,USD,success,Netflix
T00002954,A000325,C000142,FI,savings,2026-09-05,370.52,GBP,success,Airbnb
T00006496,A000106,C000251,LV,credit,2026-09-05,373.12,EUR,success,IKEA
T00004227,A000380,C000362,FI,savings,2026-09-05,276.77,USD,success,Airbnb
T00009615,A000223,C000070,LV,savings,2026-09-05,430.14,EUR,success,Tesco
T00008403,A000160,C000003,LT,credit,2026-09-05,116.26,GBP,success,Amazon
T00004362,A000714,C000017,FI,checking,2026-09-05,269.95,USD,success,Rimi
T00004254,A000428,C000475,FI,savings,2026-09-05,16.31,GBP,success,IKEA
T00006206,A000605,C000109,SE,credit,2026-09-05,201.95,USD,success,Netflix
T00007730,A000411,C000064,FI,savings,2026-09-05,496.47,GBP,pending,Netflix
T00002920,A000635,C000490,SE,credit,2026-09-05,478.31,GBP,pending,Airbnb
T00004703,A000367,C000072,FI,credit,2026-09-05,147.22,EUR,success,Rimi
T00009337,A000694,C000354,EE,checking,2026-09-05,291.48,USD,success,Tesco
T00005507,A000293,C000232,SE,checking,2026-09-05,125.62,USD,success,Airbnb
T00003333,A000120,C000295,EE,savings,2026-09-05,347.71,GBP,pending,Steam
T00007059,A000221,C000452,SE,savings,2026-09-05,411.63,EUR,success,Steam
T00005383,A000327,C000169,LV,savings,2026-09-05,206.80,EUR,failed,Rimi
T00005436,A000177,C000115,FI,savings,2026-09-05,109.26,USD,success,Tesco
T00000386,A000253,C000193,EE,credit,2026-09-05,171.92,EUR,success,Steam
T00003324,A000458,C000037,EE,checking,2026-09-05,293.31,USD,success,Steam
T00009596,A000329,C000078,FI,credit,2026-09-05,110.28,USD,failed,Airbnb
T00005606,A000407,C000145,LV,savings,2026-09-05,16.13,USD,success,Spotify
T00008581,A000144,C000358,EE,credit,2026-09-05,145.25,USD,success,Tesco
T00005818,A000144,C000358,EE,credit,2026-09-05,458.22,USD,success,Amazon
T00009777,A000579,C000328,FI,savings,2026-09-05,282.03,GBP,success,IKEA
T00006772,A000407,C000145,LV,savings,2026-09-05,140.74,GBP,success,Amazon
T00005640,A000678,C000325,LT,savings,2026-09-05,97.35,EUR,success,Rimi
T00005083,A000330,C000365,FI,savings,2026-09-05,331.02,GBP,success,Amazon
T00009309,A000119,C000064,FI,savings,2026-09-05,138.57,USD,success,Tesco
T00009784,A000602,C000014,LV,credit,2026-09-05,176.80,USD,success,Airbnb
T00009251,A000718,C000265,FI,checking,2026-09-05,229.89,USD,success,Tesco
T00005368,A000558,C000225,FI,credit,2026-09-05,348.58,GBP,failed,Tesco
T00004494,A000181,C000329,FI,checking,2026-09-05,305.43,EUR,success,Wolt
T00000932,A000663,C000161,EE,savings,2026-09-05,98.38,USD,success,Spotify
T00007278,A000310,C000371,EE,savings,2026-09-05,210.29,GBP,success,Airbnb
T00004698,A000670,C000429,SE,savings,2026-09-05,448.27,EUR,success,Tesco
T00008034,A000027,C000101,EE,checking,2026-09-05,224.08,GBP,success,Amazon
T00000507,A000718,C000265,FI,checking,2026-09-05,255.21,GBP,success,IKEA
T00003816,A000519,C000019,FI,checking,2026-09-05,494.41,GBP,success,Rimi
T00003478,A000330,C000365,FI,savings,2026-09-05,343.37,USD,success,Steam
T00007553,A000293,C000232,SE,checking,2026-09-05,467.71,USD,success,Spotify
T00002358,A000330,C000365,FI,savings,2026-09-05,310.21,EUR,success,Wolt
T00005797,A000220,C000240,LV,credit,2026-09-05,478.77,GBP,success,IKEA
T00004274,A000271,C000436,LT,savings,2026-09-05,347.80,USD,success,Rimi
T00007516,A000254,C000118,LT,savings,2026-09-05,34.68,GBP,success,Spotify
T00007296,A000220,C000240,LV,credit,2026-09-05,391.04,USD,success,Wolt
T00001725,A000670,C000429,SE,savings,2026-09-05,253.36,EUR,success,Airbnb
T00004025,A000050,C000449,FI,checking,2026-09-05,329.17,GBP,success,Bolt
T00003963,A000578,C000404,LT,checking,2026-09-05,325.40,GBP,success,Airbnb
T00003012,A000719,C000481,EE,savings,2026-09-05,302.87,EUR,success,Rimi
T00008337,A000601,C000412,EE,savings,2026-09-05,105.14,EUR,success,Wolt
T00000705,A000062,C000023,FI,credit,2026-09-05,355.54,USD,success,Spotify
T00009961,A000119,C000064,FI,savings,2026-09-05,415.48,GBP,failed,Tesco
T00001371,A000025,C000265,FI,checking,2026-09-05,362.02,EUR,success,Amazon
T00009717,A000560,C000250,LT,credit,2026-09-05,106.96,EUR,success,Airbnb
T00005743,A000574,C000237,EE,savings,2026-09-05,262.02,EUR,success,Netflix
T00006031,A000198,C000225,FI,savings,2026-09-05,399.04,USD,success,Tesco
T00006805,A000458,C000037,EE,checking,2026-09-05,491.20,EUR,failed,Airbnb
T00005094,A000341,C000004,LT,credit,2026-09-05,89.46,EUR,success,Steam
T00000707,A000145,C000160,LT,credit,2026-09-05,445.88,EUR,success,Wolt
T00005169,A000219,C000234,LV,savings,2026-09-05,267.66,USD,success,IKEA
T00009960,A000499,C000337,EE,savings,2026-09-05,163.43,GBP,success,Rimi
T00004520,A000692,C000268,LT,credit,2026-09-05,224.11,EUR,success,Wolt
T00002147,A000270,C000473,LT,checking,2026-09-05,30.11,EUR,success,Amazon
T00004920,A000181,C000329,FI,checking,2026-09-05,486.13,EUR,success,IKEA
T00004935,A000692,C000268,LT,credit,2026-09-05,67.04,GBP,success,Airbnb
T00003948,A000270,C000473,LT,checking,2026-09-05,262.75,EUR,success,Rimi
T00000761,A000117,C000141,SE,savings,2026-09-05,101.56,EUR,success,Spotify
T00009085,A000673,C000446,LV,savings,2026-09-05,359.26,USD,success,Steam
T00008438,A000692,C000268,LT,credit,2026-09-05,86.42,GBP,success,Spotify
T00007628,A000164,C000015,LT,savings,2026-09-05,277.54,EUR,success,Airbnb
T00002833,A000721,C000105,FI,credit,2026-09-05,51.88,USD,success,Wolt
T00004900,A000374,C000046,LV,savings,2026-09-05,101.49,USD,success,Amazon
T00007887,A000525,C000353,SE,savings,2026-09-05,394.13,USD,success,Netflix
T00009068,A000195,C000096,FI,checking,2026-09-05,486.91,EUR,success,IKEA
T00000490,A000092,C000134,FI,checking,2026-09-05,405.61,EUR,success,Spotify
T00009123,A000103,C000060,EE,checking,2026-09-05,483.85,GBP,success,Wolt
T00007422,A000332,C000225,FI,checking,2026-09-05,331.07,EUR,success,Rimi
T00004586,A000722,C000046,LV,credit,2026-09-05,375.76,GBP,failed,Spotify
T00008660,A000023,C000204,SE,credit,2026-09-05,37.86,GBP,success,Wolt
T00003721,A000457,C000442,LV,checking,2026-09-05,461.80,EUR,success,Wolt
T00000614,A000648,C000165,LT,savings,2026-09-05,52.05,USD,success,IKEA
T00006723,A000539,C000043,LT,checking,2026-09-05,82.85,USD,success,Netflix
T00008654,A000431,C000230,FI,savings,2026-09-05,22.72,GBP,success,Netflix
T00005080,A000625,C000311,EE,savings,2026-09-05,328.04,USD,success,Rimi
T00000952,A000736,C000339,SE,checking,2026-09-05,438.56,EUR,success,Tesco
T00005568,A000689,C000426,LT,credit,2026-09-05,166.71,EUR,success,Rimi
T00007738,A000306,C000228,LT,savings,2026-09-05,210.54,USD,success,Rimi
T00007937,A000469,C000254,FI,savings,2026-09-05,138.77,GBP,success,Spotify
T00002752,A000168,C000101,EE,checking,2026-09-05,269.37,USD,success,Amazon
T00005259,A000215,C000320,SE,checking,2026-09-05,476.20,GBP,success,Bolt
T00000837,A000147,C000484,SE,credit,2026-09-05,365.17,GBP,success,Spotify
T00003898,A000256,C000023,FI,checking,2026-09-05,420.41,EUR,pending,Wolt
T00005734,A000215,C000320,SE,checking,2026-09-05,367.64,USD,success,Spotify
T00009517,A000543,C000304,SE,credit,2026-09-05,483.98,EUR,pending,Amazon
T00002032,A000052,C000459,LT,checking,2026-09-05,270.48,GBP,success,Netflix
T00002199,A000638,C000085,LV,savings,2026-09-05,118.55,USD,success,Steam
T00001756,A000434,C000015,LT,credit,2026-09-05,10.25,EUR,success,Amazon
T00000517,A000287,C000173,LV,checking,2026-09-05,377.50,USD,success,Airbnb
T00006120,A000215,C000320,SE,checking,2026-09-05,156.75,EUR,success,Steam
T00003254,A000188,C000216,LV,savings,2026-09-05,126.50,GBP,success,Netflix
T00001760,A000724,C000411,FI,savings,2026-09-05,469.94,USD,failed,Tesco
T00003752,A000282,C000168,EE,savings,2026-09-05,30.57,GBP,success,IKEA
T00001126,A000180,C000163,LV,credit,2026-09-05,347.95,GBP,success,Steam
T00008888,A000495,C000483,SE,checking,2026-09-05,58.26,GBP,success,Rimi
T00005635,A000089,C000320,SE,credit,2026-09-05,117.44,EUR,success,Amazon
T00004583,A000333,C000075,EE,checking,2026-09-05,260.58,USD,failed,IKEA
T00009725,A000149,C000211,FI,savings,2026-09-05,143.57,GBP,success,IKEA
T00006037,A000020,C000063,EE,credit,2026-09-05,405.16,GBP,failed,Steam
T00002326,A000245,C000241,LT,savings,2026-09-05,87.26,GBP,success,Netflix
T00008253,A000526,C000175,SE,credit,2026-09-05,394.93,EUR,success,Amazon
T00009298,A000115,C000015,LT,checking,2026-09-05,144.70,USD,success,Rimi
T00003409,A000387,C000493,FI,checking,2026-09-05,451.05,EUR,success,Tesco
T00003011,A000305,C000126,FI,checking,2026-09-05,295.16,USD,failed,Airbnb
T00004827,A000494,C000248,FI,savings,2026-09-05,262.69,USD,success,Steam
T00004600,A000726,C000399,SE,checking,2026-09-05,292.82,USD,success,Steam
T00001155,A000526,C000175,SE,credit,2026-09-05,420.49,USD,success,Steam
T00006664,A000436,C000456,LT,checking,2026-09-05,53.95,USD,success,Bolt
T00005746,A000437,C000083,LV,checking,2026-09-05,424.32,USD,success,Spotify
T00003917,A000172,C000459,LT,checking,2026-09-05,53.22,GBP,success,Airbnb
T00008117,A000596,C000113,LV,checking,2026-09-05,431.53,GBP,success,IKEA
T00004653,A000627,C000022,LV,credit,2026-09-05,392.06,EUR,success,Amazon
T00007016,A000270,C000473,LT,checking,2026-09-05,397.43,EUR,success,IKEA
T00004908,A000438,C000298,LT,credit,2026-09-05,331.24,EUR,success,Steam
T00002129,A000627,C000022,LV,credit,2026-09-05,219.90,GBP,success,Rimi
T00006708,A000283,C000443,SE,checking,2026-09-05,111.20,USD,success,Steam
T00001720,A000400,C000152,FI,savings,2026-09-05,105.26,GBP,pending,Amazon
T00009045,A000064,C000160,LT,credit,2026-09-05,496.38,GBP,success,Bolt
T00007091,A000246,C000380,FI,checking,2026-09-05,424.22,GBP,success,Airbnb
T00005244,A000400,C000152,FI,savings,2026-09-05,275.08,GBP,success,Netflix
T00006912,A000094,C000467,SE,credit,2026-09-05,133.60,EUR,success,Tesco
T00007098,A000150,C000299,SE,savings,2026-09-05,404.27,GBP,success,Steam
T00009102,A000687,C000441,EE,credit,2026-09-05,369.20,GBP,success,Spotify
T00000797,A000367,C000072,FI,credit,2026-09-05,442.74,USD,success,Steam
T00009484,A000018,C000059,LT,credit,2026-09-05,389.78,EUR,success,Netflix
T00003663,A000746,C000272,EE,savings,2026-09-05,218.50,EUR,success,Amazon
T00004319,A000301,C000312,LT,savings,2026-09-05,48.27,USD,success,Airbnb
T00000677,A000672,C000029,SE,credit,2026-09-05,41.65,USD,success,Spotify
T00008350,A000064,C000160,LT,credit,2026-09-05,248.62,GBP,success,Rimi
T00007071,A000301,C000312,LT,savings,2026-09-05,133.78,USD,success,Wolt
T00007424,A000017,C000304,SE,savings,2026-09-05,237.12,USD,success,Amazon
T00005019,A000491,C000422,EE,credit,2026-09-05,242.93,EUR,failed,Tesco
T00003777,A000455,C000060,EE,checking,2026-09-05,196.53,EUR,success,Airbnb
T00007989,A000337,C000239,LV,credit,2026-09-05,241.01,USD,success,Steam
T00002861,A000055,C000025,FI,credit,2026-09-05,317.68,GBP,success,Netflix
T00006861,A000151,C000165,LT,credit,2026-09-05,225.77,GBP,success,Bolt
T00002144,A000638,C000085,LV,savings,2026-09-05,371.69,USD,success,Bolt
T00001741,A000675,C000482,LT,credit,2026-09-05,208.61,GBP,success,IKEA
T00004815,A000389,C000265,FI,checking,2026-09-05,42.83,EUR,success,Rimi
T00002714,A000090,C000034,EE,checking,2026-09-05,218.01,EUR,success,Spotify
T00007773,A000337,C000239,LV,credit,2026-09-05,115.75,GBP,success,Spotify
T00000271,A000249,C000371,EE,checking,2026-09-05,197.55,USD,success,Steam
T00009105,A000640,C000126,FI,checking,2026-09-05,336.32,GBP,success,Wolt
T00006462,A000290,C000478,LT,savings,2026-09-05,454.77,GBP,success,Wolt
T00000081,A000532,C000168,EE,checking,2026-09-05,297.85,GBP,success,Airbnb
T00005122,A000549,C000103,FI,savings,2026-09-05,459.15,EUR,success,Tesco
T00008037,A000549,C000103,FI,savings,2026-09-05,310.94,GBP,pending,Rimi
T00002315,A000747,C000422,EE,savings,2026-09-05,140.34,GBP,success,Tesco
T00003445,A000640,C000126,FI,checking,2026-09-05,315.89,USD,success,IKEA
T00002603,A000730,C000487,FI,checking,2026-09-05,208.66,USD,success,Bolt
T00003558,A000165,C000061,EE,credit,2026-09-05,470.32,EUR,success,Airbnb
T00000471,A000110,C000266,LV,savings,2026-09-05,449.36,USD,success,Bolt
T00003794,A000590,C000439,LV,credit,2026-09-05,370.76,USD,success,IKEA
T00007742,A000209,C000090,LV,savings,2026-09-05,293.42,USD,success,Rimi
T00008120,A000731,C000068,FI,checking,2026-09-05,355.04,USD,success,Amazon
T00001062,A000396,C000007,FI,credit,2026-09-05,334.03,EUR,success,IKEA
T00006895,A000015,C000110,FI,savings,2026-09-05,397.78,GBP,success,Spotify
T00008878,A000590,C000439,LV,credit,2026-09-05,266.15,USD,success,Airbnb
T00008390,A000651,C000051,FI,credit,2026-09-05,325.51,GBP,success,Airbnb
T00008481,A000480,C000113,LV,checking,2026-09-05,112.28,GBP,success,Spotify
T00004527,A000479,C000350,SE,checking,2026-09-05,36.96,USD,success,Rimi
T00005084,A000098,C000234,LV,credit,2026-09-05,82.00,EUR,success,Rimi
T00003421,A000093,C000126,FI,credit,2026-09-05,479.67,GBP,success,Tesco
T00002774,A000196,C000326,FI,credit,2026-09-05,138.82,USD,success,Tesco
T00000702,A000684,C000150,FI,checking,2026-09-05,279.31,EUR,success,Bolt
T00001739,A000171,C000034,EE,checking,2026-09-05,280.17,USD,success,Airbnb
T00000726,A000093,C000126,FI,credit,2026-09-05,230.77,GBP,success,Airbnb
T00004977,A000386,C000071,LV,credit,2026-09-05,16.43,EUR,success,Amazon
T00007807,A000329,C000078,FI,credit,2026-09-04,327.46,EUR,success,Bolt
T00000646,A000518,C000399,SE,savings,2026-09-04,229.19,GBP,success,Tesco
T00002927,A000019,C000064,FI,credit,2026-09-04,489.30,GBP,success,IKEA
T00005555,A000007,C000101,EE,savings,2026-09-04,2.90,GBP,success,IKEA
T00001279,A000166,C000246,EE,credit,2026-09-04,6.68,EUR,success,Airbnb
T00003664,A000726,C000399,SE,checking,2026-09-04,233.92,GBP,success,Bolt
T00002290,A000162,C000176,LV,checking,2026-09-04,141.18,EUR,success,Spotify
T00001869,A000504,C000449,FI,credit,2026-09-04,172.70,EUR,success,Steam
T00005827,A000459,C000297,LV,savings,2026-09-04,423.56,GBP,success,Netflix
T00008925,A000452,C000051,FI,checking,2026-09-04,384.80,GBP,success,Steam
T00009127,A000407,C000145,LV,savings,2026-09-04,94.43,USD,success,Airbnb
T00000999,A000263,C000149,EE,checking,2026-09-04,207.78,GBP,success,Rimi
T00003667,A000036,C000448,SE,checking,2026-09-04,48.43,GBP,success,Tesco
T00004273,A000034,C000300,LT,savings,2026-09-04,488.62,USD,failed,IKEA
T00009891,A000236,C000132,EE,credit,2026-09-04,199.39,USD,pending,Airbnb
T00007918,A000031,C000014,LV,checking,2026-09-04,80.25,USD,success,Steam
T00004467,A000196,C000326,FI,credit,2026-09-04,121.69,USD,success,Bolt
T00000504,A000469,C000254,FI,savings,2026-09-04,113.11,EUR,success,Rimi
T00003021,A000222,C000118,LT,savings,2026-09-04,113.21,EUR,success,Amazon
T00002989,A000472,C000098,FI,checking,2026-09-04,92.22,USD,success,Netflix
T00005727,A000676,C000363,LT,savings,2026-09-04,27.59,USD,success,Steam
T00003766,A000220,C000240,LV,credit,2026-09-04,95.20,EUR,failed,Amazon
T00004921,A000424,C000383,SE,savings,2026-09-04,370.75,GBP,failed,Airbnb
T00008972,A000557,C000003,LT,savings,2026-09-04,20.10,EUR,success,Netflix
T00005532,A000595,C000231,LT,checking,2026-09-04,91.95,GBP,success,Netflix
T00002120,A000201,C000340,LV,credit,2026-09-04,159.77,GBP,success,Rimi
T00003378,A000179,C000018,LV,credit,2026-09-04,110.79,EUR,success,IKEA
T00002367,A000617,C000304,SE,savings,2026-09-04,365.28,USD,success,Amazon
T00004440,A000050,C000449,FI,checking,2026-09-04,435.46,GBP,success,Rimi
T00004786,A000150,C000299,SE,savings,2026-09-04,246.42,USD,success,Amazon
T00009439,A000310,C000371,EE,savings,2026-09-04,276.49,EUR,success,Amazon
T00000260,A000425,C000418,LV,checking,2026-09-04,5.29,EUR,success,Rimi
T00001731,A000247,C000272,EE,checking,2026-09-04,142.90,EUR,success,Tesco
T00000518,A000566,C000056,LT,checking,2026-09-04,2.16,GBP,success,Wolt
T00006791,A000139,C000420,FI,checking,2026-09-04,176.27,EUR,success,Wolt
T00004854,A000716,C000190,LT,credit,2026-09-04,462.10,USD,pending,Tesco
T00003826,A000355,C000087,FI,credit,2026-09-04,418.57,USD,success,Airbnb
T00008398,A000736,C000339,SE,checking,2026-09-04,480.83,EUR,success,Bolt
T00003295,A000106,C000251,LV,credit,2026-09-04,22.68,USD,success,Wolt
T00004268,A000187,C000279,LT,savings,2026-09-04,82.13,GBP,success,Amazon
T00008000,A000195,C000096,FI,checking,2026-09-04,390.83,USD,success,Amazon
T00002409,A000576,C000207,LT,credit,2026-09-04,352.83,EUR,success,Rimi
T00001017,A000190,C000436,LT,savings,2026-09-04,179.73,EUR,success,IKEA
T00000166,A000211,C000349,LT,checking,2026-09-04,184.68,GBP,success,Amazon
T00009135,A000273,C000223,EE,credit,2026-09-04,36.98,USD,success,Tesco
T00003967,A000444,C000427,SE,checking,2026-09-04,290.23,GBP,success,Wolt
T00002731,A000145,C000160,LT,credit,2026-09-04,323.51,USD,success,Tesco
T00000231,A000486,C000307,FI,credit,2026-09-04,311.66,USD,success,Spotify
T00003957,A000121,C000491,EE,savings,2026-09-04,239.93,EUR,success,IKEA
T00002883,A000600,C000488,FI,savings,2026-09-04,391.55,EUR,success,Rimi
T00009846,A000406,C000263,EE,checking,2026-09-04,495.76,USD,success,Spotify
T00002925,A000600,C000488,FI,savings,2026-09-04,392.49,GBP,failed,Tesco
T00003844,A000629,C000403,EE,checking,2026-09-04,241.47,USD,success,Wolt
T00000779,A000702,C000223,EE,checking,2026-09-04,137.35,GBP,success,Bolt
T00004291,A000421,C000106,SE,checking,2026-09-04,429.39,GBP,success,Steam
T00009011,A000318,C000034,EE,credit,2026-09-04,460.57,GBP,success,Steam
T00006740,A000005,C000328,FI,savings,2026-09-04,473.16,GBP,success,Steam
T00002274,A000658,C000090,LV,credit,2026-09-04,454.67,USD,success,Wolt
T00006095,A000634,C000114,EE,credit,2026-09-04,296.99,GBP,success,Steam
T00008903,A000714,C000017,FI,checking,2026-09-04,106.97,GBP,success,Spotify
T00002382,A000024,C000377,LV,checking,2026-09-04,476.83,USD,failed,Spotify
T00008442,A000182,C000230,FI,checking,2026-09-04,467.36,USD,success,Airbnb
T00007329,A000531,C000441,EE,credit,2026-09-04,454.54,USD,success,Amazon
T00001678,A000429,C000055,SE,checking,2026-09-04,32.24,USD,success,Spotify
T00001363,A000274,C000133,EE,checking,2026-09-04,104.73,USD,success,IKEA
T00009170,A000326,C000219,LV,checking,2026-09-04,67.27,USD,success,Airbnb
T00009225,A000163,C000384,LT,savings,2026-09-04,157.66,USD,pending,Tesco
T00007323,A000024,C000377,LV,checking,2026-09-04,452.09,GBP,success,Bolt
T00009959,A000431,C000230,FI,savings,2026-09-04,302.91,USD,success,Tesco
T00000554,A000414,C000427,SE,credit,2026-09-04,208.27,EUR,success,Bolt
T00007063,A000504,C000449,FI,credit,2026-09-04,53.23,GBP,pending,IKEA
T00004958,A000241,C000297,LV,credit,2026-09-04,73.96,EUR,success,Rimi
T00002375,A000346,C000133,EE,checking,2026-09-04,392.30,EUR,success,Tesco
T00003531,A000006,C000455,LV,checking,2026-09-04,228.74,GBP,success,Amazon
T00000766,A000029,C000223,EE,credit,2026-09-04,217.27,EUR,success,Netflix
T00002408,A000318,C000034,EE,credit,2026-09-04,294.31,GBP,failed,Spotify
T00003655,A000598,C000101,EE,credit,2026-09-04,271.88,EUR,success,Bolt
T00003791,A000565,C000045,FI,credit,2026-09-04,218.97,USD,success,Amazon
T00007077,A000383,C000344,EE,credit,2026-09-04,40.21,GBP,success,Tesco
T00008048,A000205,C000172,LV,savings,2026-09-04,75.81,GBP,success,Bolt
T00002520,A000722,C000046,LV,credit,2026-09-04,138.83,USD,success,Rimi
T00004810,A000163,C000384,LT,savings,2026-09-04,115.97,GBP,success,Rimi
T00000921,A000516,C000047,LT,savings,2026-09-04,59.21,EUR,success,Tesco
T00006011,A000555,C000379,FI,credit,2026-09-04,479.48,USD,success,Spotify
T00006632,A000328,C000142,FI,savings,2026-09-04,51.86,EUR,success,Wolt
T00005802,A000495,C000483,SE,checking,2026-09-04,90.41,EUR,success,Airbnb
T00005951,A000723,C000438,LT,credit,2026-09-04,45.53,EUR,success,Amazon
T00002707,A000612,C000050,EE,checking,2026-09-04,34.82,EUR,failed,Amazon
T00005300,A000188,C000216,LV,savings,2026-09-04,370.84,GBP,success,Netflix
T00007792,A000495,C000483,SE,checking,2026-09-04,185.42,GBP,success,Airbnb
T00004609,A000411,C000064,FI,savings,2026-09-04,62.52,USD,success,Netflix
T00009580,A000559,C000499,FI,checking,2026-09-04,43.06,EUR,success,Netflix
T00004897,A000250,C000373,SE,checking,2026-09-04,20.90,EUR,success,Airbnb
T00008407,A000517,C000338,SE,credit,2026-09-04,59.42,USD,success,Amazon
T00009191,A000292,C000287,LV,savings,2026-09-04,245.45,GBP,success,Amazon
T00009137,A000735,C000056,LT,checking,2026-09-04,273.55,EUR,success,Amazon
T00003801,A000191,C000363,LT,savings,2026-09-04,451.73,USD,success,Amazon
T00004555,A000612,C000050,EE,checking,2026-09-04,441.18,USD,success,Steam
T00003793,A000233,C000072,FI,credit,2026-09-04,233.57,EUR,success,Wolt
T00005580,A000472,C000098,FI,checking,2026-09-04,460.64,USD,success,Netflix
T00006260,A000262,C000116,LV,checking,2026-09-04,163.92,GBP,success,IKEA
T00004357,A000502,C000147,LV,checking,2026-09-04,465.67,USD,success,Rimi
T00001408,A000525,C000353,SE,savings,2026-09-04,29.24,EUR,success,Rimi
T00008621,A000576,C000207,LT,credit,2026-09-04,198.49,GBP,failed,Tesco
T00007293,A000473,C000270,FI,savings,2026-09-04,434.78,GBP,success,Steam
T00003979,A000173,C000233,EE,credit,2026-09-04,66.20,EUR,success,Tesco
T00004119,A000372,C000096,FI,savings,2026-09-04,259.27,GBP,success,Airbnb
T00000548,A000031,C000014,LV,checking,2026-09-04,223.73,USD,success,Steam
T00008254,A000414,C000427,SE,credit,2026-09-04,78.80,EUR,success,Tesco
T00006549,A000148,C000078,FI,savings,2026-09-04,371.56,USD,success,Bolt
T00007148,A000215,C000320,SE,checking,2026-09-04,464.16,USD,success,Wolt
T00005484,A000597,C000361,EE,savings,2026-09-04,279.72,USD,success,Bolt
T00003589,A000416,C000309,EE,savings,2026-09-04,173.83,GBP,success,IKEA
T00003985,A000122,C000235,LT,credit,2026-09-04,308.15,USD,success,Tesco
T00008809,A000021,C000450,LT,credit,2026-09-04,47.14,EUR,success,Rimi
T00003617,A000469,C000254,FI,savings,2026-09-04,286.16,EUR,pending,Bolt
T00007215,A000485,C000457,FI,credit,2026-09-04,338.94,USD,success,Amazon
T00004571,A000088,C000497,EE,credit,2026-09-04,273.45,GBP,failed,Spotify
T00001501,A000200,C000016,LT,credit,2026-09-04,150.11,USD,success,Spotify
T00003755,A000440,C000450,LT,checking,2026-09-04,27.45,GBP,success,IKEA
T00007639,A000548,C000411,FI,credit,2026-09-04,310.40,EUR,failed,Rimi
T00000796,A000223,C000070,LV,savings,2026-09-04,343.78,GBP,success,Wolt
T00000302,A000535,C000342,EE,checking,2026-09-04,397.18,EUR,success,Rimi
T00008775,A000215,C000320,SE,checking,2026-09-04,58.37,GBP,success,Netflix
T00000075,A000325,C000142,FI,savings,2026-09-04,467.25,USD,success,Amazon
T00005480,A000261,C000279,LT,credit,2026-09-04,14.54,USD,success,Bolt
T00001822,A000588,C000392,SE,checking,2026-09-04,414.61,USD,success,Tesco
T00006601,A000736,C000339,SE,checking,2026-09-04,87.99,EUR,success,Airbnb
T00007726,A000643,C000277,FI,credit,2026-09-04,172.63,USD,success,Wolt
T00000298,A000732,C000382,LT,credit,2026-09-04,308.26,USD,success,Spotify
